Area,DEMmean,NDVImean,SLOPEmean,rain_1months_mm,rain_3months_mm,tempMean_1M,temp_fire_C,windSpeedMax,windSpeedMean,temp_fire_C_2InitDays,windSpeedMax_2InitDays,windSpeedMean_2InitDays,duration,durationLog,random,Y
43,229.786041259766,5034.5,0.132228568196297,0.0873913923298062,0.179552785089193,21.8253464168972,21.1571999020047,3.41495275808404,2.58917757961686,21.0529031117757,3.41495275808404,3.1545413936806,3,1.38629436111989,5.84663082094927e-05,2.37490575457367
43,37.4774894714355,6775.5,0.268095344305038,0.0752363604545927,0.247696904716094,22.4889443182176,22.1283444722494,2.00641743103928,1.75693845130261,22.3226260503133,2.00641743103928,1.84502845796382,2.00001185185185,1.09861623927759,0.000113928724155943,2.66258387641597
43,957.521484375,3196,0.800189077854156,0.25875505823236,0.464661906163613,2.63885238401349,1.4137261072795,1.98711380330599,1.42429921127914,1.72273883819582,1.87110940604811,1.31118849937452,4,1.6094379124341,0.00015955476628271,2.15176220325946
43,1052.05053710938,2050.5,0.146027386188507,0.0184323314245418,0.0277536958648952,11.366215908912,9.23626013861769,2.29209401274611,1.19871141875327,9.25910275777187,2.29209401274611,1.44912094431498,3,1.38629436111989,0.00016122113027417,2.37490575457367
43,108.438705444336,4230.5,0.250739872455597,0.0252020120653178,0.0891772081022637,23.578938293457,31.2065766016643,2.59292260668329,1.99186641950395,31.2065766016643,2.59292260668329,1.99186641950395,1.99995259259259,1.09859648607411,0.000212955004010418,2.66260362961945
43,16.0916938781738,4914.5,0.0773651450872421,0.0577636369471257,0.178797147532137,16.5262610609814,20.2731204986572,2.94337077777187,2.94337077777187,20.7220397949219,5.55800804915098,4.25068941346143,1,0.693147180559945,0.000215034240518608,3.06805293513362
43,114.929138183594,2806,0.27371945977211,0.0491595802474407,0.0739467264237561,19.5611487494575,16.4450143602159,3.22041765913582,2.75297599041598,16.403505897522,3.22041765913582,3.03541386593651,3,1.38629436111989,0.000320703559981372,2.37490575457367
43,108.438705444336,5753.5,0.250739872455597,0.0816756669501366,0.186426415871754,23.1482703998524,27.3641874949138,1.93428565239025,1.93428565239025,25.7542921066284,1.93428565239025,1.32728124776107,1,0.693147180559945,0.000322287700102564,3.06805293513362
43,26.4011268615723,5291,0.0477909818291664,0.0244067172698266,0.0807474427268211,18.7477298941665,17.9665765126546,3.85947464355012,3.85947464355012,17.4714977900187,3.85947464355012,3.44931248503764,1,0.693147180559945,0.000367295387895594,3.06805293513362
43,191.630676269531,3155,0.431296318769455,0.0339219544054714,0.113820973509362,25.4621852013373,21.6046323140462,2.47433930558005,1.81502639890735,22.0679787953695,1.82611248802945,1.48536994557099,3,1.38629436111989,0.000371341884716769,2.37490575457367
43,95.6445541381836,4609.5,0.0948048904538155,0.0828423214150931,0.212506269215673,20.3078950034248,18.9340628941854,1.36100596836644,1.30398686987728,18.9340628941854,1.36100596836644,1.30398686987728,2,1.09861228866811,0.000404868748388743,2.66258782702545
43,529.551635742188,1904.5,0.890448689460754,0.131258870685599,0.3087230320202,-4.10990693980244,0.32645208570699,1.38105647957537,1.2811284795138,-1.08116664886472,1.38105647957537,1.35404870024537,3,1.38629436111989,0.00044500533639158,2.37490575457367
43,29.0244903564453,3665.5,0.123363927006721,0.0218366717520126,0.0596493593257961,23.2700433095296,22.2605684492324,3.51777126442719,2.08789046102513,21.8936302820842,1.61381487963459,1.3729500593241,3,1.38629436111989,0.00046905627803695,2.37490575457367
43,62.9316940307617,6269.5,0.0144709460437298,0.0417630016538588,0.226250727202352,24.8098840077719,25.1663162867228,2.18239436267258,1.98609176893031,25.1663162867228,2.18239436267258,1.98609176893031,2.99998814814815,1.38629139815254,0.000491405140498835,2.37490871754102
43,5.73349714279175,3874,0.0102448686957359,0.0729145283400072,0.137140913146208,17.3225191752117,12.9902635574341,2.54323773880551,1.82177415116889,12.9902635574341,2.54323773880551,1.82177415116889,2,1.09861228866811,0.000531415515196199,2.66258782702545
43,733.905883789062,4277,0.236483931541443,0.018596649847602,0.0348319695188621,24.1408027402816,24.1447783999973,1.42632431584595,0.748173488752452,24.0304370880127,0.632146510308749,0.409098075205702,3,1.38629436111989,0.00053207216719342,2.37490575457367
43,244.717987060547,2337.5,0.620499610900879,0.0200156127992273,0.0738169293496149,24.5327873441908,19.7566206614177,1.56572227844547,1.56572227844547,20.3874224980673,1.56572227844547,1.07072046525522,1,0.693147180559945,0.000543704860507366,3.06805293513362
43,814.988525390625,2823,1.36560428142548,0.0140993163342777,0.0169690714040271,22.0484049903022,14.4212531407674,1.63172825199126,1.47085605143718,14.4212531407674,1.63172825199126,1.47085605143718,2,1.09861228866811,0.000589301644460027,2.66258782702545
43,128.442077636719,5996,0.215201526880264,0.0298987524553382,0.20388666275575,26.1416538894817,29.9176994323731,3.2445028317416,3.12477528510056,29.9176994323731,3.2445028317416,3.12477528510056,2,1.09861228866811,0.000734471002140968,2.66258782702545
43,147.573837280273,4534.5,0.236266165971756,0.0313096879213361,0.188369370855167,25.9846981294693,28.5862490759956,1.28067711442907,0.851345075694551,27.6027694702149,1.28067711442907,0.74101964200408,3,1.38629436111989,0.000747615501725196,2.37490575457367
43,129.461944580078,4339,0.284483164548874,0.110570670717262,0.184898588697941,14.4095242818197,9.92208485073519,2.82202557284114,2.3576528384535,10.1839484532675,2.40300237544226,2.12546647125968,3,1.38629436111989,0.000776976998358769,2.37490575457367
43,4.71755886077881,3152,0.0143068507313728,0.0184794985742514,0.0443319714032171,17.4641818152534,15.3627191543579,3.16065310317784,1.93800956026922,15.3627191543579,3.16065310317784,1.93800956026922,2,1.09861228866811,0.000787670750492242,2.66258782702545
43,14.3679695129395,4637.5,0,0.0467615112444797,0.138267186615408,25.6238101097845,28.4531668980917,5.65538026130861,5.05448332838707,28.4531668980917,5.65538026130861,5.05448332838707,2,1.09861228866811,0.000827969925147665,2.66258782702545
43,69.6930465698242,3312.5,0.034379567950964,0.0157629672287634,0.141204143747665,27.3144956076017,25.5488445917766,3.7618294161397,3.38166706918217,24.9037195205689,3.07303975219774,3.01414543883483,4,1.6094379124341,0.000909880121260365,2.15176220325946
43,1203.68188476562,4572.5,2.61701655387878,0.196447219226705,0.354897186010742,5.76491896106359,8.60511519114181,1.09593645191177,0.924159420818525,8.60511519114181,1.09593645191177,0.924159420818525,2,1.09861228866811,0.000949855859006976,2.66258782702545
43,9.6218090057373,2683.5,0.0271799936890602,0.0296195872063159,0.0856902635323173,21.3028106156215,21.1061155954997,6.66492608988734,4.43910717194913,21.1061155954997,6.66492608988734,4.43910717194913,2,1.09861228866811,0.000978721163877094,2.66258782702545
43,393.277252197266,7734.5,0.346690326929092,0.0798121446566995,0.248496620727479,18.4214266787293,17.2461919148764,0.99034141850082,0.684250631611671,17.2461919148764,0.99034141850082,0.684250631611671,2,1.09861228866811,0.00105353581452239,2.66258782702545
43,13.7235670089722,6415,0.0301338061690331,0.0400959849386915,0.104438503393279,25.5086882683539,22.1091758304172,6.77477929693186,6.56500383690496,22.0555279413859,6.77477929693186,6.71739299733281,2.00004740740741,1.09862809101239,0.0011274883423873,2.66257202468117
43,1373.14453125,2915,0.0614587552845478,0.0108987433702339,0.0338663703348345,16.4045712542791,11.4778018951416,2.1551774920278,1.81363196455435,11.4778018951416,2.1551774920278,1.81363196455435,2.99996444444444,1.3862854721915,0.00120977552862456,2.37491464350207
43,651.526794433594,3492,0.395666360855103,0.0185776073050192,0.156547444909009,2.97693782236388,10.3107630835639,1.12445637702209,0.762620872865027,9.95996659596761,1.12445637702209,0.748611528501738,3,1.38629436111989,0.00125853389965769,2.37490575457367
43,41.5578918457031,6698,0.324353784322739,0.249411050668034,0.534938849949128,17.7642410490248,21.2142930984497,1.30157268670681,1.10780884861535,21.2142930984497,1.30157268670681,1.10780884861535,2,1.09861228866811,0.00128907632625697,2.66258782702545
43,428.007843017578,6111,1.16050899028778,0.271192486651518,0.729434791930842,10.5611213232881,13.9570720672607,1.20552714527621,0.688105235211164,14.0904667536417,1.20552714527621,0.826724309266014,5,1.79175946922805,0.00136331918444976,1.96944064646551
43,603.678833007812,3118,0.563145577907562,0.00187120252384432,0.0219282168981429,25.6348403889645,31.3887846628825,2.99333306463134,2.39351221207593,31.3887846628825,2.99333306463134,2.39351221207593,2,1.09861228866811,0.00140135584025358,2.66258782702545
43,1.3746999502182,5114.5,0.00471260491758585,0.000178678018638578,0.00078741685487671,28.1730428593134,28.5500452677409,2.07190637258157,1.35297960162819,27.8225948969523,1.35342916760444,0.993516216151501,3,1.38629436111989,0.00145219755408732,2.37490575457367
43,106.05525970459,4813.5,0.336684018373489,0.018829802203296,0.0762709912496149,23.9067650128436,28.2195214589437,2.5651967357293,2.44296248670857,28.2195214589437,2.5651967357293,2.44296248670857,2,1.09861228866811,0.00149848407185393,2.66258782702545
43,96.9767837524414,6129,0.156693324446678,0.0692348742777931,0.208516269378514,22.0795830196806,20.6025854746501,4.19161361706069,2.23989493252099,19.5320294062296,4.19161361706069,2.34443963706781,5,1.79175946922805,0.00152335720075414,1.96944064646551
43,274.880767822266,6138,0.495006322860718,0.110609533411306,0.119661317292248,20.8268409729003,17.1558842553033,2.91959489644182,1.98045959004045,17.598922665914,2.91959489644182,1.91475563246563,3,1.38629436111989,0.00153856450857981,2.37490575457367
43,1274.63525390625,2113,0.549331486225128,0.00828148161026832,0.100073098919736,22.0000330819025,23.8224093543159,2.75845487312862,1.68760234788485,24.0056520462036,1.63981998047611,1.15217608526296,3,1.38629436111989,0.00155945831448401,2.37490575457367
43,86.5538177490234,5162,0.164607614278793,0.0572772744965491,0.156566347740103,22.6499603059556,28.7235224405925,2.11213419747758,1.80091837572976,28.7235224405925,2.11213419747758,1.80091837572976,2,1.09861228866811,0.00156508231902042,2.66258782702545
43,97.2825241088867,3681.5,0.208267092704773,0.0066542567895489,0.0506502397645754,22.4332762154201,19.5054085413615,4.46162257233664,3.53161263769921,19.5054085413615,4.46162257233664,3.53161263769921,2,1.09861228866811,0.00161090578982248,2.66258782702545
43,58.7887535095215,5471.5,0.0412004701793194,0.0922620834123009,0.164978217061972,22.7697822488764,24.6397424697876,2.87650498860956,1.9817672838196,22.7223220825196,2.87650498860956,1.78079494294237,4,1.6094379124341,0.00167479073300969,2.15176220325946
43,324.594879150391,4959.5,0.419244319200516,0.0301685609706652,0.16111518100378,24.8659097897109,22.8490663528443,0.339061501937927,0.321029076743338,22.8490663528443,0.339061501937927,0.321029076743338,2,1.09861228866811,0.00173887300450637,2.66258782702545
43,58.6538619995117,6682.5,0.24326753616333,0.0763237105815051,0.298959416015755,22.8940239034673,22.5923324584961,2.38643954961824,1.95687668773989,22.3327000300089,2.38643954961824,2.27362851682542,3,1.38629436111989,0.00175152112588295,2.37490575457367
43,3.54922580718994,5038.5,0.0093042403459549,0.000668510834859859,0.00140146982220557,25.4420775307549,24.6547709994846,2.58146271620722,2.25784311819485,24.4323097229004,2.58146271620722,2.29034738589684,3,1.38629436111989,0.00182859356661458,2.37490575457367
43,282.105560302734,6793,1.27252173423767,0.00100470997993796,0.00125914624409873,24.6517313147104,22.188160832723,2.18744166037366,2.16050678612538,22.188160832723,2.18744166037366,2.16050678612538,2,1.09861228866811,0.00188352339673281,2.66258782702545
43,607.997497558594,1923,0.0865274369716644,2.83629887896097e-05,0.00102034350367219,30.6261989593506,29.9269197146098,5.91985442293627,5.22775023531793,31.0283097585043,5.91985442293627,5.91788359751617,4,1.6094379124341,0.00190917196239759,2.15176220325946
43,714.0498046875,6251,2.68002843856812,0.112971089113842,0.291398532272531,15.6607420815362,17.3341785430908,1.39175710006883,0.854062511527161,16.6423275629679,1.39175710006883,1.197990817731,3,1.38629436111989,0.00192547276387811,2.37490575457367
43,338.423522949219,662,0.0471154637634754,0.0640517948458523,0.110111124927791,-3.82265656173865,0.709599113464378,2.19488090573352,1.56725787219311,0.709599113464378,2.19488090573352,1.56725787219311,2.00003555555556,1.09862414044973,0.0019642128332511,2.66257597524383
43,27.0562591552734,5482.5,0.0350329801440239,0.074431773579839,0.126625755131531,24.8122697727654,15.6343850453695,4.01896971770535,3.1936813662797,15.7849060058594,4.01896971770535,3.18732846344446,3,1.38629436111989,0.0019791937291338,2.37490575457367
43,44.5922164916992,5208,0.0675132051110268,0.0602266181920186,0.222055841246622,20.9582454469469,24.5475994110108,1.65644507871029,1.65644507871029,22.9563321431478,1.82430264821536,1.74037386346282,1,0.693147180559945,0.00209803345287352,3.06805293513362
43,77.0868148803711,6485,0.0253293439745903,0.0537155937466451,0.268923475895985,23.8603286415018,26.4259086608887,3.09489953736448,2.01581345312512,26.0767529169719,3.09489953736448,2.76379566279541,4,1.6094379124341,0.00210959922931164,2.15176220325946
43,6.69237804412842,3286,0.0447568781673908,0.0100946636943391,0.103065532024889,23.3199510348741,27.2021690368653,2.47256139772074,1.46281546415999,27.2021690368653,2.47256139772074,1.46281546415999,2,1.09861228866811,0.00221034066975445,2.66258782702545
43,82.5786056518555,5035.5,0.0246829763054848,0.0999232488609323,0.231888739850827,18.0436699446811,15.4506097793579,2.00210326758628,1.72234632397208,15.4506097793579,2.00210326758628,1.72234632397208,2,1.09861228866811,0.0022123682839712,2.66258782702545
43,170.082641601562,4741,0.0793931782245636,0.0239201540430436,0.179621088603863,25.703408546858,23.0617176055908,1.58770067803177,1.45287483495685,23.0617176055908,1.58770067803177,1.45287483495685,2,1.09861228866811,0.00223490508660229,2.66258782702545
43,455.1494140625,3287,0.465958297252655,0.000528114387506662,0.0188348418433364,19.8562769148086,15.8156230926514,1.95032555096701,1.53594082931024,18.6893856684367,1.95032555096701,1.85517837999501,5,1.79175946922805,0.00225653195504449,1.96944064646551
43,3.07588505744934,5630.5,0.0110538471490145,0.0121729721550352,0.10883150645445,25.3667839501495,21.734604771932,6.88231474613775,5.72777984414713,22.4496583302816,6.88231474613775,5.67969988903179,3,1.38629436111989,0.00229582645893223,2.37490575457367
43,67.34326171875,3922.5,0.111472077667713,0.00586645486827564,0.136823835526734,25.6368988283219,24.4524131774903,2.50361988696121,2.04926054363168,24.586543973287,2.50361988696121,2.34844015445901,4.99995259259259,1.79175156796227,0.00241164652123915,1.96944854773129
43,42.4408912658691,3597.5,0.22529362142086,0.165616203416185,0.225657079874221,15.6024611360284,12.2487606896295,1.4135448975973,0.960824626072632,11.9593826293946,1.4135448975973,1.10910920072637,3,1.38629436111989,0.00242467523412138,2.37490575457367
43,3.42001676559448,3265,0.00931476801633835,0.0322922367431815,0.10349934616012,16.1162986543444,13.7804100672404,1.53929043544029,1.4015662403249,13.7804100672404,1.53929043544029,1.4015662403249,2,1.09861228866811,0.00256478727561815,2.66258782702545
43,53.5708389282227,7240,0.602643072605133,0.189273397021431,0.393311887535067,17.1234513388741,19.8313983917237,1.33386149911602,1.02475274360044,19.3278375625611,0.962403559921599,0.867734777594206,4.99995259259259,1.79175156796227,0.00258532942322398,1.96944854773129
43,35.5361061096191,4638.5,0.0547755695879459,0.0577505740150848,0.200714883814101,22.17512488895,24.3077803611756,3.4922000376199,2.68995532541469,25.6124263763428,2.91354640267897,1.95369193621185,4,1.6094379124341,0.00263441378048823,2.15176220325946
43,7.5049901008606,5203.5,0.00814926344901323,0.000282420782657056,0.000889541879789846,26.3288351906671,25.0950290256076,1.93598267789956,1.76130101524113,25.0622265497843,1.93598267789956,1.84364778573338,3,1.38629436111989,0.00264471566934499,2.37490575457367
43,1752.86767578125,1336,2.46381497383118,0.151056575914922,0.409438572929357,-0.868453682793472,1.40458768208828,0.305042768315584,0.171524142694303,1.40458768208828,0.305042768315584,0.171524142694303,2,1.09861228866811,0.00268661491438871,2.66258782702545
43,44.053768157959,3827.5,0.124462738633156,0.0297469285539478,0.163063432635976,25.123015997145,26.1693948109944,4.2678141456243,3.52452460087957,25.8326936721802,3.7254157953983,3.25264464789919,5,1.79175946922805,0.0026939126009119,1.96944064646551
43,50.6672286987305,3510,0.1209866553545,0.0726019823040218,0.151447770470146,16.3274986479017,14.1037275950114,2.72505005744894,1.7680973656366,13.6560967127483,2.72505005744894,2.09209614702156,3,1.38629436111989,0.00270923970591974,2.37490575457367
43,44.7953071594238,4911.5,0.102916017174721,0.0448888109535588,0.172115168195706,22.8609892527263,26.7051459842258,3.35446115585121,2.57793907620526,26.3365449269613,2.83670270657449,2.18967803638228,3,1.38629436111989,0.00271597051438965,2.37490575457367
43,93.19580078125,5934.5,0.155410975217819,0.0420691972064269,0.198139851593094,26.2732095902966,31.6230508168538,4.42108855601916,3.75599972581924,31.0646600087484,4.42108855601916,3.89196966378092,5,1.79175946922805,0.00274574221395796,1.96944064646551
43,52.9631881713867,6723,0.0326450802385807,0.0494733431043279,0.171606835383681,23.8580658170912,26.6789184570313,2.35884956764364,1.53956184173766,26.5230267206828,2.35884956764364,1.66252997244426,3,1.38629436111989,0.00275813726037943,2.37490575457367
43,3.06595373153687,4776,0.0348584428429604,7.4457052601673e-05,0.0390107479198534,25.0557803048027,24.6336621602377,1.46453456922896,0.791632309011901,24.5426469802857,0.521079620793837,0.443368453658422,4,1.6094379124341,0.00277079777880396,2.15176220325946
43,1124.2666015625,2551,0.100529670715332,0.0133674625703257,0.0847922016773097,19.4107687222059,17.7664918263753,2.94161774670567,2.54478580493863,18.7613696416219,2.94161774670567,2.39325091266779,3.99996444444444,1.60943080129771,0.00277874783192622,2.15176931439586
43,273.632141113281,2176.5,0.449285358190536,0.00423006997784725,0.0473474247569641,26.0434822246592,30.7062609354655,1.83423521204139,1.79176648443315,30.7062609354655,1.83423521204139,1.79176648443315,2,1.09861228866811,0.00281627896582948,2.66258782702545
43,56.8370895385742,3695,0.111610934138298,0.0140169683815685,0.0952165757356198,25.8066965000604,19.1985533396403,2.93927016270631,2.13559486230275,19.1985533396403,2.93927016270631,2.13559486230275,2,1.09861228866811,0.00282652781365067,2.66258782702545
43,764.443115234375,5580.5,0.108476065099239,0.0745175451548867,0.269264270762065,16.4829513262677,23.3543408711752,1.77340418278326,0.997647458666147,22.4195428848267,1.77340418278326,1.57203242744498,5,1.79175946922805,0.00287431673833305,1.96944064646551
43,90.3863143920898,2898,0.0753132849931717,0.0138284649962301,0.102862568928551,24.4707101883427,23.8815456390381,4.38947629843772,4.38947629843772,24.3569850285849,4.38947629843772,3.65969386448388,1,0.693147180559945,0.00288326332699396,3.06805293513362
43,649.374206542969,5405,0.694810390472412,0.00368022269795532,0.108382201293846,23.1642707783689,20.8424542109171,1.94932190735905,1.87415337893001,20.8424542109171,1.94932190735905,1.87415337893001,2,1.09861228866811,0.00289041130027512,2.66258782702545
43,8.40833854675293,3138,0.0173338875174522,0.0414806096177749,0.0799541415447749,15.7420000924005,15.563457107544,2.30144660803737,1.32223291470858,15.7971667607626,2.30144660803737,1.49131744639487,2.00003555555556,1.09862414044973,0.00292364859744731,2.66257597524383
43,154.679275512695,5966,0.105259358882904,0.0319692334563975,0.0944426782527295,24.0986092249553,26.6988504621717,2.48577305744299,2.13281287814862,25.9915478388468,1.96279607551415,1.95633278850143,3,1.38629436111989,0.00303789906652707,2.37490575457367
43,631.751586914062,3329,0.523083448410034,0.00338574565518002,0.0419912355704675,17.2428251902262,14.182575056288,1.49891717594438,1.38459341486001,14.6611604054769,1.49891717594438,1.36099198840358,3,1.38629436111989,0.00314136836146806,2.37490575457367
43,89.1087188720703,4735,0.11448609828949,0.0398483022829019,0.123973054025114,24.7302082307878,25.8877826690674,1.29500333523601,1.29500333523601,26.6984919865927,1.6899934078692,1.49249837155261,1,0.693147180559945,0.00315122611206997,3.06805293513362
43,340.599182128906,5134.5,0.291462898254395,0.0603451692691515,0.11190830867006,9.3765131304342,13.0453203413222,3.13078386042338,2.28211624473531,13.544437344869,3.13078386042338,2.68520612837995,3,1.38629436111989,0.00315262867495369,2.37490575457367
43,139.132507324219,3603,0.140373632311821,0.00292518925014207,0.113864775537152,27.7644334157308,24.6058422088623,3.20320263028593,1.73356266590289,24.1138483047486,3.20320263028593,1.70499424831268,3,1.38629436111989,0.00317133865853003,2.37490575457367
43,44.9662666320801,4769,0.0258667133748531,0.0420127794352716,0.177210048595452,20.6308159510295,27.307124710083,2.88518372100283,1.88481877800434,27.2859687169394,2.88518372100283,1.69609531831569,3,1.38629436111989,0.00324659372414371,2.37490575457367
43,5.61299610137939,4586,0.00844733882695436,0.089028349846906,0.226723060248858,10.1753935947212,13.0263827006022,3.84491818601634,2.7515847046284,13.0263827006022,3.84491818601634,2.7515847046284,2,1.09861228866811,0.00324973924067085,2.66258782702545
43,852.577941894531,2357.5,0.240633755922318,0.0711305042180399,0.121034457733291,19.0155338861609,14.3473487854004,3.60996126571702,1.73215539536845,12.8047281265259,3.60996126571702,2.8888738142387,4,1.6094379124341,0.00329015653070486,2.15176220325946
43,81.8876190185547,4697,0.203880429267883,0.0661204903203192,0.243798141617116,23.4916086620755,24.8977072397868,2.08361372306694,1.70789852307617,23.8507378260295,2.08361372306694,1.99372989087559,4,1.6094379124341,0.00330491230480112,2.15176220325946
43,58.7424583435059,6165.5,0.394143432378769,0.128854264503119,0.204704368670988,22.1999930063885,24.1630512237549,2.40701990347645,1.9870488428778,22.9838094075521,2.40701990347645,2.2479359828871,3.9999762962963,1.60943317168212,0.00336511430418229,2.15176694401144
43,324.594879150391,6142,0.419244319200516,0.0847055704981052,0.237031192245247,22.5621020901588,22.807709312439,3.40942343419539,2.12963946794853,21.3803866068522,3.40942343419539,2.15825448830277,4,1.6094379124341,0.00346291202600013,2.15176220325946
43,32.4283676147461,4878.5,0,0.0520251401163669,0.108202452907957,24.75364380293,22.2223576863607,4.90954259852795,4.8124552644174,22.9003187179566,4.90954259852795,4.86459209873699,3,1.38629436111989,0.00346969732587443,2.37490575457367
43,357.378387451172,6643.5,1.90167331695557,0.175541501436346,0.515903981382827,7.26814440772654,10.0327448209127,1.49072392678349,0.810278348675802,10.8139778137207,1.49072392678349,1.007492537343,4,1.6094379124341,0.00348298373536715,2.15176220325946
43,246.879516601562,3021,0.112734764814377,0.0231209775030692,0.0250512252481556,24.5794842825997,21.8770627339681,2.86491934633986,2.56096214606788,22.0735733668009,2.86491934633986,2.84039675568569,3,1.38629436111989,0.00371708314704933,2.37490575457367
43,743.770751953125,4287,1.04998385906219,0.0222825171480814,0.0326561229783167,25.7106143459197,23.4360716501872,0.620677535959443,0.596289874154182,23.4360716501872,0.620677535959443,0.596289874154182,2,1.09861228866811,0.00375535750346445,2.66258782702545
43,39.2518501281738,5240,0.0778708532452583,0.067021809539046,0.163963032523167,20.9767170800104,27.0957186381022,4.29395503603924,3.51252434862214,27.1025100708008,4.29395503603924,4.26944457884453,4.00003555555556,1.60944502351993,0.00385215690596219,2.15175509217363
43,1017.49291992188,1879.5,0.353810399770737,0.000667655966783087,0.0101315602999996,21.3027442686019,20.9804516262478,4.52243685866572,3.99116058748022,21.1650364557902,4.52243685866572,4.30067842902647,3,1.38629436111989,0.00386479591189848,2.37490575457367
43,4.25896263122559,5325,0.00734670460224152,0.000223198257117474,0.00110462270277978,26.9015642473775,24.1177221298218,2.50208171239459,1.98559548433555,24.1079997380575,2.50208171239459,2.13311231324892,3.00001185185185,1.38629732407846,0.00387791408888205,2.3749027916151
43,8.71502017974854,3268.5,0.0471017397940159,0.063861458396115,0.137169169372257,23.8938089678364,22.1277503331502,2.60133294294118,2.56144648301284,22.1277503331502,2.60133294294118,2.56144648301284,2,1.09861228866811,0.00388125981392451,2.66258782702545
43,23.7047519683838,5068,0.182188332080841,0.0308360791777886,0.230032176533665,21.8601132710776,25.343382136027,4.39712428792146,4.02249519532457,25.343382136027,4.39712428792146,4.02249519532457,2,1.09861228866811,0.00390175220719668,2.66258782702545
43,206.639358520508,5704.5,0.514731168746948,0.0107234162319578,0.173406152089541,26.0793569140965,31.896591228909,2.31553068899112,1.32695953905883,31.6983982086182,0.976292557920402,0.832673964092687,3,1.38629436111989,0.00400780212171026,2.37490575457367
43,18.1238842010498,3825.5,0.0820013508200645,0.0479834785625854,0.0666035874065294,20.8478627098931,20.5770414564345,3.65022338628999,2.87576531100687,20.6496187210083,3.65022338628999,3.50432690249469,3,1.38629436111989,0.00402958294325306,2.37490575457367
43,320.945129394531,6591.5,0.705576241016388,0.0265453495488046,0.0917028606195451,17.3920634587606,12.0642721811931,2.51974583337342,1.97734913385645,12.6716260274251,2.51974583337342,1.7914940288379,3,1.38629436111989,0.00406077599003885,2.37490575457367
43,0.690246999263763,4422,0.00380460335873067,0.00824197618971212,0.0996603178295388,25.0131148963845,19.6674382527669,7.55727844662565,5.3331706899207,21.0216365814209,4.25584035131395,4.049518468481,5,1.79175946922805,0.00407210110076772,1.96944064646551
43,34.4679374694824,5584,0.0381935574114323,0.0200874355924832,0.117880673884091,24.7473289612801,27.4576265970866,3.6782787931259,2.48937197359021,27.1219402313233,3.6782787931259,3.1189844766779,3,1.38629436111989,0.00410354033413718,2.37490575457367
64,96.9746475219727,5324,0.279008239507675,0.0259324867243294,0.151011622349284,25.636741420787,27.2866025288899,5.75061144520017,2.53499100947014,28.0350573221842,1.61077083958218,1.27278211586056,4.00001185185185,1.60944028280166,1.42099250667327e-05,2.54944280055801
64,61.8062515258789,6523,0.537747502326965,0.0285673122101926,0.105331187678402,22.1206936867006,17.4933080037436,1.19748867536391,0.793041630352211,17.4933080037436,1.19748867536391,0.793041630352211,2.99995259259259,1.38628250919781,0.000137242060610276,2.77260057416187
64,76.5277099609375,5486,0.231833681464195,0.0673700438286033,0.246023053506249,25.0056453294652,27.3090589205424,2.21840563803831,1.72436322990728,26.1371061960857,1.32510879595834,1.23916780579139,4,1.6094379124341,0.000154669408539032,2.54944517092557
64,9.09593963623047,4919,0.0110196433961391,0.0232505190896291,0.101975333675352,21.878746451101,17.6000092188518,5.59595101133088,3.16667752396976,18.8741858164469,1.33295531610126,1.12831367698393,4,1.6094379124341,0.000237313143374052,2.54944517092557
64,3.67335557937622,3982.5,0.00975323747843504,0.027203643320906,0.11586811721239,18.8610532972548,17.5261771837871,2.38526395605684,1.73902681251368,18.2758537292481,2.38526395605684,1.52526046378125,4,1.6094379124341,0.000380593791878048,2.54944517092557
64,38.5783996582031,4786,0.260237485170364,0.0203166698695405,0.106982358975941,24.4477753875078,27.3415186564128,4.03041725855146,2.33801200629229,29.5849592844646,2.48798904188833,2.02810897160342,6,1.94591014905531,0.000380788735868443,2.21297293430436
64,20.7845783233643,3780,0.0577791556715965,0.0197504442046252,0.116210921404992,25.3947430716621,27.6177011489868,4.83754168865191,3.09495698416077,28.913630104065,2.87567888479453,2.78604107176281,4,1.6094379124341,0.000489141886293454,2.54944517092557
64,96.9746475219727,6065,0.279008239507675,0.0503171556543407,0.198466985055809,24.1662127053867,23.3906483544243,2.18835862731923,2.0225086314367,24.37938524882,2.18835862731923,2.09872567635038,3,1.38629436111989,0.000554175781848909,2.77258872223978
64,98.4669570922852,2848.5,0.0829474776983261,0.0477092391450284,0.154450582709387,23.9368596723002,26.6130144755046,1.87436142971639,1.87436142971639,26.8072353363037,2.8962077561448,2.3852845929306,1,0.693147180559945,0.000605178020840813,3.46573590279973
64,150.916839599609,5974,0.092465415596962,0.0401359031103183,0.190231011634836,20.6670696258545,23.085824584961,2.29826127446151,1.99440370794798,22.5966529210409,2.29826127446151,2.01355069308237,3,1.38629436111989,0.000608517971149136,2.77258872223978
64,51.0355262756348,4145,0.124113894999027,0.012635693964679,0.142919830077794,21.5751712224817,19.9931665420532,3.2183230568941,3.13966785537626,19.9931665420532,3.2183230568941,3.13966785537626,2,1.09861228866811,0.000634771045815663,3.06027079469156
64,141.097579956055,4228,1.85119211673737,0.0581060522935957,0.11304530923065,23.2904968959029,18.7767848332723,1.68728802138463,1.13005134221183,18.516382153829,1.68728802138463,1.40873495859624,4,1.6094379124341,0.000782318207912081,2.54944517092557
64,147.805053710938,4635,0.264734119176865,0.0320621929658529,0.14987975206887,26.6269951974193,20.1669202804566,2.21170920941854,1.39112886899629,18.3361119588216,1.78028505440023,1.33388400285419,4,1.6094379124341,0.000798757529806626,2.54944517092557
64,54.1364059448242,4382,0.285364627838135,0.0795325947223873,0.285960398791822,21.1143529830441,25.650391515096,1.60126176440492,1.59252301420096,25.650391515096,1.60126176440492,1.59252301420096,2,1.09861228866811,0.000859794107106793,3.06027079469156
64,19.8210220336914,3570.5,0.0259160902351141,0.017033420123763,0.0601196319574235,26.9729136272144,26.1893751780192,4.37837319810973,4.37837319810973,27.5965120951335,5.88292687403718,5.13065003607346,1,0.693147180559945,0.000865308228257589,3.46573590279973
64,67.9556732177734,4179,0.135968893766403,0.0373502101466698,0.088729063921555,24.9535207317722,23.8218697865804,4.00979875607985,2.70545962104651,23.9980833689372,4.00979875607985,2.85203872394561,3,1.38629436111989,0.000888467850907126,2.77258872223978
64,17.765754699707,2937.5,0.0639246553182602,0.0135795599633006,0.0602353185288997,23.8910580378707,21.5462127685547,1.94094088037115,1.43892470757939,21.4893626530966,1.77254092921012,1.18791662118351,3,1.38629436111989,0.000936456162596522,2.77258872223978
64,74.0281753540039,5957.5,0.801952481269836,0.0879726617904133,0.202521072148983,26.0123082724951,25.0336598714193,1.96119419999883,1.39902031050745,24.6121161142985,1.13302524723198,1.04440973612648,4,1.6094379124341,0.000987919725894737,2.54944517092557
64,44.2267456054688,6732.5,0.0552137345075607,0.0659679362572021,0.169827235272152,23.6644722832573,23.1218105316162,1.25003089602708,1.25003089602708,23.6449657440186,1.33317408234866,1.29160248918787,1,0.693147180559945,0.00110466415406263,3.46573590279973
64,98.608024597168,3096.5,0.181985914707184,0.0429915570567978,0.0992476600711214,25.4711520984609,28.2598706245423,5.789859559346,5.03214902815737,27.3024246851603,4.8024658572952,4.27899661920382,4,1.6094379124341,0.00110663544914935,2.54944517092557
64,213.865737915039,3407,0.182539477944374,0.0166490724112869,0.0778632033219431,23.1139051457887,26.2363037957086,2.2288215509519,1.49825640237583,27.025368309021,1.25723570904646,1.1329738280878,3,1.38629436111989,0.00126664045028912,2.77258872223978
64,13.7235670089722,4268,0.0301338061690331,0.0661370037962961,0.106199991968591,14.6797167460123,11.3191343307495,3.3979097300477,2.44133300750004,11.3191343307495,3.3979097300477,2.44133300750004,2,1.09861228866811,0.00129985405589861,3.06027079469156
64,189.992385864258,4919.5,0.472614169120789,0.0478213880953682,0.21812480446809,23.2408041636149,18.8316033045451,1.54423414345169,1.50402100061638,18.8316033045451,1.54423414345169,1.50402100061638,2,1.09861228866811,0.00134361987284737,3.06027079469156
64,5.40250492095947,4621.5,0.0225366689264774,0.0149918937730114,0.16602339627396,21.3803254281322,25.8743678622776,2.61417085066634,2.05451644079359,25.245147005717,2.09891037430837,1.90055425089793,6,1.94591014905531,0.0013487017427205,2.21297293430436
64,43.0508460998535,4267.5,0.103886343538761,0.0397224262562936,0.180053070941948,20.318934440613,25.7414852142334,1.5234328021322,1.5234328021322,26.1556790033976,1.95988830573507,1.74166055393363,1,0.693147180559945,0.00136191509522021,3.46573590279973
64,500.701110839844,2393.5,0.438603818416595,0.00856877243998611,0.0101712520705348,24.0125303453015,20.3678178151449,2.28557183490301,2.28557183490301,20.2260484059652,2.28557183490301,1.45214477029424,1,0.693147180559945,0.00138363498070004,3.46573590279973
64,113.633941650391,5353,0.356189340353012,0.0724581099918673,0.173472095078203,22.6197244008382,24.3827005386353,5.30453627395111,2.59363389495346,24.1572964350382,5.30453627395111,3.21614108303057,6,1.94591014905531,0.00144996713177103,2.21297293430436
64,22.4605808258057,2716,0.268541097640991,0.0440973672310925,0.142554752158897,2.61990236554834,8.18602727254233,4.29003776803044,2.99103639333682,6.92010936737063,2.31076788951201,2.11979711768974,5.0000237037037,1.79176341983754,0.0014630970032985,2.36711966352214
64,2.2920618057251,5528,0.00446347845718265,0.0324609890406578,0.127946482613059,25.0544868264147,27.3854344685873,4.16500794076844,3.77104712544956,29.2699647903443,4.1564964295377,3.73867147703419,5,1.79175946922805,0.00149839707889698,2.36712361413162
64,86.9910278320312,5683.5,0.0315301604568958,0.0566820966033248,0.21106090909603,25.7636869574106,23.1599937438965,3.20683801071024,2.86209343616714,23.1599937438965,3.20683801071024,2.86209343616714,2,1.09861228866811,0.00150244951316181,3.06027079469156
64,87.6133041381836,6359,0.0595719218254089,0.0278194477643083,0.204683308199339,25.7116080390083,27.1555229187012,1.53892581877067,1.53892581877067,27.7260709762573,1.53892581877067,1.28977902737591,1,0.693147180559945,0.00153978839460289,3.46573590279973
64,202.983215332031,3518.5,0.18443788588047,0.00426059563888259,0.0852344209835891,22.729742664761,20.0049010276795,3.26225528414601,2.86395869004652,19.695498085022,2.84197365731817,2.74929233145047,4,1.6094379124341,0.00157672830458733,2.54944517092557
64,681.658203125,1802,0.375370979309082,0.00211343242587958,0.00254623942041121,27.2009934743246,22.8387890285916,2.46395561383482,1.3355872743803,23.4883237838745,0.878680253100729,0.771403104653039,3,1.38629436111989,0.00167917027301956,2.77258872223978
64,11.6449947357178,4419,0.126317784190178,0.0121196339924268,0.122640065593426,22.0240122354159,20.3917658487956,2.6639429572622,2.10465669989101,19.8489194869995,2.2031963390149,1.82501357120541,3,1.38629436111989,0.00169281055644854,2.77258872223978
64,24.7636394500732,4591,0.11445564031601,0.05228900762474,0.173286706963562,20.8092501958212,27.2268367767334,3.02150158131321,3.02150158131321,27.3415920893351,3.02150158131321,2.10272744717077,1,0.693147180559945,0.00183432739362677,3.46573590279973
64,141.230209350586,5992.5,0.377914696931839,0.0494967688075683,0.151335300987895,22.8124891383674,23.5309485753377,2.02468845271318,1.91441128354637,23.5309485753377,2.02468845271318,1.91441128354637,2,1.09861228866811,0.00190974863297599,3.06027079469156
64,8.16184234619141,4476,0.0146941589191556,0.00966465693260687,0.139876627173464,27.0038536112796,29.8954824235705,5.10713238467328,3.60762961805538,29.4861049016317,3.41787740073395,2.85787823474642,3,1.38629436111989,0.00193994555850618,2.77258872223978
64,636.943542480469,1799,0.579468369483948,0.000150411430144715,0.0255673793620268,30.3280882729425,31.210029856364,1.77632714367784,1.77632714367784,31.4369016647339,2.01035118168013,1.89333916267899,1,0.693147180559945,0.00202271345380345,3.46573590279973
64,4.50167417526245,3667,0.00967978872358799,0.0249882955856542,0.175118255957226,14.4333383984037,13.154396947225,3.82044276561726,3.49606752280803,13.154396947225,3.82044276561726,3.49606752280803,2,1.09861228866811,0.00202609315499047,3.06027079469156
64,60.2762222290039,4895,0.0440270267426968,0.0497085819146754,0.127679695015871,20.5169446309407,24.5308490753174,3.32683679955632,2.3062075523744,24.5099909464518,3.32683679955632,2.45241796279968,3,1.38629436111989,0.00207629184929603,2.77258872223978
64,28.3437614440918,3675,0.112205989658833,0.0238147733367668,0.0676821425638394,24.6109321806166,24.0189960161845,4.58265124087784,3.79720842355633,22.9717565536499,4.58265124087784,4.50439992664126,4,1.6094379124341,0.00232828564573095,2.54944517092557
64,161.535507202148,5149,0.139675185084343,0.0274396244234296,0.110136972004728,23.440594363469,27.4020350138347,1.92014418125417,1.92014418125417,27.8347440719605,1.99711430598091,1.95862924361754,1,0.693147180559945,0.00233903932850177,3.46573590279973
64,79.1269683837891,2980,0.00749841006472707,0.015316650594098,0.0462064235548496,13.8635935096331,10.785526529948,3.96177535136426,2.38794763794833,11.6196104049683,1.98448513115198,1.76110448433732,6.00003555555556,1.94591522840749,0.00237796751758823,2.21296785495218
64,171.932983398438,2417,0.213123515248299,4.885955808831e-05,0.111320412926805,27.1664225684272,25.7513847774929,4.29809112301577,2.46786865119401,24.8492465972901,4.29809112301577,3.00660627060805,2.9999762962963,1.38628843517641,0.00240086313390242,2.77259464818327
64,124.407295227051,6528,0.415878713130951,0.0573611599977539,0.1715048208914,22.5826919343737,20.633804151747,4.76293444025566,3.59031764719768,20.0578221638997,4.76293444025566,4.28540025356353,3,1.38629436111989,0.00244925411742192,2.77258872223978
64,22.4941291809082,3035,0.0739971995353699,0.0268572989568412,0.0645969060877434,24.9418353822497,23.5066070556641,5.74930834044515,2.7957455514904,25.2272910435995,5.74930834044515,3.3061452138955,5,1.79175946922805,0.00246613601621704,2.36712361413162
64,1007.22106933594,2971.5,3.57546973228455,0.105020340594042,0.323128683086001,0.162127067929248,5.19698184331264,1.31156922321155,0.82052275702024,3.06264743804934,0.781722464651585,0.655791395847068,4,1.6094379124341,0.00247720646688199,2.54944517092557
64,97.9653472900391,6284,0.0150670763105154,0.046145774793299,0.249249300308996,23.7036671464161,19.5195753733317,4.87081290600773,4.87081290600773,19.8152630488078,4.87081290600773,3.42948140830497,1,0.693147180559945,0.00248143953141378,3.46573590279973
64,44.9587516784668,6212.5,0.178251653909683,0.0883363733246867,0.188917241296547,21.984509999265,24.0307403564453,3.63700567266977,3.63700567266977,24.5798129399618,4.73528602949016,4.18614585107997,1,0.693147180559945,0.00250108688793105,3.46573590279973
64,2.10748839378357,3514.5,0.0272146873176098,0.00266936824897002,0.0227310403976055,26.4887664425759,24.4342978159587,3.07047898799805,3.07047898799805,24.9040402730307,4.87307685730073,3.97177792264939,1,0.693147180559945,0.00252749161002819,3.46573590279973
64,1029.0283203125,1918.5,0.252245187759399,0.00034694235902677,0.0177985638678813,21.8120771715718,21.6859241485596,1.8648687977465,1.6559497661913,21.6859241485596,1.8648687977465,1.6559497661913,2,1.09861228866811,0.00253022602003383,3.06027079469156
64,252.043640136719,2899,0.12074513733387,0.0152588911044838,0.0911628567138081,23.5835728265906,22.7111575232612,3.55864181322659,3.32092552790277,21.9748741149903,3.55864181322659,3.32361125649591,3,1.38629436111989,0.00258194930080213,2.77258872223978
64,42.0754051208496,6758.5,0.488637536764145,0.0229953044821904,0.0685420710221116,27.6205908949657,25.029810444514,2.5161690866402,1.07551081588241,24.6266672770182,2.20071703661099,1.62579390562113,8,2.19722457733622,0.00259446244726336,1.96165850602345
64,57.2550010681152,5888,0.0318857207894325,0.0311727269304427,0.20003789422146,17.9633580976916,19.7326622962952,3.28423035214273,2.23175924885251,20.6911935170492,3.28423035214273,2.53566466683989,4,1.6094379124341,0.00265855527553294,2.54944517092557
64,1592.52880859375,3470,0.682838261127472,0.00387877821612648,0.016183809311535,18.3932202233209,15.6753033955893,0.921017117708592,0.919695814172962,15.6753033955893,0.921017117708592,0.919695814172962,2,1.09861228866811,0.00266168207499951,3.06027079469156
64,19.6487846374512,4745.5,0,0.0863811712313804,0.23403365771809,22.3739134258694,26.6897206200494,6.15876218116681,5.29160138116897,25.9844470977783,5.28786165982034,4.85802098117005,3,1.38629436111989,0.00273476733207034,2.77258872223978
64,54.2978210449219,3877,0.189768299460411,0.0414145426368542,0.12407644765867,21.0312717437744,21.9788038889567,3.41453933007109,2.54718907284859,21.9788038889567,3.41453933007109,2.54718907284859,2,1.09861228866811,0.00277591993888526,3.06027079469156
64,499.403381347656,2194,0.680767178535461,0.000262459197145404,0.0216141244530625,25.8910240542504,26.2547633277046,3.79495368876741,3.24301909273323,25.9323834737142,3.79495368876741,3.54819687912948,3,1.38629436111989,0.00280652810746174,2.77258872223978
64,72.2460708618164,5358.5,0.0293272566050291,0.0194574767080304,0.139230564388345,22.6973057900706,24.500825712416,2.69146770259876,2.23674789578582,23.7639661788941,2.29094379288904,2.00938799237935,2.0000237037037,1.09862018987146,0.00283323854796458,3.06026289348821
64,60.4588394165039,2785.5,0.072655662894249,0.0394361374534355,0.0769676968536572,24.1116591771444,22.3391414642334,3.78168437681679,3.78168437681679,22.8148555119833,4.59970008449617,4.19069223065648,1,0.693147180559945,0.00287320919485168,3.46573590279973
64,986.648010253906,5094.5,0.727876424789429,0.0537613168277069,0.106433155325288,15.614582739936,13.6378888448079,2.56449443263375,2.56449443263375,14.3155135472616,2.56449443263375,1.5759011933098,1,0.693147180559945,0.00295666896167368,3.46573590279973
64,135.073104858398,4938.5,0.130732163786888,0.0492499146460226,0.234064365610458,25.2114813896917,25.4906352996826,3.26712659906705,2.58248667705122,24.6839929580689,3.26712659906705,3.07076325895911,5,1.79175946922805,0.00305268393200187,2.36712361413162
64,217.888656616211,3468.5,0.400043725967407,0.0102879861583141,0.0366620694611655,27.9400910271539,23.2946907043457,1.68159197305784,1.68159197305784,23.8561934789022,1.72844551489479,1.70501874397632,1,0.693147180559945,0.00313256323268329,3.46573590279973
64,215.892822265625,6148.5,0.0879670083522797,0.0281579802796337,0.194169155604612,23.2243009464715,25.135270690918,3.3371533498453,3.3371533498453,25.4847414652506,3.3371533498453,2.09385364398431,1,0.693147180559945,0.00321940511010843,3.46573590279973
64,59.649974822998,6031,0.0464598573744297,0.0450848833621436,0.189431056566885,19.4969229380291,20.7634098688762,4.34392530759372,2.61336123175612,20.3479740778606,4.34392530759372,3.53892880851836,6,1.94591014905531,0.00324196161151535,2.21297293430436
64,31.4902381896973,4786.5,0,0.0344367594662884,0.0727830669471707,21.034173358384,18.7419444613986,6.88499864128387,5.49771865435823,19.0727233250936,6.88499864128387,5.9456259914935,3,1.38629436111989,0.00326573102952232,2.77258872223978
64,246.879516601562,2993.5,0.112734764814377,0.0165537161536626,0.0175367772591386,24.9747342222481,19.648796971639,2.97644843251198,2.97644843251198,20.6352643330892,2.97644843251198,2.90645442515709,1,0.693147180559945,0.00329056421769847,3.46573590279973
64,7.61950349807739,6174,0.0407032668590546,0.0278108844566773,0.102929585285437,18.7171858797792,21.8746506796943,5.54166072280737,2.93630272760965,22.2277399063111,4.81629138787142,3.55315912187814,6,1.94591014905531,0.00337887285117722,2.21297293430436
64,165.254440307617,4595.5,0.234492689371109,0.0480883826049698,0.287907376538094,19.0246415244209,16.3667961120606,2.57997461921603,1.3497365076565,17.545658047994,0.826497291400401,0.671704921295622,4,1.6094379124341,0.0034417247849744,2.54944517092557
64,122.160415649414,4833.5,0.208195388317108,0.0471718583301595,0.190462389398657,24.3626962449816,25.1835968653361,4.10884192439915,3.75288663367545,25.1397087732951,4.0278938333455,3.97412347258115,4,1.6094379124341,0.00345321411509636,2.54944517092557
64,55.887092590332,4662.5,0.127278327941895,0.048950717143061,0.180683048379205,25.399895030196,27.1545310974121,1.50242202901041,1.48891650645275,27.1545310974121,1.50242202901041,1.48891650645275,2,1.09861228866811,0.00347893503519681,3.06027079469156
64,121.541862487793,2592.5,0.147979483008385,0.0035259765154656,0.0652593049166263,25.5822288725111,29.64541015625,0.730483188148695,0.730483188148695,29.0750906626383,2.74842579539843,1.73945449177356,1,0.693147180559945,0.00364432242617307,3.46573590279973
64,127.08861541748,5860,0.0706087872385979,0.052114850752254,0.27317094966752,21.6405490834226,22.064184443156,3.2375579712916,3.2375579712916,21.7417474746704,3.2375579712916,3.15749072970457,1,0.693147180559945,0.00367044015967188,3.46573590279973
64,116.588653564453,4347,0.269896060228348,0.0309032806525629,0.140668460423736,19.6273442162408,23.2699403127035,3.57724184863774,3.57724184863774,23.7189912160238,3.57724184863774,3.54868729179733,1,0.693147180559945,0.00378958927265671,3.46573590279973
64,203.200042724609,3549.5,0.34630486369133,0.0304112807326149,0.0728184739049311,23.0356640231225,14.2766796112061,4.12665921264393,4.12665921264393,13.6504805246989,4.12665921264393,3.78655411285875,1,0.693147180559945,0.00381597115801013,3.46573590279973
64,769.148620605469,1358,0.13994525372982,1.97217075488254e-05,0.00178666190243959,29.0884765201145,28.7391696929932,2.05649008074299,2.05649008074299,28.4076044718424,2.2560647498125,2.15627741527774,1,0.693147180559945,0.00386955912314313,3.46573590279973
64,40.5405082702637,5260.5,0.0320364497601986,0.0208336486272422,0.12146574490713,23.4631125624463,28.1755043029785,3.55731723881778,2.18356398160989,28.0571599960327,2.326582597221,1.88857854791786,5,1.79175946922805,0.00391364782077208,2.36712361413162
64,18.8222503662109,5089.5,0.109566584229469,0.0280765896128905,0.134033133887367,26.5032268113988,30.0619744618734,2.34461854624029,2.30326657638365,30.0619744618734,2.34461854624029,2.30326657638365,2,1.09861228866811,0.00406514869871,3.06027079469156
64,455.1494140625,3969,0.465958297252655,0.0320886532316464,0.0656243885062153,20.7098787451303,18.3772545814514,1.50640804992125,1.10824189229239,17.4910306294759,1.50640804992125,1.41818453956675,4,1.6094379124341,0.00407332195264631,2.54944517092557
64,38.4196510314941,3875,0.165401771664619,0.111390831964211,0.145206284788568,22.2585470411512,19.8563190460205,0.265751074322102,0.265751074322102,19.5929787317912,0.275270762888292,0.270510918605197,1,0.693147180559945,0.00411727029154352,3.46573590279973
86,37.9961280822754,5217.5,0.0545691400766373,0.0385645170424596,0.159089777627962,20.7114491144817,25.330821355184,3.2795207012993,2.27549149995693,23.457837677002,3.2795207012993,2.7187020697243,5,1.79175946922805,2.75545997551196e-05,2.66258782702545
86,113.733909606934,6673,0.0938060656189919,0.0499872756231703,0.19057723697037,23.6073137283326,30.2735742886862,2.21953355299638,1.68663105572446,30.9452243804932,1.58702452039841,1.38235286044211,4,1.6094379124341,5.6457078176253e-05,2.84490938381941
86,84.3059158325195,6305,0.0258556306362152,0.0423809546942238,0.291701874534152,23.4251345029441,24.7016253153483,4.77460339350074,2.58575343116849,26.3908922831218,1.32974579041179,1.27656474084535,5,1.79175946922805,7.55064787687498e-05,2.66258782702545
86,500.701110839844,2035.5,0.438603818416595,0.000475703694515772,0.0491459451473517,25.6779603117257,25.6852340698242,2.83815830933376,2.04535670477138,24.4551661173502,2.48974785279482,1.89325797171104,5,1.79175946922805,0.000173047992298558,2.66258782702545
86,7.37018728256226,4874,0.0300742592662573,0.00604359200820781,0.0369035361629884,28.4480943249118,27.6152974128723,1.37379610681982,1.1218998468705,27.2448373794556,1.21564983120124,1.134028399617,4,1.6094379124341,0.000246325040425543,2.84490938381941
86,73.8174133300781,5993,0.0370893701910973,0.0452735473784784,0.173573299696105,20.4599380780292,18.7703988029843,3.21109038093344,2.04181603733741,21.38289381663,3.09776958183572,2.42635482245516,7,2.07944154167984,0.000259389885539862,2.37490575457367
86,17.1889572143555,4736.5,0.208955347537994,0.11646284267243,0.196157559728292,18.8883539507466,18.6985765457154,2.79746611601174,2.21845019642652,18.6985765457154,2.79746611601174,2.21845019642652,2,1.09861228866811,0.000313898011917169,3.3557350075854
86,1532.27905273438,2303,0.37038442492485,0.0275955934259535,0.0325049644342243,15.7710117504161,13.0343361854553,3.54599553931733,1.80098757203179,11.0715798695882,3.54599553931733,2.8091330269599,4.00004740740741,1.60944739387063,0.000437828938675056,2.84489990238287
86,171.932983398438,2866,0.213123515248299,0.000805289424459232,0.0654151079008862,27.107831954956,24.1184311336941,3.51451998838904,3.15488702391342,25.2350638071696,3.51451998838904,3.19617140367459,2.99996444444444,1.3862854721915,0.000442913639698173,3.06806182406201
86,888.152099609375,1915,2.17452144622803,0.00105235992156949,0.00346965269184807,27.6386418988627,24.8795145670573,0.801662989645712,0.522282405379949,26.4333702087403,0.744497420074975,0.524412725582567,5,1.79175946922805,0.000474882133834287,2.66258782702545
86,105.313690185547,3977,0.13379630446434,0.0054578605889013,0.122364501342155,26.1464034747053,25.8686138153076,2.64069631858258,2.10045509157359,25.4642663955689,1.9240754883179,1.71092170155869,5,1.79175946922805,0.00056284965655351,2.66258782702545
86,272.759918212891,3112.5,0.672105848789215,0.0169481354368131,0.20207355857271,1.34624217453836,4.59007987976076,0.799615357963328,0.642685503603485,4.59007987976076,0.799615357963328,0.642685503603485,2,1.09861228866811,0.000568106718041417,3.3557350075854
86,22.6113300323486,5459.5,0.13984552025795,0.0778676111910954,0.167694199839609,20.1227691014607,26.1109545389811,4.38422925365571,4.3359787978244,26.1109545389811,4.38422925365571,4.3359787978244,1.99996444444444,1.09860043674602,0.000770673949008649,3.35574685950748
86,616.682373046875,1655,0.0869797542691231,2.36210961901406e-05,0.00132347596680304,30.1781892988417,31.0402423434788,4.69513651195738,4.158331088713,30.7413539250692,4.1937177580494,3.88992837709081,3,1.38629436111989,0.000948684235401509,3.06805293513362
86,128.976150512695,2600.5,0.252664357423782,0.0105640062593864,0.0270526967434428,22.5431617285616,19.3106246948242,4.2086924283505,3.28525129110155,19.3424856821696,4.2086924283505,3.6841968442952,4.9999762962963,1.79175551860297,0.00117240711263722,2.66259177765054
86,331.394958496094,4947,1.1944226026535,0.00476869312933559,0.0232592768761464,25.8746658537123,25.7128800710043,8.66208362521821,7.12382160598623,25.7128800710043,8.66208362521821,7.12382160598623,2,1.09861228866811,0.00121545930833333,3.3557350075854
86,30.9891052246094,4094.5,0.0353526920080185,0.041847432498308,0.128880764170393,23.4242730034723,23.3324208153619,1.06283984777218,0.984619069277703,22.7314719518026,1.06283984777218,1.02163449315222,3,1.38629436111989,0.00124568078876008,3.06805293513362
86,1.36377143859863,6838,0.0053860479965806,0.00022273928482619,0.00158240562888778,26.5490393361738,26.7774978637696,3.26665905417316,2.96652005088375,26.8027689615885,3.26665905417316,2.95313311961077,3,1.38629436111989,0.00125459482804102,3.06805293513362
86,76.1469879150391,1779.5,0.0603915862739086,0.0385427068916897,0.0866110862794827,-3.64484939985374,4.51511726379397,3.45549665913832,3.45549665913832,3.28167813618984,3.45549665913832,3.22871772900028,1,0.693147180559945,0.0014708290073675,3.76120011569356
86,79.1835632324219,3312.5,0.0138666676357388,0.00818463984925444,0.140615497961953,17.6130089441936,16.9562669299898,3.44641817094603,1.94655444312122,17.3977151870728,3.44641817094603,3.28815750892849,7,2.07944154167984,0.00160971182219261,2.37490575457367
86,11.5768327713013,4162,0.0218018349260092,0.0194893256499959,0.102181522056366,20.0832508128176,17.44694480896,2.62288786243868,2.60844547430791,17.44694480896,2.62288786243868,2.60844547430791,2,1.09861228866811,0.00180526132146397,3.3557350075854
86,50.659740447998,3299,0.251903921365738,0.0163091078264657,0.0666241932705454,25.3156264411078,23.4126247723898,5.91063729215222,3.8963829880345,22.6945301055908,5.91063729215222,4.57902241105434,4,1.6094379124341,0.00193933864873963,2.84490938381941
86,8.39193916320801,5862,0.0175460912287235,0.0597116806874674,0.28283236294487,20.3549755096436,25.1194683074951,5.34656545767586,5.34656545767586,25.4324921925863,5.34656545767586,4.88946381624794,1,0.693147180559945,0.00195022137745082,3.76120011569356
86,2.75732827186584,4235,0.00507181463763118,0.0489044995886729,0.213767650636917,7.77416303901271,9.89902712504073,3.55394783576191,2.0231875147936,10.6579818089804,1.96769847663392,1.83664171960626,4,1.6094379124341,0.00201303928715835,2.84490938381941
86,258.864318847656,2452.5,0.62043297290802,0.00484846158245844,0.0170009832129452,26.2929882685344,27.8156006495158,2.99440954195519,2.9744791215817,27.8156006495158,2.99440954195519,2.9744791215817,2,1.09861228866811,0.00212959704642224,3.3557350075854
86,490.717895507812,1643,0.363477647304535,0.0179789099123013,0.0180533875224462,23.1764629152087,16.3101609971788,2.88228895580408,2.36346081455934,16.0886674880982,2.88228895580408,2.41966731697153,3,1.38629436111989,0.0022501308617584,3.06805293513362
86,143.174743652344,4378,0.498963445425034,0.00557521218966883,0.0262872105796035,18.6570934295655,16.89820728302,3.37056145149903,2.39372505197521,16.89820728302,3.37056145149903,2.39372505197521,2,1.09861228866811,0.00226053157938011,3.3557350075854
86,88.1112976074219,6012,0.0100563494488597,0.0231289733736766,0.188793521116999,21.2665075158561,14.3269110679627,3.52410252266633,2.40193521061424,13.5488636652629,3.52410252266633,3.17565508375783,4,1.6094379124341,0.00231327435253625,2.84490938381941
86,2.90214610099792,4541,0,0.0279113557304278,0.0467160163205627,29.540144549134,29.114326731364,3.29594766752255,2.49854005921301,29.2315069198609,2.60660325015979,2.09983625505824,3.00001185185185,1.38629732407846,0.00232679697628868,3.06804997217504
86,44.0388984680176,2888.5,0.0629541128873825,0.0552932671499384,0.117436864256579,-0.586006659553107,5.19385859171553,5.34215454793229,4.25372724330211,5.85123755137124,4.72826192164467,3.49555590482285,5,1.79175946922805,0.00232704195426625,2.66258782702545
86,31.565824508667,6483.5,0.193766444921494,0.0547063632553204,0.165088649827887,19.5945516278668,24.301203028361,1.59787776098184,1.59787776098184,24.4739929199219,1.59787776098184,1.39852280853574,1,0.693147180559945,0.00234597553297744,3.76120011569356
86,85.7446212768555,5007,0.00809206999838352,0.0567607727351174,0.206792310634579,20.8616469701132,25.6619439019098,1.09752976630084,0.870364540700956,25.2345977783203,1.09752976630084,0.787421219621887,3,1.38629436111989,0.00236849090793467,3.06805293513362
86,22.7414627075195,3592,0.0559687800705433,0.0413980970011458,0.0779554970439023,22.8645037661317,19.3081091845478,6.69963299348893,4.03111224901352,21.0863716761271,3.03245250584683,2.62938079860358,8.00001185185185,2.19722589420778,0.00245529828600843,2.25712140204573
86,748.317260742188,6214.5,1.67550265789032,0.0228090676079482,0.0579057172282411,19.2509271621705,21.6028227700128,3.73608391201297,2.37250606444524,21.5759848912557,3.01085914257899,1.9317285296321,6,1.94591014905531,0.00247425002770663,2.50843714719819
86,203.640991210938,2952,0.646456241607666,0.0105373387239176,0.057729937453999,25.0379706434025,20.6881973902385,4.00711403537426,3.03798834364539,20.6881973902385,4.00711403537426,3.03798834364539,2.9999762962963,1.38628843517641,0.0026425353314542,3.0680588610771
86,55.2127456665039,3540,0.330870717763901,0.0257910037097417,0.126250421140874,16.376637034946,10.529386138916,2.94418573173163,2.94418573173163,10.8665090560913,2.94418573173163,2.81365440213506,1,0.693147180559945,0.00265521127431878,3.76120011569356
86,212.493377685547,1961,0.213634639978409,0.0135586771018694,0.0241909884460689,26.8599154441588,24.6855840047201,2.2807232427032,2.2807232427032,24.4100369771322,2.87345209462111,2.57708766866215,1,0.693147180559945,0.00288243656045784,3.76120011569356
86,164.955123901367,6251,0.628910481929779,0.129347018577281,0.403294687460686,20.8516101714104,18.9431056976318,1.22367142514756,0.867564693156557,20.0612776438396,0.791567459072547,0.540570744035832,4.99998814814815,1.79175749391746,0.00300143812117404,2.66258980233605
86,9.68112945556641,2876,0.0235582496970892,0.0467830716651356,0.128031052279251,2.55922742571141,7.55237965053988,2.2743081675689,1.91181499552737,6.99257113138839,2.2743081675689,1.86062865938279,3,1.38629436111989,0.00303767451593229,3.06805293513362
86,54.7151412963867,3275,0.280047744512558,0.0594121034071904,0.15961360469246,18.5951371298896,11.4702205022177,7.02221433735867,6.48163105090424,11.4702205022177,7.02221433735867,6.48163105090424,2,1.09861228866811,0.00304330562194033,3.3557350075854
86,234.715469360352,4613,0.342811733484268,0.0316409138954725,0.169937616008891,26.0359462081746,27.1672532717387,1.78351033282975,1.43145944533511,27.684467569987,1.50753159957223,1.47067580583693,4,1.6094379124341,0.00313527549804982,2.84490938381941
86,549.585388183594,4966,3.3895366191864,0.016253054051468,0.0993254838761217,23.3508048587375,21.6888935724894,1.84158745418575,1.18928056591788,21.6888935724894,1.84158745418575,1.18928056591788,2,1.09861228866811,0.00320693429576757,3.3557350075854
86,202.122497558594,6321.5,0.355091959238052,0.0787658281047889,0.144928658435866,18.523017501831,18.6837944878473,1.78739001778754,1.38739927121761,18.4423709869385,1.78739001778754,1.70915479281436,3,1.38629436111989,0.00329986733941334,3.06805293513362
86,453.152862548828,1171.5,0.53113180398941,0.029687221372626,0.105861186526884,-3.02175533689297,6.50208530426028,2.5554646474673,2.33965759071083,6.50208530426028,2.5554646474673,2.33965759071083,2,1.09861228866811,0.0033205546503754,3.3557350075854
86,97.3803100585938,7320.5,0.136072337627411,0.0070130870488434,0.348204814123761,22.5218524194533,23.9405068715413,2.17660388445837,1.89539295366523,25.6299612681071,2.17660388445837,1.78600947587622,3,1.38629436111989,0.0033219926567517,3.06805293513362
86,1035.74633789062,1942.5,0.863978803157806,0.00790216694133505,0.0131214258595875,17.7352898703681,14.6812536875407,1.08401071600839,1.08401071600839,15.6022888183594,1.62735029521431,1.35568050561135,1,0.693147180559945,0.00359221798707676,3.76120011569356
86,82.9918518066406,6096.5,0.00254222424700856,0.0367868226531591,0.164311999356617,23.8323494381375,25.0824075244722,3.76215781128747,1.65572524490094,28.3376743952433,3.76215781128747,2.5985345549652,7,2.07944154167984,0.00359734961221025,2.37490575457367
86,26.6445331573486,5723.5,0.129368707537651,0.010983914257185,0.075867437299749,24.0337561412524,25.1890986124675,3.00100288925928,1.86248682054754,24.8585147221884,3.00100288925928,2.41173774067136,3,1.38629436111989,0.00361609788115946,3.06805293513362
86,4.4630331993103,4023.5,0.0122883887961507,0.123631368893498,0.219670405311561,25.0050280253093,23.9453483581543,0.705489172119904,0.705489172119904,23.3625389099121,1.83345224624547,1.26947070918269,1,0.693147180559945,0.00382270960097886,3.76120011569356
86,164.237274169922,5132.5,0.275454103946686,0.00818270598092852,0.138198667962563,26.802719730801,26.7234169006348,2.01781457204706,1.73319120180965,28.5312941233317,2.01781457204706,1.73439692503666,3,1.38629436111989,0.00385220889783122,3.06805293513362
86,230.209564208984,3473.5,1.52048182487488,0.0588036573714241,0.133463516982317,17.7177753530523,18.1815973281861,4.90928394788659,3.12423207652725,19.6447355906169,2.12402878229151,1.58960457360865,4,1.6094379124341,0.00389701663841024,2.84490938381941
86,150.916839599609,5367.5,0.092465415596962,0.0676019501334473,0.201917956777553,22.4927456230246,26.2828058560689,1.5230529989143,1.26475420197994,24.8540365854899,1.5230529989143,1.36959645632536,4,1.6094379124341,0.0039411237775836,2.84490938381941
86,24.3097972869873,3888,0.115478679537773,0.00342213924488632,0.0787690318963712,21.9313167531004,21.9685727649265,7.67044539683453,6.89659160271761,22.6100692113241,6.70092208216301,6.39770948593792,6,1.94591014905531,0.00394402249215187,2.50843714719819
86,4.21134424209595,3171.5,0.0129620991647243,0.0145168008470478,0.112579676323499,26.0949426138273,22.3983212471009,6.07299594340436,4.48798948228481,22.5645729064942,6.07299594340436,5.23604102945635,3.00001185185185,1.38629732407846,0.00400548119021038,3.06804997217504
107,59.9253845214844,4577.5,0.110614240169525,0.0426694347137726,0.159859454550492,21.7021139356826,22.6912920633952,2.11539845745759,2.11539845745759,23.1832220713298,2.11539845745759,1.64652600925391,1,0.693147180559945,3.76727865584181e-05,3.97968165390196
107,75.6566390991211,3770,0.0895597413182259,0.0520426406836592,0.2143402763087,23.8579172195927,21.0340587615967,3.30827388493602,2.59170189847562,22.2202669143677,3.30827388493602,3.23401602980464,5,1.79175946922805,0.000177583207084386,2.88106936523385
107,24.9276428222656,5325,0.0287034288048744,0.0250805402347325,0.106806462472548,26.7722902482556,23.188903427124,3.40107072596184,3.21406337385314,23.188903427124,3.40107072596184,3.21406337385314,2,1.09861228866811,0.000496941710441123,3.5742165457938
107,3.07588505744934,5684,0.0110538471490145,0.0461050198837043,0.156778609058556,26.291713681785,23.6092894236247,4.46922682376483,3.40825308697408,22.4207451502482,2.58058997249251,2.48050944861307,4,1.6094379124341,0.000688173251084723,3.06339092202781
107,0.575748562812805,4169,0.00998154189437628,0.0273437878067639,0.0553783269030568,14.4278751797147,15.0214763641358,1.05230892946077,1.05230892946077,15.6260203679403,5.21451608019004,3.13341250482541,1,0.693147180559945,0.000692013073151698,3.97968165390196
107,8.0766134262085,5501,0.0274737626314163,0.0235062361948941,0.135777893323269,23.3097860336304,23.8447973887126,4.33724874792838,4.33724874792838,22.2500244140625,4.33724874792838,3.76662354776624,1,0.693147180559945,0.000845367347167558,3.97968165390196
107,34.8418579101562,3311.5,0.215088233351707,0.0864984681154475,0.11290642980817,13.4576523039076,8.75601857503256,3.17451591482441,2.43460279539927,10.210541343689,3.17451591482441,2.5381959054201,6,1.94591014905531,0.00100114788898598,2.72691868540659
107,76.7124176025391,3109,0.274401873350143,0.00581648356121178,0.028135084379656,19.6798771116469,14.1358629226685,2.71518740219933,2.55088611489407,14.1358629226685,2.71518740219933,2.55088611489407,2,1.09861228866811,0.00117925846067812,3.5742165457938
107,254.377349853516,6568,0.209047511219978,0.0844171735272141,0.279476551802887,22.7083468543159,22.1668454700047,3.89592301503697,2.33282957963251,21.8877969741822,2.56551583016088,1.94023052952113,6,1.94591014905531,0.00119476295872456,2.72691868540659
107,183.257583618164,5927.5,0.17357861995697,0.0560919823400319,0.135105609579469,23.519978582731,24.9629217147828,3.74955658705364,2.45646169870313,26.2636412938436,3.71155603627747,2.54246238572443,4.00004740740741,1.60944739387063,0.00133838114080198,3.06338144059127
107,511.3095703125,7126,0.262005239725113,0.0577543634531104,0.149868279998557,15.2417968114218,15.0709680345324,4.15643398931636,2.66747220839695,16.3507305145264,1.27707701368654,0.924475195920107,6,1.94591014905531,0.00144210070338768,2.72691868540659
107,120.123199462891,5361,0.17245452105999,0.0850471246657065,0.261323720667413,22.7805462580856,21.313414255778,3.47025797042847,2.20159778368748,20.7451422373454,3.27135019907599,2.82168864482762,5,1.79175946922805,0.00184258217717004,2.88106936523385
107,26.350284576416,3991,0.026397567242384,0.0217787755178662,0.139295681209536,24.8671287700694,27.4190505416306,4.25062256500228,3.65829335690983,26.8981506983439,3.6639343356434,3.64237309355554,9,2.30258509299405,0.00209182082569193,2.37024374146786
107,447.110504150391,2764,1.1618789434433,0.00280008268263288,0.0829355427482028,24.4707827496272,27.168958706326,2.79591010281361,2.312487661135,27.5146496454875,2.37530781034938,2.0707764402957,3.0000237037037,1.38630028702826,0.0023237428281242,3.28652854743365
107,39.9643173217773,4801,0.0536977834999561,0.0756647796641765,0.16057475703623,23.2040665821362,27.2372748480903,2.31965693129141,1.98219717805855,26.5485365549723,2.02211390542463,1.81346730144212,3,1.38629436111989,0.00243829811826457,3.28653447334202
107,8.9210033416748,5882.5,0.0125052370131016,0.0182736616902091,0.151323317168803,26.4295525786698,25.6673135121664,2.84788940089116,1.67288126704449,28.818035697937,1.22900373528866,1.00224544920238,5,1.79175946922805,0.00262125884552988,2.88106936523385
107,41.9003868103027,3312.5,0,0.00197532797263023,0.102832230171927,26.0651391224195,24.1862159729004,3.61243880981966,3.61243880981966,24.2549221674601,3.61243880981966,2.96556391453541,1,0.693147180559945,0.00263726872243175,3.97968165390196
107,175.461410522461,4164.5,0.480588763952255,0.0251589469770011,0.150529320625193,18.8675642403224,17.1538743336995,4.0562502147628,3.82884322322558,17.1538743336995,4.0562502147628,3.82884322322558,2.00004740740741,1.09862809101239,0.00268370596167233,3.57420074344952
107,35.9867134094238,5064,0.235017374157906,0.0408819360057429,0.179129885255588,21.8036362542047,23.5941075642904,3.5973598051881,2.05940024276099,23.762426630656,3.5973598051881,3.40563887858091,6,1.94591014905531,0.00276759237683666,2.72691868540659
107,1094.65637207031,2057,0.648276329040527,0.0650302580559163,0.0678470197181724,14.955190425449,4.59947230021163,3.55862927672016,1.78448803450034,5.45176404317226,1.9261223998388,1.20951366725858,4,1.6094379124341,0.00290711733578397,3.06339092202781
107,51.6466674804688,5473.5,0.1215815320611,0.0322116007038318,0.108767141857353,21.6647103914652,22.8941018740336,4.42075483114746,2.05426604439852,23.7714267730713,1.89248326311574,1.87463630426319,8,2.19722457733622,0.00299809184371524,2.47560425712569
107,1236.13623046875,5735,1.52552783489227,0.13049484254153,0.234176390402926,8.78976492522861,14.1850329928928,2.34902381241159,1.25970710932898,13.132496770223,1.02340555774563,0.715048757787684,2.99995259259259,1.38628250919781,0.00341876421247111,3.2865463252641
107,71.518928527832,3315,0.282898873090744,0.079864956379982,0.100394944787272,12.4158660888672,8.94728965759282,7.11826125650821,5.21591371823932,6.02729473114016,6.70205520386704,5.65759126656832,5,1.79175946922805,0.00347974339022383,2.88106936523385
107,129.334213256836,2808,0.404429018497467,0.00415521965612342,0.0960473227764176,27.69156551156,24.313373819987,5.86424718563603,3.3414443398522,25.4804791768392,1.20020933660407,1.14327780653959,4,1.6094379124341,0.00350827936807119,3.06339092202781
107,8.23347282409668,4808.5,0.0396378636360168,0.0604036519730826,0.156523587045829,20.8760697682699,23.3904081344605,5.32452177126538,3.76720460041459,23.0072717030843,5.12751866215489,4.50792391885759,8,2.19722457733622,0.00367763934105247,2.47560425712569
107,59.788932800293,5872,0.103444047272205,0.0722890031472438,0.252143976451801,24.3743479410807,23.7619644165039,3.94947036866926,2.30559154891334,22.6553649266561,3.94947036866926,2.93232401018771,4,1.6094379124341,0.00368200316118394,3.06339092202781
107,5.10355377197266,6285,0.0177295096218586,0.0728116870988238,0.256428094207148,21.8891946368748,22.8132096290589,2.32128819878952,1.88246514036582,23.0297695159912,2.32128819878952,2.26906998818448,4,1.6094379124341,0.00368255794641337,3.06339092202781
107,333.542602539062,4934.5,1.02639639377594,0.008345101619323,0.0247968138908483,26.3405471391575,28.4386438687642,2.92267431034499,1.89300912632726,31.2010011037191,2.06254930937396,1.65648809410009,4,1.6094379124341,0.00371573311529372,3.06339092202781
107,1168.40661621094,6638,1.50892972946167,0.021618492320723,0.0656087317304781,21.4564671752273,18.0300788243612,1.5334328616749,1.42669420827718,18.0300788243612,1.5334328616749,1.42669420827718,2,1.09861228866811,0.00378732920718217,3.5742165457938
107,17.6962699890137,3916.5,0.0878344997763634,0.0898182477446454,0.142688829870501,25.6210186332785,21.8537633577983,5.7126996269852,2.87072575276589,22.073552385966,3.58693785324495,2.6782275568611,8,2.19722457733622,0.00381775735771284,2.47560425712569
129,11.6449947357178,4796,0.126317784190178,0.0198601017956435,0.0760683786854308,20.8941871150848,17.7355938684373,3.90917385649716,2.98852019730738,19.9518788019816,3.90917385649716,3.5134925806521,7,2.07944154167984,9.76840769355558e-05,2.78037086268184
129,76.9667053222656,3935.5,0.00907210726290941,0.0173973320215026,0.143097187436961,27.1420077744351,27.6865086873373,2.90471980553726,2.07950644097172,27.3694737116496,2.90471980553726,1.70304696929374,5,1.79175946922805,0.00011829445422995,3.06805293513362
129,77.003776550293,6478,0.193079739809036,0.0640423698101245,0.159233306505143,25.1194589614868,29.0732447730171,5.54593207883955,3.17472881266866,28.9211224873861,3.09534611904259,2.28578555114827,6,1.94591014905531,0.000320336044689284,2.91390225530636
129,30.3413505554199,5836.5,0.224924623966217,0.018916210346184,0.105889069373173,13.744565349155,12.9007347318861,4.97537819093572,2.41813080509672,9.60495624542239,3.63365589243341,3.2981725665932,12,2.56494935746154,0.0003687316155222,2.29486304690014
129,281.978363037109,6132,1.13188982009888,0.00198745940963008,0.0205631189558169,26.7230774335964,26.2295563026711,2.26856141222311,1.26347026712735,29.8640266418457,0.604318276386396,0.550677569512428,8.0000237037037,2.19722721107761,0.000460488333445253,2.66258519328407
129,250.216522216797,4307,0.0238398443907499,0.0133426445042275,0.0945127512562109,24.5957005080357,21.128016726176,4.14467778932884,2.26716738372488,23.4826313018799,3.24545935894309,2.90639018053262,12,2.56494935746154,0.0013620828833536,2.29486304690014
129,12.8948059082031,5232,0.189724206924438,0.00447925414837869,0.0281650526420556,28.5115726511966,28.9088581085206,2.08274884346572,1.62436777553553,28.8388639450073,1.6694000106505,1.48667079006105,5.00003555555556,1.79176539513642,0.00143049558637753,3.06804700922525
129,237.514907836914,5649,0.319318354129791,0.0700586759773252,0.19373165086181,22.5421793619792,26.0713009728326,2.22402206860252,1.69381279245903,25.4861341476441,1.63907097981144,1.42870815438728,3,1.38629436111989,0.00161201724233995,3.47351804324178
129,44.9587516784668,3175.5,0.178251653909683,0.00391469485707319,0.0938168529668069,26.438782751432,27.1800921122233,4.02639785874852,2.61352485468935,27.003237660726,1.78740273241018,1.71928980265123,4.00001185185185,1.60944028280166,0.00161401484009527,3.25037212156001
129,4.71755886077881,4759,0.0143068507313728,0.0764893778560953,0.123645174695572,13.4070112864177,14.1400404400296,2.7324311579498,1.63130520243247,12.8837495803833,1.57848114381238,1.10794758549327,6,1.94591014905531,0.00181768305429109,2.91390225530636
129,10.5402402877808,7074.5,0.00635766750201583,0.110885201484088,0.250411426580623,19.0866654925876,21.0479574839274,4.75973906212515,2.45509352593563,20.4174448013306,4.75973906212515,2.99221997010262,5,1.79175946922805,0.0022368729463611,3.06805293513362
129,19.4537181854248,4172,0.0717105716466904,0.028347313440559,0.119391997679777,25.5815072705669,23.7456152598063,3.6655401816579,3.64222471912547,23.7456152598063,3.6655401816579,3.64222471912547,2.99998814814815,1.38629139815254,0.00246316300916816,3.47352100620913
129,45.327808380127,5823.5,0.15986630320549,0.0901480324691875,0.208190919318341,18.0544358202207,18.9801485697428,4.19567724088654,3.93087999695186,18.9801485697428,4.19567724088654,3.93087999695186,2,1.09861228866811,0.00270250341556377,3.76120011569356
129,38.2494316101074,4648.5,0.126662388443947,0.0751176763985768,0.185577217498796,19.7066422568428,25.3381944020589,2.61036623648907,1.98798610590091,24.2691576639812,2.49453517127367,2.4322902069154,5,1.79175946922805,0.00302570928733747,3.06805293513362
129,1.16665852069855,1974.5,0.00615131435915828,0.0349870514468194,0.116744556005091,0.325148498371163,4.98995276557076,5.35282096087564,4.93369777001091,4.72578805287679,5.35282096087564,4.99337505058818,3,1.38629436111989,0.00305012534302218,3.47351804324178
129,56.331413269043,3290.5,0.0430567115545273,0.0209286231088228,0.133675264869957,26.7628543894779,24.0642109341092,3.90118017286637,2.85140533074915,24.953975613912,3.90118017286637,3.32974158383983,2.99998814814815,1.38629139815254,0.00306634841656517,3.47352100620913
129,350.723571777344,6510,0.458133906126022,0.0288602296552831,0.192971316342181,21.0701572418213,21.3934837341309,1.42011307992461,1.02835591187856,22.6189441045126,1.30987171808589,0.777190857160901,4,1.6094379124341,0.00310467374344714,3.25037449192757
129,83.820915222168,5387,0.124049223959446,0.0461153489590025,0.218135988590319,23.6494365897231,23.7887991163465,3.45246721578198,3.35827352481246,23.8546898523966,3.45246721578198,3.37383278152852,2.00001185185185,1.09861623927759,0.00313774674178369,3.76119616508408
129,2.64317607879639,5130.5,0.0075053172186017,0.00455880220870952,0.0656091430290004,26.6427498355988,27.4180923461914,5.3152689928749,5.3152689928749,27.6101989110311,5.3152689928749,4.53944139365972,1,0.693147180559945,0.00347133302206415,4.16666522380173
129,647.770874023438,3804.5,0.638671815395355,0.0265988097987844,0.0421355967313133,24.8905449815976,19.7323253631592,2.89089669902473,2.02857784874137,19.2811288197836,2.27404830791566,1.49579965459507,5,1.79175946922805,0.00381540190397733,3.06805293513362
129,74.3744049072266,7116.5,0.216128930449486,0.0993605480716155,0.186899754963896,17.2574034126857,20.8311289751972,3.71661258838644,2.3077107940038,17.78492603302,3.48133139448564,2.52382265120979,8.0000237037037,2.19722721107761,0.00388570021593804,2.66258519328407
150,71.9544448852539,3227,0.0421914607286453,0.0335492529523016,0.145998757019598,18.4201430002848,8.82539901733401,0.646046004701429,0.646046004701429,7.62226670583095,3.97948746519372,2.31276673494757,1,0.693147180559945,0.000335929546519176,4.31748811353631
150,4.04268741607666,4371,0.0613416358828545,0.0275056558415763,0.0511064727467989,24.6529975480931,17.5736424287161,4.84484495606926,3.05589431235249,18.8795743942261,3.15664150501662,3.04518208138414,8,2.19722457733622,0.000347565027500107,2.81341071676004
150,0.270207673311234,2827,0.00621179630979896,0.028604352558034,0.104509330355821,0.827619560815947,3.45658921135799,4.67751997990685,3.73787767272698,-0.283152961730934,4.59480132137582,3.71804273407515,6,1.94591014905531,0.000667365077527404,3.06472514504094
150,1473.71044921875,4589.5,0.193289443850517,0.0129929450172348,0.0446862180937515,17.2070003919705,14.3253907521566,1.30943818692146,1.30943818692146,14.7769507726034,1.37590770376434,1.3426729453429,1,0.693147180559945,0.000937724016028429,4.31748811353631
150,74.3763122558594,2600.5,0.352767705917358,0.0701644039661851,0.118238205465651,3.07471707207816,5.41779392560323,3.75056116276761,1.97212399061764,2.19449259440103,3.75056116276761,2.99536364372206,8,2.19722457733622,0.00100259466446673,2.81341071676004
150,697.048156738281,5970,0.572120904922485,0.0108199000744058,0.265975865878531,4.06346912384032,-0.250556328183109,2.05312752395921,1.6557148978508,-1.24430758158366,2.05312752395921,1.97756166662066,7,2.07944154167984,0.0016223628728006,2.93119375241642
150,497.430603027344,3589.5,0.189521282911301,0.0138655908340475,0.0596040840303083,21.2378748698902,15.9175957997641,2.91994899473753,2.08716510865026,15.9175957997641,2.91994899473753,2.08716510865026,2,1.09861228866811,0.00164433866526104,3.91202300542815
150,78.1138305664062,4507.5,0.00801853183656931,0.0173469965479427,0.102436486955028,23.9917707012546,18.3415327495999,3.63334987483136,2.45553306181882,19.6468371709188,1.35276888607682,1.10890801023024,6,1.94591014905531,0.00192635840965394,3.06472514504094
150,870.377258300781,3905,2.08651471138,0.182686461384606,0.449963243833828,5.97601126393965,6.29618352254232,4.97768471071188,3.82529826319647,4.72728850046792,3.69348396518328,3.24910503943877,3,1.38629436111989,0.00197696220444621,3.62434093297637
150,3.42001676559448,6427,0.00931476801633835,0.124483311089062,0.23534687804738,16.1333965260496,19.4575335608588,2.82692973484492,2.21036969824814,19.302875773112,2.82692973484492,1.92427095877073,3,1.38629436111989,0.00200259532580171,3.62434093297637
150,26.440486907959,3210,0.0590213686227798,0.00631577573746256,0.0529801794602136,24.3405218336318,24.0539368947348,4.62623384064006,3.52389708722836,23.6249080657959,4.62623384064006,3.87708461714721,5,1.79175946922805,0.00212324708971123,3.2188758248682
150,528.570861816406,5371,0.165623068809509,0.054027713251795,0.232979756471849,21.7617432666082,25.0131889343262,1.01648446419672,1.01648446419672,24.7760559082031,1.17374276772324,1.09511361595998,1,0.693147180559945,0.00227048473683611,4.31748811353631
150,1370.65319824219,5674,1.67415952682495,0.0257447461734408,0.108646680460122,1.72287053754258,2.73522105746804,3.11388056074215,1.39508676969513,1.11519298553469,1.31947182419022,1.29224067577786,6,1.94591014905531,0.00239241288096326,3.06472514504094
150,514.471557617188,3543,0.572347819805145,0.00194667627452816,0.0317444932141022,26.4023546075307,24.5613588121202,3.26694827420051,1.68377806020947,24.0354775746663,3.26694827420051,2.07155535671304,3.00001185185185,1.38629732407846,0.00245634733338129,3.62433797001779
150,488.867431640625,2508.5,0.289615154266357,0.0328352560939571,0.0699983530881561,5.55402227422246,2.68182080586752,1.68384127978317,1.68384127978317,2.98771883646646,1.68384127978317,1.49618807001934,1,0.693147180559945,0.00269394402701451,4.31748811353631
150,872.757446289062,5361,1.15295839309692,0.0078869532423127,0.0812731905044402,22.9946986516317,27.2364936828614,1.55976138018901,0.979270496809219,28.1931549072266,1.55976138018901,1.33024483519196,3,1.38629436111989,0.00288498386391511,3.62434093297637
150,133.284027099609,3915.5,0.122440487146378,0.063702633454767,0.158201076045064,18.4241084204781,18.099760945638,1.1942516022532,1.1942516022532,18.0410626093546,1.1942516022532,0.972898608682454,1,0.693147180559945,0.00297813553342274,4.31748811353631
150,3.73046231269836,4495.5,0.172154098749161,0.019519987427298,0.093723689453018,26.4325672970024,17.7674414740669,4.93403212615235,2.82128591470207,20.4504625956218,2.31595518064803,1.39245092051012,6,1.94591014905531,0.00332474802287053,3.06472514504094
150,37.4774894714355,6496.5,0.268095344305038,0.0804689138587733,0.247913978905192,22.3212543487548,22.232695388794,3.88837172041566,2.57332962043447,25.5966904322307,2.65942165041593,1.8934555367341,5,1.79175946922805,0.0033408444738624,3.2188758248682
150,65.9131164550781,5493,0.0801778361201286,0.0194416768233516,0.24137398426565,25.2601964273761,23.9759908676148,4.8600967212216,3.82282696016252,22.067160542806,4.38441750324899,4.28439237913131,9.99998814814815,2.39789419535671,0.00345612793677696,2.61274109873954
150,67.34326171875,6156,0.111472077667713,0.0702012833358552,0.18295641649355,20.3651609400268,21.9403699239095,4.79691944813563,2.42167837763078,19.1941225687663,1.96211549891788,1.48247892655958,9.99998814814815,2.39789419535671,0.00353359899974115,2.61274109873954
150,31.6441745758057,3643.5,0.0250683575868607,0.0110690934601685,0.0590916009309197,17.0288299772475,8.38281190660268,3.24871046700785,3.19527364748836,8.49416090647384,3.24871046700785,3.21699297202168,3,1.38629436111989,0.00357342319149767,3.62434093297637
150,167.072509765625,6364.5,0.15149699151516,0.0147111582292752,0.143930839066506,22.802839041269,20.1648374557495,2.25501768189063,2.12216279331645,17.945440864563,2.25501768189063,2.14515008093683,4,1.6094379124341,0.00373439976079848,3.40119738166216
150,50.6672286987305,5135,0.1209866553545,0.021874012170592,0.116155137510408,27.0116008307344,27.5802036285401,2.12183984558917,1.87508008274967,27.3152614593506,1.95358579821153,1.75170020132992,3,1.38629436111989,0.00378912522292285,3.62434093297637
150,75.7431259155273,3876.5,0.115420304238796,0.0457582233975664,0.0878064314919058,17.2944208568997,12.4414049784342,3.88513242023647,2.02470837020455,11.5623619715373,3.88513242023647,2.24453075591852,5,1.79175946922805,0.00404248098265358,3.2188758248682
172,49.5473556518555,3800,0.0573275201022625,0.0500789677382691,0.134170689864689,23.5851740560224,27.2848541259766,4.14472927673337,2.46080927291342,28.8004540761312,2.60792581384058,2.17901617240068,5,1.79175946922805,0.000151742638915375,3.3557350075854
172,139.566909790039,2455,0.858697950839996,0.0287284043651326,0.0297070051516819,26.2577999156009,22.7772592332629,1.20001673004511,0.965343944141502,21.9803027470907,0.886968491757705,0.848007551189697,3,1.38629436111989,0.000156310029967854,3.76120011569356
172,141.439239501953,4555,0.109889388084412,0.00387628497952619,0.124001403089846,25.7548361460368,28.4721268971762,2.05784722365116,1.72951654249405,28.4721268971762,2.05784722365116,1.72951654249405,2,1.09861228866811,0.00055108193683806,4.04888218814534
172,90.4497833251953,5190,0.149736806750298,0.0402528319430289,0.0936379542569412,22.2195485221015,26.5857900937398,3.01485312387231,2.22849148285724,26.6054804484049,1.64970228899839,1.54676982207279,4,1.6094379124341,0.000721563074082443,3.53805656437935
172,82.895751953125,4417,0.06786248087883,0.0218766490210918,0.159566221139251,27.0605879889594,28.8862515449524,4.92767450365469,2.32598241302669,29.4694340387981,4.92767450365469,3.96181611304384,8,2.19722457733622,0.000750401732418027,2.95026989947723
172,338.087707519531,5076,0.543435215950012,0.00871806380675011,0.0713641423877611,23.3738965564305,25.0057403140598,3.04142675802977,1.61584106495929,25.1565811793009,3.04142675802977,1.6585457142883,3,1.38629436111989,0.0012135775755624,3.76120011569356
172,5.24125337600708,1872,0.017397940158844,0.0384395432120606,0.0759969607076449,24.6468797376079,26.8203628222148,3.129954015207,2.77816307262037,25.2809571584066,3.129954015207,2.76375058420867,3.00004740740741,1.38630621290151,0.00124246364706893,3.76118826391194
172,1066.71984863281,4744.5,2.36575031280518,0.032600543580628,0.0405288182419028,21.6897004117247,23.2696102354262,2.06147342545263,1.33376775146181,23.3519219716391,2.06147342545263,1.65746172782065,6,1.94591014905531,0.00137822711648417,3.20158432775814
172,59.9538383483887,4987.5,0.14036338031292,0.0247383953326654,0.130340121089706,23.4069004270766,24.031761821111,3.26394480731414,2.42113680387215,22.7820739110311,3.26394480731414,2.45380219279832,8,2.19722457733622,0.00154532828552623,2.95026989947723
172,296.053802490234,3167.5,0.081685334444046,0.00677744774267097,0.0186314054671683,24.9981182549589,22.18239625295,2.52442348209287,1.74438532615391,25.5813540776571,2.19320783479182,1.94155771638312,10,2.39789527279837,0.00164622540271397,2.74959920401508
172,713.98193359375,1487,0.260058730840683,0.000483821710155041,0.00144975102097078,29.3662217335034,26.2662230491638,3.31438080296745,2.76444207959628,26.6976374944052,2.91315011673865,2.32911035235641,4,1.6094379124341,0.00173918066337242,3.53805656437935
172,109.109954833984,3485.5,0.251791685819626,0.00118196084442346,0.00609651757828189,23.0581768692181,18.1887302822537,2.8293115994087,2.34741655288614,17.8934665679932,2.82716308314439,2.64045741368293,6,1.94591014905531,0.0022554276116431,3.20158432775814
172,10.0084400177002,2957,0.0228402689099312,0.0145817632189136,0.0641349629749115,24.0138899977489,25.8532642364503,6.40197490038183,4.16119893150315,28.3934926350912,4.22577743736937,4.1059527680545,5,1.79175946922805,0.00229737565007271,3.3557350075854
172,219.488693237305,6383,0.334797263145447,0.139198841354812,0.562279494628065,22.0746584943546,21.5050854274205,3.20613030729204,1.86988268043461,20.5846804936727,3.20613030729204,2.51381082070295,7,2.07944154167984,0.00276079983281607,3.06805293513362
172,598.841613769531,1953,0.0640120953321457,3.62174838528517e-05,0.00225671976196651,27.8714309077109,31.6952915615506,4.94929482511841,4.15099708242866,32.1582211812338,4.36251483777105,3.75184821108378,3,1.38629436111989,0.00290397993799862,3.76120011569356
172,268.294982910156,2980,0.0855744257569313,0.00294035621195832,0.0161082090052709,28.1533898876559,27.9827397664388,2.65566438919832,1.52709821018371,27.1262056986491,2.65566438919832,1.93291358399852,4.99996444444444,1.79175354328457,0.00305789121355449,3.35574093352888
172,140.076538085938,6399,0.394469827413559,0.0618348137911227,0.187855820344947,18.8874614346413,22.4332889344957,3.42368290806779,2.30800479681072,20.4746557235718,3.06265152565124,1.79327483967218,6,1.94591014905531,0.00316443903741626,3.20158432775814
172,72.3917236328125,4543,0.0358618758618832,0.0182195873253796,0.132687362689342,23.3138821707832,23.8009211381276,3.92778689040187,2.35204137676024,21.49697265625,3.92778689040187,3.33131554840232,8,2.19722457733622,0.00347348423530736,2.95026989947723
172,143.255325317383,3225,0.319537580013275,0.0549365316503518,0.0940671659195296,17.0164788140191,15.3404315736559,5.61295182792225,3.81815545586261,17.253125445048,3.74007968848107,3.20673720366415,6,1.94591014905531,0.00362116204816809,3.20158432775814
172,118.804252624512,3973.5,0.158345311880112,0.0162295262235581,0.078752600839529,28.1363384780065,27.2045572190057,1.84837330591321,1.47331462042363,26.8257712682088,1.80860923245162,1.79537703517781,6.00004740740741,1.94591692151915,0.00388825992174102,3.2015775552943
172,1264.46447753906,3996.5,0.59417200088501,0.067303490526637,0.1728566444447,2.8532457126085,7.18985392252608,2.29564475542012,2.08349452790966,6.11590474446615,2.29564475542012,2.12364149703515,4,1.6094379124341,0.00393373545617526,3.53805656437935
172,32.0672950744629,4973.5,0.00827501248568296,0.0295278769037566,0.0819465070967951,20.9302536010742,19.6548492431641,6.1050772891903,3.50471733329024,20.058935101827,3.20365703154283,2.81065183457772,9.99995259259259,2.39789096302477,0.00395670668179537,2.74960351378868
172,22.4605808258057,5384,0.268541097640991,0.0168695459442034,0.0904507049554155,21.2407244897658,20.5621800316705,3.30178508331524,2.93833513919758,20.5195063908895,3.30178508331524,3.12645476096928,3,1.38629436111989,0.0040385609096576,3.76120011569356
172,781.166625976562,1992.5,0.130250945687294,2.48814008045883e-05,0.00107641193625341,29.4542029274835,33.941464360555,3.96314415956163,3.96314415956163,34.7611960728963,3.96314415956163,3.32332241238595,1,0.693147180559945,0.00411492777585443,4.45434729625351
193,626.78564453125,1985.5,0.0770437195897102,2.53214903764842e-05,0.00268423564310538,29.6840993669298,30.8130889892578,4.4467766298801,4.4467766298801,30.6465361277262,4.4467766298801,4.18979266008874,1,0.693147180559945,3.55162062843917e-05,4.56954300834494
193,22.2488498687744,3598.5,0,0.00511689169104912,0.0956469877136605,26.9595928684357,26.630348332723,3.33724223338438,2.05386788542575,25.4774216969809,1.61136456019485,1.25435687747493,5,1.79175946922805,0.000110917920984499,3.47093071967683
193,34.6955642700195,4643,0.0445755124092102,0.0997641900603554,0.181355651196455,23.34062443805,24.4366037209829,2.90766456240652,2.18569067035935,21.0205176035563,2.90766456240652,2.44225077932032,8,2.19722457733622,0.000209246069051261,3.06546561156867
193,853.855163574219,862.5,0.0376907922327518,0.00834277472593925,0.0176451384746024,18.5486376868354,14.400938712226,5.78214610485352,4.88971056237796,14.4359457651774,4.97062909189689,4.44349279114017,3,1.38629436111989,0.000263751173635862,3.87639582778499
193,12.8948059082031,4966,0.189724206924438,0.000888816431707795,0.0203939297037294,29.5905843837288,28.1227455563015,2.02973962442605,1.7136703344707,28.3025804519654,2.02973962442605,1.85125209570656,3,1.38629436111989,0.000411546348777048,3.87639582778499
193,88.0081939697266,5155,0.238711133599281,0.04156674082056,0.157346408211851,25.3220218822521,27.0705499013265,3.27867560224087,2.43453221249743,26.3971076965332,3.27867560224087,2.70526429575336,4,1.6094379124341,0.000440193967817692,3.65325227647079
193,86.6929092407227,4835.5,0.13970211148262,0.0418711308313,0.0861381719813004,22.7062021043566,27.4203792572022,1.88580311375366,1.46442954297221,26.1863491694133,1.88580311375366,1.58114633126041,5,1.79175946922805,0.000740409565336497,3.47093071967683
193,4.88977766036987,4207,0.010182861238718,0.0280301929570506,0.0905478062675158,25.8921186877835,20.4305098215739,3.84960277893543,2.65612440328048,21.1170259475708,1.72603107379797,1.37573809124125,8,2.19722457733622,0.000813317827675131,3.06546561156867
193,1200.71130371094,2259.5,0.601091027259827,0.00207430345291826,0.00980889993445189,22.7889665254983,22.1904373168945,1.87211492314753,1.55295113605019,21.1815010070801,1.87211492314753,1.85808535484359,5,1.79175946922805,0.00101940220505359,3.47093071967683
193,60.258960723877,5394.5,0.146738812327385,0.0241665581262893,0.130023670723659,23.5860516018338,25.0368311564128,3.42337601638865,2.32322770255137,23.6904572804769,2.14593315558911,2.04482552035637,7.00001185185185,2.07944302316022,0.00129845159710407,3.18324716574467
193,90.1309356689453,5149,0.057313185185194,0.057646606051037,0.150061852927067,22.2870708041721,26.8446409861247,2.55188518322098,1.22113978374875,23.8565940221151,2.55188518322098,2.09837810293429,7,2.07944154167984,0.00137654603508131,3.18324864722505
193,32.1584053039551,5401.5,0.0471954606473446,0.0502332927379356,0.154159021817257,25.2859849082099,28.9352699279785,4.95762374959583,3.48349573560312,27.4144957224528,4.25333231444671,3.10309573764368,8,2.19722457733622,0.00186272487669237,3.06546561156867
193,8.9210033416748,5882.5,0.0125052370131016,0.0186931964085417,0.136751058820458,24.7522059491886,20.0943151473999,5.40808209958847,2.96998811010129,20.1423701604208,5.40808209958847,3.38741747546569,4,1.6094379124341,0.00188474737604449,3.65325227647079
193,864.591857910156,1505.5,0.355602860450745,0.0112479816445692,0.0762108469641269,24.4686438242595,25.3440074284872,2.31409730143244,1.31643794362765,24.0535808563233,1.85339132581968,1.79212094088082,8,2.19722457733622,0.00208126674971976,3.06546561156867
193,862.752685546875,5985,1.41198492050171,0.127537878841068,0.318310113089762,10.695699013604,1.98118161095516,2.82891713721505,1.87731822856631,8.47047894795742,0.575995413150052,0.307902175235425,6,1.94591014905531,0.00249274950040912,3.31678003984957
193,98.608024597168,6351,0.181985914707184,0.0147349912422747,0.0766696102149496,16.9437229279549,18.2236608823141,4.71760810907306,3.03675563690126,18.6568879445394,2.68838414008303,2.13770794517863,4,1.6094379124341,0.00290956056537062,3.65325227647079
193,7.37046766281128,4511,0.0119177279993892,0.00198445606057618,0.0837627167053654,23.7820171110092,22.275035794576,3.66074516726769,2.3029912070675,24.6545676549276,3.66074516726769,3.2619161729851,10,2.39789527279837,0.00296249689876604,2.86479491610651
193,1047.2958984375,1984,0.460318505764008,0.022254345559606,0.0314336146269945,19.7203454950805,19.6150658289591,1.52863453285372,1.34540248497444,21.1755154291789,1.49552735427826,1.41505883472342,4,1.6094379124341,0.00365921953228909,3.65325227647079
193,45.4412231445312,4187,0.136709988117218,0.049157322610025,0.147475446768741,23.3094248904977,28.4699730767144,2.06562287415976,1.20655508684387,25.4978761037191,1.17591700458375,0.922080723041787,6,1.94591014905531,0.00368484173110895,3.31678003984957
193,866.659912109375,6173.5,1.26827311515808,0.0711070076737848,0.515117634795704,10.6228310861896,14.329998588562,3.4787540105174,1.42240920251388,14.7761646270752,3.4787540105174,2.66758458596042,6,1.94591014905531,0.00385607613267591,3.31678003984957
215,45.3557624816895,5339.5,0.0256667137145996,0.013797868242893,0.113322997082907,21.2866433338453,21.0761227501764,3.60528588486659,2.08758311687123,25.8823336919149,1.87522461282853,1.82242160584382,9.9999762962963,2.39789311791389,0.000163620712122836,2.97274491021377
215,864.591857910156,1380,0.355602860450745,0.0141648117498008,0.0324852301099234,25.2445648029287,23.5179022047255,1.61698918347607,1.2493852132917,24.5909137090047,1.61698918347607,1.24383336659464,3,1.38629436111989,0.000182077156368421,3.98434366700777
215,611.575988769531,4284,1.0300350189209,0.00958007178403975,0.0534852087221616,15.2078961266412,22.8025282118056,0.504403055737984,0.442528951682982,23.2024335225424,0.426582558958638,0.411591899655481,3,1.38629436111989,0.000316574785042656,3.98434366700777
215,5.7547607421875,6045,0.00779168307781219,0.119958835234211,0.198717746989434,18.5857620731476,22.897233581543,5.16757539511027,2.32155138814645,19.8340621948242,5.16757539511027,4.14256377802846,7,2.07944154167984,0.000451656647507015,3.29119648644783
215,594.366882324219,1725.5,0.439888894557953,0.00172413948657635,0.00376161247914197,22.9128258811103,20.443660736084,1.34859725414504,0.736551078550432,19.7030435562134,1.34859725414504,1.07682310177109,10,2.39789527279837,0.0010473047379066,2.97274275532929
215,943.048950195312,2116,0.521613419055939,0.0046668244392265,0.00978953601381249,20.9561085526661,14.4722561427525,3.46025925132302,2.44258143063665,15.4651065826416,3.26160763768538,2.96021651423183,7.99996444444444,2.19722062671113,0.00112933883479005,3.17341740141653
215,8.82071399688721,3985,0.0492165461182594,0.0157920545711718,0.0546365749784741,3.77605514936556,0.318300642790632,6.52418075601873,3.60444704888323,5.6963417689006,6.52418075601873,5.14451308945633,9,2.30258509299405,0.00123817614709643,3.06805293513362
215,872.908935546875,3453,0.485257506370544,0.020740253649592,0.150235871750017,5.0487954826765,8.07910855611163,2.14569458818981,1.10436006304115,10.2218194961548,0.825640011391596,0.539277485668071,5,1.79175946922805,0.00127928771650665,3.57887855889961
215,234.560592651367,2432.5,0.66007387638092,0.000673883046509616,0.0428046521797114,25.0350195033577,31.009618165758,2.17527441364405,1.65719084479273,31.7741749445598,2.17527441364405,2.0443495298296,3,1.38629436111989,0.00211403883348926,3.98434366700777
215,60.7521743774414,4303,0.117208890616894,0.0707864470905406,0.184654863038205,18.6875659655499,20.0846127827962,4.51578326332498,4.51578326332498,20.551966603597,4.51578326332498,3.55497957144206,1,0.693147180559945,0.0021359319880544,4.67749084756772
215,3.64866542816162,5084,0.0662704408168793,0.0274797214504332,0.102836753400016,21.2653925987982,20.3799421946208,8.24485070650702,4.88478997387861,21.7813297271729,3.20509267205342,2.68282454217276,6.99995259259259,2.07943561573635,0.00229295224357018,3.29120241239131
215,8.9210033416748,6587.5,0.0125052370131016,0.0457830058967694,0.128436297949488,24.7265559042655,28.0741350809733,4.5973707601353,3.82483697072831,28.763490931193,4.23957946656591,4.04486656718815,8,2.19722457733622,0.00249445414670491,3.17341345079144
215,977.851867675781,2232.5,0.142987430095673,0.0232275043397507,0.0262203087167308,11.4668186638946,9.01278857276554,2.56171094947741,1.49792468359621,6.93778063456216,1.48160890953568,1.07446372387554,7,2.07944154167984,0.00324040701157435,3.29119648644783
215,8.29177665710449,5311,0.0764502510428429,0.0654670015513261,0.166933376666464,24.0547807481555,25.4619307563419,4.12408208711212,2.87195962315986,25.4245086669922,2.01732762669249,1.2779788616771,7,2.07944154167984,0.00372308022751722,3.29119648644783
236,1200.71130371094,2210,0.601091027259827,0.00816924090040771,0.0280159378210918,22.3696431067683,17.2906795501709,2.18161044256429,1.87219660732196,17.2906795501709,2.18161044256429,1.87219660732196,2,1.09861228866811,8.83194885628047e-05,4.3652195163575
236,737.874633789062,6859,1.03685176372528,0.0302862353316833,0.254070795149055,9.49785688666884,8.47947718302413,2.48340463197579,1.60912669417238,13.4735516866049,0.915119848232642,0.470849947230974,7,2.07944154167984,0.000239626621546529,3.38439026334577
236,8.23612308502197,5125,0.00929025374352932,0.0103665539504085,0.0949286627086892,25.3898973854641,18.7284574781145,6.84388682867116,4.62430268805897,21.4204809824626,3.16007671325663,3.08215410974057,7,2.07944154167984,0.000384176274106585,3.38439026334577
236,79.2534637451172,7084,0.269923388957977,0.135242575025607,0.229628917126547,22.6699629014539,20.780055141449,2.09172146402322,1.71296315688988,21.198429997762,2.09172146402322,1.83894938175146,4,1.6094379124341,0.000907029678187121,3.85439389259151
236,351.2802734375,5935.5,1.22319424152374,0.00984647792538951,0.0701813044954314,24.228935106339,25.4687438964844,2.03551204983912,1.3925673785889,25.2519994735718,1.54696964844714,1.50050428653484,5.99996444444444,1.94590506967733,0.00102317079410519,3.51792673534828
236,80.7914428710938,4191,0.212373927235603,0.0165578254642789,0.243452868242656,22.6790306009273,16.8873341696603,3.84418146877575,2.11562626117655,20.434101041158,1.96960139308786,1.53284042388275,7,2.07944154167984,0.00118381676001034,3.38439026334577
236,753.185485839844,7094.5,0.513897776603699,0.1364239285842,0.396665915210743,15.9898976848972,14.33281844457,2.53188115119126,1.12074435809382,15.5706528981527,0.424056786512764,0.315065018358144,4,1.6094379124341,0.00137293069483979,3.85439389259151
236,45.8508033752441,4541.5,0.064220517873764,0.0763922937609287,0.152923847685255,23.7746293960079,24.6124913674814,3.75061790808429,2.53167100276242,22.5460706710816,3.75061790808429,3.55349064982494,9,2.30258509299405,0.00304176542348211,3.16124671203156
236,825.979248046875,3920.5,0.90640515089035,0.0178161175109182,0.026051717699044,24.5691082944153,21.8983148892721,2.42352702808148,1.19983411014904,21.1581137339274,0.495634319976156,0.417991656397093,8,2.19722457733622,0.00325131525109401,3.26660722768939
236,98.7772598266602,2979,0.290310710668564,0.0752385172720942,0.119134842003955,19.1037211141279,14.3505146026611,6.52216550578415,3.69468072541919,13.1084129969279,6.52216550578415,4.71400840042854,5,1.79175946922805,0.00363637662705008,3.67207233579756
236,1.28515458106995,3997,0.00800362601876259,0.00400756074128594,0.0265248476486413,22.0966679679023,14.6975392659505,6.38504321999505,3.77216556881071,11.3094058990479,6.38504321999505,5.89167768180937,6.99998814814815,2.07944006019726,0.00412178953669429,3.38439174482835
258,23.3199710845947,2684,0.0450827032327652,0.0165587190110514,0.0626569796973833,15.8403331544665,10.7859612994724,4.05438443831418,2.81650143912593,7.89045613606777,4.05438443831418,2.60707553364343,6,1.94591014905531,4.25578235848656e-05,3.6070494358663
258,1179.41003417969,3831.5,0.699527561664581,0.000568773282132895,0.0366751902332325,25.3593781255907,29.6029425621033,1.83058843648065,1.65615709756146,30.4004290262858,1.70104993463408,1.5140587727029,4,1.6094379124341,0.000204411423083695,3.94352167248752
258,87.2572479248047,5326.5,0.0569562651216984,0.0378527703557374,0.241974126028722,23.7585196601021,25.0545500619071,3.33862111025899,1.73434678228991,25.4600289026896,2.82018132419214,2.46242368548871,7,2.07944154167984,0.000405494641553261,3.47351804324178
258,50.5858383178711,6966,0.115937598049641,0.0487598694598681,0.172357266586857,18.9266704313216,23.0382803945831,4.17647001683202,2.43896520666899,19.1705404281616,3.33078551483606,2.60915754572245,11,2.484906649788,0.00079886089172676,3.06805293513362
258,60.4588394165039,3330,0.072655662894249,0.0277377683278743,0.151604654072464,24.446755940427,23.9540517489116,4.04690350131762,2.31836324670556,23.8168677647909,4.04690350131762,2.35546949544339,3.99998814814815,1.60943554206092,0.00107624257838035,3.9435240428607
258,1067.81213378906,1676.5,0.534554898738861,0.00614802419526939,0.0311149404646081,22.4833917392198,16.5925126676206,4.15326774874643,2.42979278166737,16.7734968821208,4.0787510533482,2.81029106010933,9,2.30258509299405,0.00159734313381898,3.25037449192757
258,1307.76391601562,1791.5,1.08411860466003,0.00754071710775506,0.0387241287971527,24.6640166908182,20.1300735473633,3.24715437213223,1.80421123700158,18.8393077214559,1.58841022833846,1.39357244160612,4.00001185185185,1.60944028280166,0.00183520972630347,3.94351930211996
258,494.657135009766,1831.5,0.289476931095123,0.00350263306753007,0.0662043014782867,26.8830522598759,28.3879671520658,4.28339560145669,3.56321969398501,27.6170167287191,3.97111151789238,3.37162185248636,6.99995259259259,2.07943561573635,0.00207729157744829,3.47352396918527
258,83.960205078125,7112,0.00580034172162414,0.112917737799492,0.181011639522676,19.2879957670807,23.4022780100505,2.68576165294406,1.87302109968032,22.6531667073568,2.46508535971648,1.87356005217336,5,1.79175946922805,0.00217414555867124,3.76120011569356
258,166.672210693359,3572.5,0.192184522747993,0.0890606928479691,0.127688791640896,12.8564999262492,7.95652732849123,3.02674369296564,2.75798908029031,8.44084161122646,3.02674369296564,2.93723690426589,3,1.38629436111989,0.00313716018643229,4.16666522380173
258,37.7786598205566,6466,0.0332415364682674,0.0669600445951879,0.157655848392416,21.5725642870832,20.6248115176247,4.86907791820534,3.03651713736547,22.8380507787069,1.97973174348745,1.41953343265113,7,2.07944154167984,0.00322738257013555,3.47351804324178
258,932.236267089844,2280.5,0.157157942652702,0.00580491552656781,0.0119094199087328,20.0550826370075,14.3804304758708,2.26230737966577,2.05030817877146,14.3804304758708,2.26230737966577,2.05030817877146,2.99996444444444,1.3862854721915,0.00361392279185124,4.16667411273012
258,452.19091796875,2628.5,0.87151437997818,0.0209356611555478,0.0815386931988584,24.4723125033909,20.9689726193746,3.74965262344552,2.09587515966043,20.2403433481852,3.74965262344552,3.64675134058039,8,2.19722457733622,0.00363147488565196,3.3557350075854
258,61.4363479614258,3210.5,0.736074686050415,0.0202179484146789,0.115733082729236,23.124450132582,24.2584618886312,1.21891557355294,0.750419192491682,24.1198701222738,1.21891557355294,0.895018885920972,4,1.6094379124341,0.00381666928790858,3.94352167248752
279,340.801605224609,3934,0.681579232215881,0.000255589177211135,0.0900021859398201,23.6450287501017,25.8203421274821,2.89604016360697,1.52453726967611,27.7972602208456,2.89604016360697,1.90048295229016,5,1.79175946922805,0.00122122624959964,3.83945231259331
279,136.97819519043,3947.5,0.034041304141283,0.0816360598469679,0.171269890351837,22.6999895116335,26.4263292312622,3.95886290542973,2.06457096554881,27.7166067123413,1.63102590661997,1.40458274420317,6,1.94591014905531,0.00128929919861775,3.68530163276605
279,56.2893524169922,2780,0.114156387746334,0.00200549416329565,0.0341830795398224,26.0992510477703,26.7007424990337,2.39942055258626,1.77865602139544,25.8069174448649,2.39942055258626,2.14599549450635,4,1.6094379124341,0.00131546114308045,4.02177386938726
279,64.9622497558594,4743.5,0.041319128125906,0.0475994178778869,0.272175636765546,22.8375760847522,20.6887466821915,4.28697729860254,2.62487797475945,20.2272888183594,3.45461021787064,3.11245274308196,12.9999881481481,2.63905648305405,0.00182118156828337,2.99215529876731
279,132.953536987305,3690,0.767318844795227,0.0241528369976258,0.0940671864920013,20.6985640248944,22.4491374424526,2.44260336264042,1.86473528577332,20.2377789179484,2.44260336264042,2.39748695104673,7,2.07944154167984,0.00213571392339851,3.55177024014153
279,126.765701293945,3602,0.098295234143734,0.0504365462751331,0.0999687997169723,5.51971292949861,7.12786687215174,4.7960356403144,2.90137408223071,7.5026314417521,2.55661227170346,2.44014059244738,5,1.79175946922805,0.00329284680674913,3.83945231259331
301,22.7414627075195,5825,0.0559687800705433,0.041811469160848,0.192491641130299,24.0698847876654,30.2964733600617,4.87944968914968,2.06805669374397,30.1410528182984,4.87944968914968,4.17475772416935,8,2.19722457733622,0.000262348198227236,3.50988568741266
301,4.9646053314209,4933.5,0.0220981184393167,0.0192130565675761,0.136051311692633,23.8594798617893,26.1741618928455,4.83625420639847,2.77224984878822,24.705102856954,4.78978030656523,3.45577150469397,7.99998814814815,2.19722326046292,0.000891406860324628,3.50988700428595
301,79.7652816772461,4481,0.0513269677758217,0.0383586909191536,0.187554011837012,2.71790475391208,3.80753615243094,5.71009908643769,3.15901861271411,3.13095658620199,5.71009908643769,5.66047134794385,7,2.07944154167984,0.00159745018149959,3.62766872306904
301,778.170043945312,2964,2.41156268119812,0.104578565868128,0.326442448015772,0.211452193487276,5.25392764409389,1.25665880687392,0.795230472538235,3.16734307607021,0.796033861987551,0.610597692547973,4,1.6094379124341,0.00184341315858816,4.09767235231478
301,22.686918258667,3436,0,0.00837316564964397,0.042114374349616,23.5156529320611,24.7687232335409,6.1887087384741,3.82118943548895,24.431423441569,4.76090653198333,4.28265500933566,10,2.39789527279837,0.0024491720512918,3.30921499195051
301,47.484992980957,5379.5,0.100372076034546,0.0303604765257113,0.0853955741602448,23.0685757339642,22.2953221638998,3.5724804645204,3.1052836086383,20.4910579681397,3.09501469114016,2.64009570381492,5,1.79175946922805,0.00357037624437839,3.91535079552082
301,223.496002197266,5497.5,0.227740839123726,0.0519703429089198,0.192556161918535,22.6857665564424,22.8378605524699,3.65698369024398,1.86045384953281,23.9320976893108,2.43895682106693,2.07123170801749,10,2.39789527279837,0.00367663126480633,3.30921499195051
301,120.7041015625,4774.5,0.513334274291992,0.0926597897709875,0.333579313883185,19.3409702512953,21.6375849405924,0.94242825355322,0.627551230149112,17.692937151591,0.497940161461846,0.449755188832841,8,2.19722457733622,0.00406302938726011,3.50988568741266
301,698.351135253906,4720.5,0.306656569242477,0.00433019362210629,0.0364374937131267,23.2390135659113,25.351157283783,2.0065276662789,1.44216330625823,25.3123394012451,2.0065276662789,1.6150123167589,4,1.6094379124341,0.00412194979569025,4.09767235231478
322,132.347091674805,4761,0.373541682958603,0.0473365380180333,0.180672958385522,17.3025994946881,14.2321487426758,2.26369568204227,1.38342444375474,15.0030237197876,2.26369568204227,1.77868482920324,4,1.6094379124341,0.000906985487012402,4.16511363311031
322,97.5152893066406,4835.5,0.0938806012272835,0.0524586655024564,0.110902654331365,18.7905512068007,6.43071984185116,4.79114148653382,2.28289170247358,6.20630067189541,4.79114148653382,3.38479029741368,6,1.94591014905531,0.00150884301309051,3.8286413964891
322,853.807678222656,826,0.292345494031906,0.0181151416415091,0.0660600088375318,26.2841604991626,26.5963893890381,3.02902473324561,3.02902473324561,26.5907496770224,4.00711802325043,3.51807137824802,1,0.693147180559945,0.00175538460068025,5.08140436498446
322,4.71755886077881,5389,0.0143068507313728,0.025129238005885,0.0949412526136229,24.1941224457116,19.8886102994284,2.63701730713058,2.31885954199357,20.8617899576823,2.63701730713058,2.38645101493768,4,1.6094379124341,0.00194497709788299,4.16511363311031
322,39.2366142272949,3407.5,0,5.62139590840616e-05,0.00124923866900062,27.7860608541837,28.5369089338515,8.39675368077134,7.99282177612373,28.4788048426311,8.39675368077134,8.11053741416166,3,1.38629436111989,0.00286475606638159,4.38825718442452
322,155.871322631836,4202.5,0.143902465701103,0.00969763255869438,0.103633669816485,18.8007903840807,14.9788587782118,2.20959278261072,1.26733001601448,18.8853387196859,2.20959278261072,1.31566810541543,6,1.94591014905531,0.00289579928461414,3.8286413964891
343,99.2427749633789,3980,0.0813602432608604,0.0161398967700457,0.190312482383614,23.643489989414,25.4265101114909,4.46833113534196,2.75206552769421,26.6830475489298,1.90437226682254,1.43287841546355,8,2.19722457733622,0.001130856726137,3.64050586982972
343,511.571166992188,4431,0.734327554702759,0.0914606573412975,0.189966028020237,5.665745487008,6.74783461888637,2.77859344134235,2.36655100022135,6.21870225270595,2.77859344134235,2.46318560539602,4,1.6094379124341,0.00124723650106795,4.22829253473184
343,152.74365234375,3212,0.0649529919028282,0.0194141126495353,0.0790970907404045,21.4967230191795,17.6170768556141,4.86228919918215,2.26597308051718,19.8992115020752,2.01609977675176,1.8001835099458,7,2.07944154167984,0.00149887020407469,3.7582889054861
343,37.2835845947266,2824,0.140332669019699,0.0314035623127502,0.119805869257608,16.5548173692492,12.6645173968691,5.73718670402728,2.69034420686693,14.0873568216959,3.56989454844694,2.30632541410131,11,2.484906649788,0.00191848918075799,3.35282379737794
343,76.1869735717773,3082.5,0.0516798906028271,0.00888119441540525,0.127792286821283,27.8516306190081,24.4689067628649,3.93024173869775,3.39820588703912,22.7731831232707,3.93024173869775,3.6325422177178,6.00004740740741,1.94591692151915,0.00364146456709769,3.89181352564679
365,957.276123046875,5625,0.819747567176819,0.00602963284039149,0.103800509751647,19.2821832349223,18.4571680704753,1.23241145400895,0.872497576177334,20.9958422342937,1.17911872396537,0.973326799070897,5,1.79175946922805,0.00187146316242714,4.10813788435444
365,460.484222412109,7260.5,0.231805592775345,0.0327355678077375,0.165693865985698,18.2734625710381,21.194131399084,3.47477934299798,1.43087640611746,22.8457389831543,3.47477934299798,2.99284563548001,9,2.30258509299405,0.00252431631215078,3.59731226058845
365,327.353973388672,2505,0.528900921344757,0.000649214240112883,0.0227256747769005,22.4846771876017,24.4965740203858,1.70537006154602,1.29439465260968,24.9292926152547,1.34207953856649,1.30210116895524,4.00001185185185,1.60944028280166,0.00356110793754427,4.29045707078083
365,43.4688987731934,4484,0.77223151922226,0.086926998212892,0.12483562334792,23.7480866503972,18.7911870461924,2.45232968864348,1.34191737256223,17.3578891118368,2.20735511080147,1.70106579500714,9,2.30258509299405,0.00387359946277077,3.59731226058845
386,82.895751953125,4660,0.06786248087883,0.0398638364976946,0.134556282334447,23.652598868476,26.2690550304594,4.89978762951921,2.89125475600024,28.8365051905314,3.28516730800311,2.19648916619612,7,2.07944154167984,0.000155480020138654,3.87639582778499
386,97.3063507080078,6819,0.343721836805344,0.0545233252674109,0.162679049968997,23.2037348005506,22.4580178760348,3.82547790105613,2.50856441264572,18.9510382970175,3.82547790105613,3.69403529179928,7,2.07944154167984,0.00104748454419479,3.87639582778499
386,67.34326171875,5271,0.111472077667713,0.0360137302502181,0.14240531292343,18.5623831472089,23.2201906204224,5.00867450370883,2.50970633765084,20.1743465423584,3.46188684795128,3.30768640732702,12,2.56494935746154,0.00114389927716008,3.39088801200329
386,134.067687988281,4230.5,0.0145122334361076,0.0213767655438346,0.0662919993486746,18.831763716667,12.6262233734131,3.63909545126339,2.19773009748082,14.9991791407268,2.18493565648003,1.7846618399657,10,2.39789527279837,0.00291857968377152,3.55794209666646
386,1134.58923339844,2625.5,2.02921342849731,0.00597280690973889,0.0086087829019732,21.703871909521,16.2510060628256,2.46503721507288,1.75740801661092,16.81284421285,1.71449033499982,1.50143363803365,4,1.6094379124341,0.00339418340778197,4.34639945703073
386,76.5277099609375,4443,0.231833681464195,0.0503353011216419,0.13872722063153,22.8692188686794,27.9179912567139,4.52422720311386,2.41198515641653,25.6720491409302,4.52422720311386,4.21589723895413,6,1.94591014905531,0.00364005781952714,4.00992722040952
386,61.7975769042969,3464,0.449509799480438,0.0349983105469569,0.145426504917548,20.326657272667,17.2777625613743,1.46803738266335,1.07666733034331,17.0410629272461,1.33517691947288,0.88098230418329,3,1.38629436111989,0.00376037688767739,4.56954300834494
408,74.6908264160156,6849.5,0.0491499602794647,0.0791494413412543,0.240791542706319,21.9400092586395,22.2071103731791,3.99987585666063,1.87833887747437,24.127169863383,2.48268343683231,1.67382000266271,20,3.04452243772342,3.05546142878033e-05,2.96674473668074
408,23.8762989044189,6087.5,0.145312577486038,0.0297874705835426,0.176977505121968,25.7702214928084,29.1757749345567,4.00115199935477,3.19308977983799,29.0793612162272,4.00115199935477,3.79976473582535,3,1.38629436111989,9.82424939401927e-05,4.62497281328427
408,47.7425651550293,5177,0.146487757563591,0.11338340791146,0.283713028589272,22.198644955953,27.19198835161,4.47130194085008,2.45301437776202,26.5163360595703,2.52658728314621,1.92479822711721,12,2.56494935746154,0.00249243774362817,3.44631781694262
408,789.173034667969,5492,0.492397725582123,0.0125705462457404,0.125642258202802,23.3919725206164,22.2425043741862,2.50020088509404,2.50020088509404,22.7269604365031,2.50020088509404,1.75023701195971,1,0.693147180559945,0.00336603924069401,5.31811999384422
429,72.3917236328125,4298,0.0358618758618832,0.039329276167468,0.117765022511307,22.2600127538046,26.336821351228,3.01052799893252,1.86548455891381,22.3621370951335,3.01052799893252,2.49237543635791,9,2.30258509299405,0.00146121677145428,3.75887182593397
429,21.8569526672363,4963.5,0,0.0369698817937625,0.13961550104144,24.810731731948,24.5393134117127,8.16117441258523,5.26928117520022,24.0895118077596,3.07811366319951,2.67998535342078,11.0000118518519,2.48490763744183,0.0018715331590512,3.57654928148618
429,1042.09887695312,1916.5,0.52933794260025,0.0113795182655849,0.0284826138343526,21.3824654938072,15.6439063026792,2.70002869315291,1.65572413013753,17.505569712321,2.27839078331281,1.63074783060202,13.0000237037037,2.63905902273552,0.00220062627717399,3.4223978961925
451,241.295776367188,5642,0.162423983216286,0.0361884717424736,0.106425227248696,22.454331694709,22.9855398813884,5.05151854042734,2.81999920297574,26.150443649292,2.53519883080748,2.01733245744832,10,2.39789527279837,0.00116402743411381,3.71357206670431
451,953.542663574219,2063.5,0.78664755821228,0.000411307056964461,0.00725108045210732,21.3019922194943,17.8191617148264,3.02949241929059,1.89519431180681,21.5836158752442,0.934077312144102,0.759455846143597,6.00003555555556,1.94591522840749,0.00141523564550505,4.16555211109519
451,13.7235670089722,5253.5,0.0301338061690331,0.05808819082689,0.188634506475523,15.4934457567003,14.323884900411,3.12911375091845,2.19074517040526,12.7400480270386,3.11698512055056,2.64135731172977,8,2.19722457733622,0.00350974679695248,3.91424276216646
472,218.524917602539,3412.5,0.693792343139648,0.00849565388364582,0.0274983900667998,26.8018893457228,26.4149443732368,3.44177660962102,2.45056646370238,26.5897295633952,3.44177660962102,3.28608900176696,3,1.38629436111989,0.000393154748282276,4.77068462446567
472,51.3324661254883,5808.5,0.125547721982002,0.0593274301259008,0.106850850004598,25.3317327889064,24.8616530827114,3.95525519359,2.7776268876678,26.8258377075196,3.23422178520701,2.3086123408413,7,2.07944154167984,0.00364326154838313,4.07753744390572
494,19.8210220336914,5895.5,0.0259160902351141,0.0636987126445092,0.193514675656342,21.8116415023805,27.5882813967191,6.17211715548879,4.49358026819007,23.9536930084229,4.98790331371705,4.58436806009908,13,2.63905732961526,8.84101308664675e-05,3.56347818757266
494,495.713775634766,2479,2.0700421333313,0.000430590436717893,0.0416484569898117,22.7004907396105,23.7031500498454,2.44837740683571,2.05144039223939,24.4739503224691,2.07145388662188,1.96418074367915,8,2.19722457733622,0.00106870055572983,4.0053109398517
494,9.09593963623047,4741,0.0110196433961391,0.0149661873601801,0.0803554158167437,22.2385415805284,21.1971950349354,4.09598566787135,1.83252544729772,22.4887910842896,0.953899089879208,0.858172066600229,14,2.70805020110221,0.0011835046703047,3.49448531608571
494,399.306457519531,5439,0,0.00357869979203684,0.0293974146327827,25.3748700247871,30.4122882843018,2.71509775531841,1.97620248345331,29.4346964518229,2.19482909061479,1.62645511662774,5,1.79175946922805,0.00187728918473518,4.41077604795987
494,761.877197265625,4900.5,0.824808597564697,0.0362968894822266,0.0612903681305568,18.8338865280151,20.6502504984538,2.64732323830913,1.54714203609816,20.2296882629395,2.64732323830913,2.00490151953084,5,1.79175946922805,0.00287486148440619,4.41077604795987
515,2.2920618057251,4847,0.00446347845718265,0.0288576616901359,0.148297373725253,24.9038357560352,20.4179410752797,6.66896891730027,2.72596381252592,20.384901936849,6.66896891730027,5.84986121755593,13.9999525925926,2.70804704060339,0.00211925382611222,3.53611986006035
537,92.1407623291016,2965.5,0.0964201837778091,0.00424983703102555,0.0198725410524219,22.9236989052064,18.1322885513306,4.28818651457741,1.67516784639216,23.6512437820435,2.81041771235299,2.19374711192146,10,2.39789527279837,0.00112437425333933,3.88810282171049
537,1175.35986328125,2613,0.208024203777313,0.00526096444255941,0.16328761779106,23.3479683455601,26.0970285097758,1.76574915727341,1.47970907553154,25.8787885665894,1.76574915727341,1.41106629177529,4,1.6094379124341,0.00147947491040124,4.67656018207476
537,90.7681045532227,2586.5,0.272177457809448,0.0363279691399327,0.0396395247433112,23.882299571567,20.7290276845296,0.785901272767893,0.785901272767893,20.8832355499268,0.8277341776269,0.806817725197396,1,0.693147180559945,0.00268688391881333,5.59285091394892
558,4.88977766036987,5117,0.010182861238718,0.00793916342509959,0.0680743228691689,27.4550678786412,23.6016520288256,3.40667973892102,2.14843120956379,24.2239697138468,1.14918255431888,1.03156352947397,12,2.56494935746154,0.000547769922554231,3.75940960491977
580,110.937438964844,5485,0.140055164694786,0.0491308841778491,0.153502090833605,22.0308495203655,28.8849061489105,3.15395456074113,1.71890723540062,27.228026008606,1.53897863322482,1.51358255543,8,2.19722457733622,0.000192668437571486,4.16580352620425
623,19.7941970825195,4983,0.177542075514793,0.0238175491876049,0.0861416895551343,26.6654138339464,19.2501194823022,4.36753598598832,1.91384968540675,23.5427096048991,4.36753598598832,3.71273707660521,17,2.89037175789616,0.00029076848707621,3.54417476089129
623,1094.88732910156,2076,0.649608731269836,0.0156609320782088,0.0573667089164687,19.3081413063951,16.2186389525731,2.76155500748838,1.3386118424858,22.8238531112671,0.739127542480379,0.641616595936494,16,2.83321334405622,0.000480754489742496,3.60133317473124
623,32.2922325134277,3888,0.0219224188476801,0.0494260575738394,0.134528959741264,23.390321555189,14.5431413468861,5.6771702430884,3.43280807713281,13.9553527196249,5.35060609600907,3.64858569023565,14,2.70805020110221,0.0023630172653355,3.72649631768524
623,178.338302612305,277,0.187696307897568,0.0855907840826085,0.166622458753217,0.583105863843684,3.82882143656417,3.67162318095784,2.27942592906838,3.91577936808267,1.15994525947285,1.09380051657186,6,1.94591014905531,0.00286054463157659,4.48863636973214
623,961.534729003906,1532.5,0.190595641732216,0.00124628681069794,0.0254511362039196,19.7548839281965,21.7676329294841,2.38967131130568,1.11166587863779,20.3308505376181,2.38967131130568,1.55112324621813,5.0000237037037,1.79176341983754,0.00316971937899058,4.64278309894992
644,17.4554500579834,4370.5,0.0338435135781765,0.0436148985509526,0.0857440603795432,21.3181595696344,19.3571355501811,5.18663869568288,2.72565080650361,19.4634131749472,5.18663869568288,4.09629025752831,12,2.56494935746154,0.00280946481600508,3.90274936864282
665,1050.32165527344,2083,0.303128033876419,0.0326026495794061,0.0568120162502446,9.30252410314415,6.81753030353127,3.28437579433503,1.60965140436158,5.01147359212246,0.412044910776495,0.387831868687813,12.0000355555556,2.56495209250053,0.00190930512408649,3.93483494815532
687,155.957931518555,2485,0.3533556163311,0.0497050690964329,0.201225133119156,-0.650362571628534,7.39453652699791,3.50833435328219,1.68667353134467,2.29928805033364,3.50833435328219,2.66280909901607,10,2.39789527279837,0.00065461940966427,4.13443901942398
687,657.5126953125,4785,0.483828216791153,0.0116399478064189,0.0776495081566715,21.5916254064088,23.7548545625475,1.99034150671379,1.22214584534058,21.9584648768107,1.99034150671379,1.5678559918887,6,1.94591014905531,0.00135651957290461,4.58642414316704
708,8.23612308502197,4170.5,0.00929025374352932,0.0274356972172605,0.117652727960635,18.9125865300497,17.6292744954427,3.60204062210616,2.0306909221488,18.1644175211588,2.22316105179867,1.87942206876313,10,2.39789527279837,0.00154132267652152,4.16454882089535
708,186.47688293457,2846.5,1.0326052904129,0.00796538242846268,0.0588619921199047,24.6487576966645,26.6559024810791,2.31297239075179,2.04074764262851,28.0990504582723,2.31297239075179,1.96023521640528,3,1.38629436111989,0.00159542999702689,5.17614973257383
730,244.974700927734,4378.5,0.589091837406158,0.0371785381059055,0.088306819216303,25.315446800314,23.3723005734957,3.63104987653527,1.48956473924509,28.2999076207479,1.72519869692046,1.59836942237219,13,2.63905732961526,0.00301545749408061,3.95398720452718
730,81.4794158935547,3614,0.0228365585207939,0.0707192930649043,0.132321204510752,19.598277397566,13.5132598802156,4.362132063617,1.85884591906181,12.6175924301148,1.31096581147397,1.14330609575838,17,2.89037175789616,0.00310308210874877,3.70267277624627
751,51.2892761230469,4058,0.0326508544385433,0.0675841260902068,0.124841277783943,23.1872505967335,23.0731150540439,4.67584955274809,2.20372029604759,21.9531955083211,2.24996634997236,2.19613658044465,11,2.484906649788,0.000416009717222887,4.13649900197613
751,497.781982421875,3695,1.6522057056427,0.179091223392977,0.349600539731906,4.69888235727944,6.5872179561191,4.66550585231941,1.83295635301902,4.97733268737795,4.66550585231941,4.08342301390374,12,2.56494935746154,0.00275000877541931,4.0564562943026
773,1322.65576171875,2038.5,2.79820513725281,0.11555157898497,0.31862831620251,2.06794827779134,3.04940721421013,1.91040157383644,1.3505432508116,4.0161710739136,1.7353057499176,1.19206854629937,7.00003555555556,2.0794459861144,0.00201914919741819,4.57083306247302
816,113.633941650391,3686,0.356189340353012,0.0115121193815426,0.246994723534346,27.0118367724949,27.9375891579522,5.82397922930886,2.10236560972123,29.0873774846395,0.754768775868942,0.748484231588828,12,2.56494935746154,0.00151690384782477,4.13946499750257
880,616.091186523438,3321,1.09493863582611,0.00420084085263284,0.0281601948635064,27.3927890490461,29.6833209991455,2.28673597127596,1.13785491968501,31.013587252299,1.32379977536614,1.22445822330601,5.00003555555556,1.79176539513642,0.00197768451217473,4.98815651233583
880,128.771301269531,3860,0.0584880895912647,0.0146073889959162,0.0476307555402116,24.7056108686659,25.0768119580818,5.32793644310645,2.48339628468468,26.9439540863037,1.81048578213084,1.21038375519144,21.9999881481481,3.13549370063111,0.00282937338720712,3.64442820684114
902,38.2660827636719,6408.5,0.18130624294281,0.0665003290948292,0.244761749471628,23.9602113005936,20.9744443964076,4.17381948499151,2.48460593057418,22.5866647720337,3.4742512453757,2.99422642975585,9,2.30258509299405,0.00173320504786545,4.50202942706858
923,12.8948059082031,3028.5,0.189724206924438,0.0290453297091986,0.0507229912272393,24.2247895346748,22.9004047605727,1.134695838982,0.576779516583712,21.6524873733521,1.134695838982,0.888566261046348,12,2.56494935746154,0.00219254631265287,4.26267987704132
923,9.33930397033691,3972,0.0215446874499321,0.00993647856410362,0.130707736171569,27.8159410497194,27.7527118682861,3.22687846153033,2.34221524794591,26.077071762085,2.79673639686833,1.83357468863394,6,1.94591014905531,0.00358754368702907,4.88171908544754
923,13.1181812286377,6083.5,0,0.0213548586418497,0.225287946297033,25.526643699728,25.4813021977743,4.00635954294976,2.23105959128974,26.1009431838989,4.00635954294976,3.76990622891233,6,1.94591014905531,0.00405564766831124,4.88171908544754
944,1015.66058349609,1897.5,0.470171332359314,0.00466498078330346,0.0131904505494376,19.8800868864982,14.9350936889649,2.65959568113868,1.62829266658641,20.8123238245646,1.73147063169611,1.54716122725529,10,2.39789527279837,0.00150152247535484,4.45223089334713
966,241.468780517578,5883,0.470776438713074,0.0456949870071739,0.224056896073943,23.4717429458454,26.4933122230299,2.91540727341532,2.12143576393624,25.350649134318,2.52291602995881,2.35412631491922,10.0000118518519,2.39789635023887,0.000858699724609613,4.47526748397365
1030,290.829833984375,5949,1.44484567642212,0.0599330891401273,0.23522086125168,18.0711242039999,17.1945978164673,1.94475090539337,1.48739486977477,16.8779391606649,1.94475090539337,1.80248673986119,6.00004740740741,1.94591692151915,0.0017603628635704,4.99139715970453
1030,295.841217041016,3567,1.65077483654022,0.00395726135088736,0.0281594546395638,25.5446980876308,27.0550244467599,6.17116859803771,2.62572847093716,30.1704533259074,2.85064555864335,2.06949901098584,7,2.07944154167984,0.00386707229923788,4.85787253954385
1073,597.414733886719,4165,1.0817699432373,3.79053422534525e-05,0.123673563473922,25.0272086851059,25.0766082763672,4.9179105088634,2.16461982521234,24.3461338043213,4.9179105088634,4.08687533928378,7,2.07944154167984,0.00364355093820956,4.89877220095086
1159,57.0454368591309,3326,0.274042934179306,0.0883304921556878,0.141300485582988,20.5258508470324,16.6509289332799,3.27209123195729,2.06157697321986,18.5572254816691,2.68588440440104,2.27733243593949,14,2.70805020110221,0.00370656788263557,4.34726264223754
1181,0.61745685338974,4303.5,0.0109929898753762,0.00309560463925607,0.115399083390166,26.2254702332199,20.1368635086787,8.03814446198016,4.34970729072004,24.3098585764567,4.09352391351353,2.79423495735688,14,2.70805020110221,0.00107048242781982,4.36606661509515
1309,85.4634628295898,4784,0.0277520138770342,0.0610744064632058,0.165967319497778,23.1810295316908,23.6855867295039,5.08850212993076,1.87194043174257,21.2275917689005,5.08850212993076,3.08224031797103,21,3.09104245335832,0.0039848323070244,4.08597631255158
1438,294.769317626953,4572,0.564813673496246,0.00400527567980546,0.0955337658525188,28.1963176515367,29.8316058476767,1.63804038056379,1.37093810123797,29.9751907348633,1.26327190196783,1.19572090118565,8,2.19722457733622,0.000308031086934668,5.07378396094477
1567,499.493103027344,3932.5,0.38868460059166,0.00530068832279085,0.187431413971311,22.1151435072705,26.4305293189155,2.59439070022467,2.11231826091527,26.5725580215454,1.8499705234515,1.79619786293892,12,2.56494935746154,0.00135780084643478,4.79196888489448
1631,5.63558769226074,6576.5,0.00725982198491693,0.000326557124999738,0.000628683982988321,27.1353853369272,25.4892579396565,2.13381162563949,1.70835637242664,24.8845363616944,1.88153412628465,1.77443133264807,15,2.77258872223978,0.000398347675505284,4.62435988038123
1846,1029.2802734375,3052.5,0.108275428414345,0.0158290431256596,0.0167665944257251,18.1470920562745,13.9430320194789,2.71840523338604,1.13450859399824,9.8742967605591,0.758886571416563,0.509955873294095,14,2.70805020110221,0.00156206818704097,4.81272621396059
1932,761.3486328125,1761,0.764274597167969,0.00106797476233211,0.0392311328632502,28.2296448601617,28.815425491333,2.00550583955684,1.06053380118648,28.9375911712647,1.82157259727121,1.03254091173847,6,1.94591014905531,0.00210231791941728,5.62040086571715
1932,502.845489501953,2018.5,0.323051422834396,0.025136789157358,0.0363497510099684,22.3845874786377,17.7474857330322,2.60854675959227,2.05968055668226,17.7316957473755,2.60854675959227,2.14235502896367,6,1.94591014905531,0.00388951516429403,5.62040086571715
2125,1271.8466796875,5115,3.49070119857788,0.0314868161013209,0.303205129336607,7.60960557725701,5.4008217281766,2.1898709683888,1.09698889238571,7.51244888305666,0.362274333915401,0.336785243080298,12.9999762962963,2.63905563649213,0.00263574681239209,5.02247144486638
2211,9.10112285614014,4583.5,0.0135782482102513,0.0228190202769767,0.0711836901352818,25.2455944430444,22.8342522030785,5.64293240918101,3.30273945598713,21.9350992202759,5.64293240918101,4.44329801851423,7,2.07944154167984,0.00320095523440755,5.62175863917761
2447,217.416595458984,2630,0.431563913822174,0.0102495760127823,0.0608873881056731,19.5544862959121,16.8994922002157,1.55904395585738,0.882496998130377,21.0574918746948,0.642378876392635,0.611137071397724,10,2.39789527279837,0.00325965056620714,5.4047227906443
2662,70.8938064575195,2944,0.156156361103058,0.00398004526618934,0.079397989160455,24.8735463419268,26.175658944937,3.49191480689178,2.11502756048629,25.453466351827,3.49191480689178,2.69162979431653,13.9999881481481,2.70804941097844,0.00300498999431953,5.17878358797662
3005,337.978132898667,1997.48235294118,0.156896396770197,0.000924986785506539,0.101001756173297,29.9721791619067,31.0196766797235,8.99239201723854,6.6196756580377,33.5730027254891,8.28325849277999,6.79074555073354,9,2.30258509299405,0.0255858206795004,5.70544775397526
3005,850.53375097068,6482.62048192771,1.02295682588256,0.0105867686854878,0.266878124151156,4.42033015025191,-0.54893853393105,1.93285164950587,1.67772522165209,-1.63486453749573,1.93285164950587,1.89782736400715,5.99995259259259,1.94590337654561,0.0876981689645014,6.0621294704237
3005,1169.28233899568,2324.62337662338,0.305686029948686,0.0258117942082325,0.0826883328419522,20.5341891727838,20.5132514332092,4.40106375452843,2.63565037205699,20.3981886182513,2.47227710689254,2.06754650351495,22,3.13549421592915,0.172307325908336,4.87253863104016
3005,1199.49977264404,6386.5125,1.31487185359001,0.00588269399623513,0.133545181345398,18.5671245780043,19.1628116244362,1.762738272904,0.811326762382216,20.1440863927206,0.520166687004595,0.477751608457747,7,2.07944154167984,0.316679576404325,5.92859130528947
3005,1125.93355931991,2528.67088607595,0.519612300090301,0.00813447824379566,0.0763372356939496,23.7501187108659,20.291528058421,2.48817352064452,1.45674458355072,22.7358355711282,2.34145165176843,2.21749756487739,23.0000711111111,3.17805679330652,0.318671025659607,4.82997605366279
3005,1046.43706805889,2701.69230769231,0.359868629620625,0.0187931991072626,0.059637138836738,21.2189428113334,19.6171248162543,4.28744924397588,3.11577099907464,19.8237812433487,3.92842280335181,3.83192175120617,11,2.484906649788,0.418179297119119,5.52312619718131
3005,370.597847812147,4419.40361445783,0.5831222631127,0.0171327705443025,0.110032021690747,21.7079927662646,23.3562381541394,4.17063706312429,2.39824204409975,20.5438247106162,2.19095660895183,1.44356660881539,12,2.56494935746154,0.424650256891293,5.44308348950777
3005,29.7594627478184,3122.80769230769,0,0.00717710045646933,0.0271145795405159,24.3269097542831,25.1990022233118,6.82558624121888,4.42123644883756,25.3176952688103,6.82558624121888,4.33779803034541,7,2.07944154167984,0.459274990220569,5.92859130528947
3027,172.109360683112,5156.22222222222,0.375338309708937,0.00549863733245788,0.106041589439132,22.8475040663164,22.8116807411728,4.4020216490499,3.69187485598137,21.7588992562314,4.4020216490499,4.38695931930924,5,1.79175946922805,0.133098594115705,6.22356783979366
3027,539.962964032147,5626.99324324324,1.1127089809727,0.0313617698513133,0.0620332444893452,24.4743472643905,24.0526885913777,4.37632920956951,2.58577635035944,25.2333135742325,4.37632920956951,4.07921140041976,9,2.30258509299405,0.27264631096957,5.71274221602767
3027,98.0257988435676,1658.05421686747,0.255986656410148,0.0903914237243401,0.153805195848306,2.45163688604958,6.57366121119469,2.49886526738355,1.76834013920682,3.053134498443,2.3337557875788,2.19283569315919,13,2.63905732961526,0.337708852757201,5.37626997940646
3027,1074.36965671974,5189.975,1.39939076538327,0.0137384065950528,0.0907384823801152,23.0545152452257,26.2916784667968,1.89156456835415,1.36404806115004,25.2804238637289,1.13911661058674,1.05708199564416,10,2.39789527279837,0.339433781992877,5.61743203622335
3027,676.112254092568,4021.70779220779,0.528742471807881,0.0058606452787428,0.0730105610248136,27.6602014821563,26.6571123304822,2.26202210301932,1.59659581758587,28.0665676133457,1.46035374798773,1.20021293568762,4,1.6094379124341,0.36351129374732,6.40588939658762
3027,1090.15580480239,6631.77380952381,0.395527759019066,0.0695858717661454,0.318155928511962,18.8314921949276,17.8734508756608,2.46826666203832,1.4478730264813,20.1704124692886,2.46826666203832,2.39088408032688,10,2.39789527279837,0.465793656221591,5.61743203622335
3048,35.8191521167755,5401.39375,0.0500750672537833,0.0140249703553181,0.0822413062189149,23.9976126804147,26.5031177745146,3.19314073368118,1.98609975212451,27.8661133448284,2.97981650282107,2.35718539646019,17,2.89037175789616,0.225192502607491,5.13186915891037
3048,108.09948941281,5315.16447368421,0.754388537061842,0.0365954122176582,0.107049302071199,27.5964783025719,27.4971533377965,2.13757138091138,1.35382603724684,29.134961516397,0.718174450365069,0.679994302019954,16,2.83321334405622,0.230375313689846,5.18902757275032
3048,3.41841371422229,4596.89673913043,0.00796605861725528,0.00767037237194865,0.0690259056403309,26.2374453615507,20.3836825813073,4.60866336144929,2.2626083149376,20.2385874817338,4.60866336144929,3.25729595121062,16,2.83321334405622,0.342387647242351,5.18902757275032
3048,146.670508490668,3539.23333333333,0.0867480124450392,0.0364284959540032,0.0846850508735152,23.2873250489594,20.8874041521991,3.18769174128928,1.71268464930683,23.4073076248169,3.05431668048179,2.81455775835428,18,2.94443897916644,0.454294166537657,5.0778019376401
3070,42.4046589014482,2879.92857142857,0.0988534255599489,0.0660078637008695,0.156756701075415,0.554370844352604,3.01764095919646,5.57771425901324,3.21802842254584,3.03173826308478,4.58405109746764,3.60065588107859,19,2.99573227355399,0.0221942740146647,5.03370056702725
3070,445.750732421875,3424.6875,0.625905275344849,0.063609729828093,0.0839911068847215,25.5195430468488,25.1147331873577,1.94384718507591,1.40842104459536,24.0921774546306,1.34579162881217,1.27146375506136,6,1.94591014905531,0.0763573914407717,6.08352269152593
3070,3.48581625433529,5415.13861386139,0.00857240820814874,0.0763748944772271,0.150229246408255,20.9282703755827,15.5195242698395,7.08792669467453,4.08389244040688,19.7947404874041,1.43924865331903,0.890148561271296,19,2.99573227355399,0.0948654344451806,5.03370056702725
3070,356.86843577925,3454.38690476191,0.606635345033852,0.00187203892150884,0.0177130561244063,23.7250889969068,22.3527725835327,2.80033168365739,2.10812717622363,22.6993942381844,2.80033168365739,2.53224025264395,6,1.94591014905531,0.198579904292657,6.08352269152593
3070,1206.67241657956,3478.04225352113,0.492581321739815,0.00668929588464606,0.0767168007098019,23.2763601834412,26.8596838579492,1.52136684486725,0.709220291164738,23.8546529232616,0.561214300693396,0.40363995389074,10,2.39789527279837,0.442333162562211,5.63153756778287
3070,84.3181115026059,4761.32967032967,0.287732036541338,0.0105747125371623,0.0546184873746968,25.7003623591886,17.3379433402682,3.6933626346397,1.51195542977794,17.9451130346501,3.6933626346397,1.96267325304467,13,2.63905732961526,0.447341798019254,5.39037551096598
3091,658.092649355039,4653.60439560439,1.07105496951512,0.0499484895722761,0.127346494576935,23.3733578213729,20.9185122633154,3.30610282309234,1.30058228897404,21.3529931120821,1.52572297835492,1.2471204976264,10,2.39789527279837,0.0659723524254218,5.63835466933375
3091,1162.03169921875,1926.33333333333,0.50733615398407,0.0108738265006896,0.0431791987027073,20.8050504445175,20.066849539015,2.96580114520629,1.91378404448484,20.835533396403,2.05889160111536,1.89200635102502,8,2.19722457733622,0.074336463537833,5.8390253647959
3091,748.160128369743,3544.02469135802,1.07066043144391,0.00708652491842456,0.0295636310795919,25.4062683833669,27.483031149133,0.954735852370905,0.619022255452195,27.7548090295046,0.781239054834678,0.67365275324793,6,1.94591014905531,0.200926727459755,6.0903397930768
3091,267.676422119141,5051.03529411765,0,0.00266200181699557,0.0293324537460697,26.3352095708298,28.425233404977,3.70333793148618,2.44863362366613,28.0581980088178,3.70333793148618,2.91422976519833,7,2.07944154167984,0.222471496253624,5.95680840045228
3091,78.480350735313,5729.20833333333,0.126043467537353,0.0602160528116258,0.22566433747429,22.5627600069399,23.4061233925935,5.81170654743438,2.46410661643874,22.2177153057522,2.29412513712183,2.17671694012497,23,3.17805383034795,0.269908020646925,4.85819611178417
3091,297.337238512541,2947.12,0.155010926684267,0.00733727971838064,0.0351643774104445,23.9561418197067,26.12676508774,2.43908633434652,1.38236056648388,27.9207926305135,1.78058221630709,1.23717471310119,8.99996444444444,2.30258153743217,0.30673353759233,5.73366840469995
3091,786.609691273082,3037.51724137931,0.671779253266075,0.0297674526207308,0.107470866775977,16.573345559101,11.1120030384868,3.19066205646089,1.78684900428865,10.1054280767039,3.03605394246341,2.37591519447572,10,2.39789527279837,0.320259828198722,5.63835466933375
3091,121.702806454613,4927.20673076923,0.123614140351613,0.0736508983385551,0.158214489631244,18.2189450263188,18.4498437832564,4.44195706614412,3.91335797877157,18.0212428606474,4.44195706614412,4.08933869448635,3,1.38629436111989,0.343692982088234,6.64995558101223
3091,1.42726333387967,2986.04494382022,0.00572134651265096,0.0264761696140294,0.110199031887919,7.75718060236926,8.35098848017236,6.64477754837546,3.83124598365661,8.83492092675482,2.84568852031255,2.6896278642646,17,2.89037175789616,0.371391631254823,5.14587818423595
3113,636.468738756682,3051.09210526316,0.275298240839651,0.00256576414670543,0.0380236724260029,25.9011070460874,31.7646156693461,1.83816559097956,1.23843607025429,32.6775444800394,1.45215318971163,1.41811511756657,7,2.07944154167984,0.0533636381298384,5.96390062876177
3113,1194.85972764757,1867.475,0.325433827476737,0.0148938763208093,0.0501701866059754,19.5907962470927,13.4946261723837,2.90838775662511,1.55295600558948,15.5275725682577,1.6074642102872,1.42219261860412,16,2.83321334405622,0.0702962739494329,5.21012882638539
3113,-0.534165543872257,3149.95348837209,0.000426137871626351,0.0227901942110739,0.0896190211069573,5.01936013483362,4.1328106024327,8.99129908750352,5.07361749560437,-2.28367591532623,8.99129908750352,6.87571910004161,13,2.63905732961526,0.118981694069123,5.40428484082635
3113,675.63676591353,2166.31818181818,0.506957746364854,0.000728951544502365,0.016435131123592,23.7595242333436,23.6893982519835,1.60427789130336,1.13132500316896,25.7294452204849,0.88961093590591,0.746417879294405,14,2.70805020110221,0.234826667685583,5.3352919693394
3113,739.325651192371,7368.1125,1.96968087002083,0.0347041741985954,0.306258040701454,20.7885423660279,24.0398824585809,2.13951484410356,0.832589781852864,26.4838189442953,0.785255746340599,0.671792331756517,12,2.56494935746154,0.279757363368377,5.47839281298007
3113,495.642248535156,7003,0.954242867581985,0.016453807818486,0.099302093987721,21.7742530651443,23.4046566286274,3.93654420994102,2.7561468171965,23.0612821429383,2.87701648678505,2.471888719285,10,2.39789527279837,0.323403589633318,5.64544689764324
3113,123.350290276023,3577.47058823529,0.481900982996997,0.0250861621084851,0.0273627333183342,26.4448131006326,19.5930293523965,4.52847875929576,2.0293004271168,19.4907465429868,4.52847875929576,3.50591907417271,7,2.07944154167984,0.349926354968392,5.96390062876177
3113,68.9718831743513,3086.91428571429,0.206767156933035,0.120082926998587,0.252746398046392,20.3265212127873,23.7852979528842,2.94169019827872,1.39838926288597,26.641536185855,0.526665548816002,0.380248494834588,8.00001185185185,2.19722589420778,0.370879393659435,5.84611627623383
3113,558.569019232856,6422.42777777778,1.40882369014952,0.0127743528150747,0.053301303541464,20.6417962934524,21.4998046566742,2.76119226701391,2.09352247408592,21.2861703378183,2.28525492874207,1.85084944880393,10.9999762962963,2.48490467447741,0.376602100445408,5.5584374959642
3113,49.6537262531037,3478.98404255319,0.0834533838515586,0.0165234044375193,0.0999615235664335,18.137915016517,14.3836121351724,4.10315386042439,2.74104949772612,13.4604017014199,2.71369543750999,2.23368837624546,12,2.56494935746154,0.405866302962352,5.47839281298007
3134,951.860924574908,3224.74705882353,0.521904460822835,0.0132531187939126,0.0328782558950741,25.6650006115982,25.1093537075068,4.63193135138962,1.75615935004952,24.8496220644782,1.45288277009852,1.10906639078615,6,1.94591014905531,0.143753696894968,6.10415527386065
3134,79.962615887324,3343.29896907217,0.057400167764475,0.0202528294648801,0.103966575492074,21.5878343009731,16.4681842324023,4.03620571811679,1.91932835478927,24.1479230094202,2.7275189326717,2.64773984190347,18,2.94443897916644,0.453250552242037,5.10562644374953
3155,1068.34665909733,2186.42857142857,0.589827192835061,0.00224841610151741,0.102168057851395,25.5214751111259,21.1573848980025,4.90535907274017,3.5166251625586,25.139329559084,2.84750354737913,2.58987143090867,9,2.30258509299405,0.083146574890957,5.75415868198127
3155,179.808423995972,3800.13888888889,0.662853294983506,0.0118894139465206,0.0141019437078565,25.2494492288131,21.4712927547502,4.63381720057014,2.34177223151007,23.883129868684,2.20812945636128,2.11362878071607,15,2.77258872223978,0.122504460638556,5.28415505273553
3155,48.8704164293077,4438.6043956044,0.346525391274028,0.0647107531915695,0.174957704695214,20.9980162425708,26.3447145633909,2.34598577933634,1.42937122544882,23.9348559948988,1.15772205537231,0.833169229189732,25,3.25809653802148,0.185456033590296,4.79864723695383
3155,1124.72154058412,2060.97674418605,0.263835672029229,0.00246447851467595,0.0386060269858316,22.3750606541636,22.8304904146712,4.22814719817532,2.87986226169419,21.7909704282303,4.22814719817532,4.19442634339894,8,2.19722457733622,0.2108732320357,5.85951919763909
3155,1007.00438489412,2273.47402597403,0.228957948421961,0.0279392862595142,0.0309475296777565,12.1791158943831,7.81446196173016,5.02810126430843,1.37075409345009,7.08742638212266,1.24042248478549,0.93989917909433,19,2.99573227355399,0.210995772201473,5.06101150142132
3155,4.03084760348002,5591.69594594595,0.00793655993416905,0.00160824625704467,0.00220274921408906,26.5569306977878,23.6599855227981,3.03522336356168,1.93925562444692,24.5302129058151,2.32607208961657,2.21317525883275,22.9999881481481,3.17805333652066,0.400293519526821,4.87869043845465
3155,198.606490905026,4007.3734939759,0.944636079172293,0.00626202098910297,0.0848511917024557,25.8591478839751,28.1050282218438,1.23573419784799,0.710867234427992,28.8085525328854,0.736126488327732,0.547879996057642,7,2.07944154167984,0.434224549207382,5.97730223329548
3177,356.156545066833,3531.72151898734,2.00422706323511,0.00283994879011356,0.00588746213255962,27.4732094398531,29.7875386995941,2.94895723334088,1.81583020179691,29.4524133988072,2.94895723334088,2.82196576992139,6,1.94591014905531,0.167059251599009,6.1177824852142
3198,147.01134659408,4236.92105263158,0.179834206963514,0.0373698789860446,0.167114159117088,22.7912963476794,23.3093657408174,3.15103310817132,1.9857657554281,22.1122298525091,3.15103310817132,2.77145995464389,19,2.99573227355399,0.103315197622407,5.07454861983991
3198,20.5506439405618,4961.375,0.0999574597502492,0.055295882790072,0.217973468668196,23.0928349671541,23.7122949165211,6.38375955305965,2.66963208880964,22.9884710735745,2.33712714041719,2.18581220106211,19,2.99573227355399,0.175604205690607,5.07454861983991
3220,938.441450639205,1911.50568181818,0.251937045631084,0.000598643621635117,0.0530219458210391,26.1757264335833,21.3127289897264,3.53083794859871,1.82675000934391,23.6684495983702,1.53899291239258,1.50989459057608,15,2.77258872223978,0.0933713342980388,5.30454791629867
3220,164.061775656307,4634.23529411765,0.269696756320841,0.010309661112304,0.0258525050922874,22.2268332337217,31.126336442536,2.05490177488535,1.46408683465571,33.9668570013608,1.5060607502288,1.36953518036952,5,1.79175946922805,0.153273355067265,6.2853771693104
3220,5.7547607421875,5348.94444444444,0.00779168307781219,0.00926865164955299,0.0800496857660882,27.5208163782118,24.7097691454559,6.11651869229978,2.51653592680193,24.2965111273307,2.16206507995325,1.44638750155243,23,3.17805383034795,0.160250280849942,4.89908280819051
3220,760.404433306526,2282.73809523809,1.04435829204672,0.00089423841751365,0.0198912751649052,22.4112073166823,22.3647298076165,1.59994531877705,1.07546375804145,24.5710563326639,0.595250490887917,0.4816613301431,15,2.77258872223978,0.248877620588344,5.30454791629867
3220,667.294611612956,6926.02380952381,2.57907711040406,0.0259441369757273,0.0915653603872175,22.5171145996313,24.3551016328196,1.07993957658069,0.477898956167731,27.0393133133177,0.295153708985592,0.250031427098552,9,2.30258509299405,0.270919320536211,5.77455154554441
3220,470.257213245739,5763.44886363636,2.09380586111723,0.0121349618227943,0.167533185448038,23.3979687236737,20.1682319352122,4.16880171856422,1.9176363376235,21.6119730920503,3.05725385894663,1.82810346478594,10,2.39789527279837,0.302356585428897,5.67924136574008
3241,110.097485012478,3533.12962962963,0.288064421143061,0.00202494382126648,0.00606358238100831,23.0643035305301,20.5859420683385,4.57466668889067,2.35092520023677,22.279769547388,1.27456796313017,1.10533591147125,13,2.63905732961526,0.0531906553848341,5.44457987352629
3241,220.707106672015,4865.43452380952,0.906418245850187,0.00327041280481108,0.0183747122990566,26.2376223849811,24.3229132788522,4.609431482678,3.0329990389244,25.2494892816695,4.609431482678,4.22799005617268,10,2.39789527279837,0.139059783089452,5.68574193034318
3241,1016.00014401554,2186.58241758242,0.399501566806536,0.0278124988655817,0.0709480948057898,24.1022057852508,18.7409119380028,3.10038790055119,1.83319821270347,16.7297730491275,2.70067687611421,2.50032659258888,13,2.63905732961526,0.299881869129888,5.44457987352629
3241,9.68493922213291,5884.27717391304,0.0231123877332566,0.0124160561698952,0.0865283900096772,25.8947099060587,20.6025336134931,8.67282187109435,3.29989571908826,22.3122347043909,2.52537113749677,2.10566055222953,30.9999881481481,3.46573553242929,0.324182896150196,4.61790167071226
3241,94.9104378882875,3460.98924731183,0.185989626069018,0.01594099154892,0.113569894712715,26.3787115689532,27.7227111450171,6.12306356751357,4.09549845175352,29.6178389224528,2.29836480265931,1.88556384442559,14,2.70805020110221,0.436939288653262,5.37558700203934
3263,406.451736638575,1075.99382716049,0.166341524985101,0.0427286230076002,0.063776111527004,21.6528631854719,27.1573104426694,4.06320374579685,2.11732162100346,27.6662355815432,3.2683077540347,2.2690215317172,10,2.39789527279837,0.180578653099336,5.69250702379495
3263,70.79404296875,6440.99504950495,0.0643925342708826,0.0794838724871112,0.149621734450186,22.9019187762361,25.8839393530293,5.41675736164847,3.01177934414201,27.1869304512201,2.61631603181609,2.51578433186575,14,2.70805020110221,0.255848036533897,5.38235209549111
3263,82.6714815412249,3298.80952380952,0.00912850655038797,0.0297469740989728,0.0819203362675049,21.2350565824559,19.1852639853549,3.05465922523428,1.48791008325153,22.7072702105083,1.18587349136679,0.832371641079245,7,2.07944154167984,0.275072490082231,6.01096075491348
3263,970.141535317026,2002.83950617284,0.16967459786229,0.0251847467514669,0.0261960108565258,22.4983558321576,17.0341817194196,4.68496905194359,2.60324672084893,13.655435361195,2.42748684023712,1.98922281016089,17.0000237037037,2.89037307476773,0.368531709430811,5.2000292218256
3284,0.46565957839896,6567.58641975309,0.00529605629513176,0.000533435841818684,0.00157756487061244,27.7220688581245,25.9932258562002,4.34088182534984,2.65572575924309,26.2143250014066,2.29780342961309,2.28803117330822,24.0000118518519,3.21887629894216,0.0214730044101521,4.87794117163016
3284,782.810535249256,3134.05882352941,1.39913589471862,0.0438471236575815,0.168766651484133,22.7218860271535,25.9313364525804,2.33559477885543,1.56646285501207,27.8339646283318,1.76123484595216,1.22549316990924,7,2.07944154167984,0.0292575331950689,6.01737592889248
3284,665.355815089026,6576.68604651163,1.9096882107646,0.0134426104848089,0.033680163182449,21.0401209126057,17.2157127066461,2.1921701087441,1.21448088297257,21.4375396358874,2.1889562146478,2.11884202358838,13,2.63905732961526,0.0402960266219508,5.45776014095706
3284,377.114950947378,3497.95977011494,0.831233593581737,0.000408184790423027,0.0649643080633686,25.7012804102015,27.2817137290692,1.4188804310392,0.890072923404589,27.890904870892,0.588121677517824,0.462805285065871,6,1.94591014905531,0.200490853362995,6.15090732151701
3284,297.019548918072,6545.8947368421,0.715695368616205,0.0099844546789515,0.0247557637089975,27.2842881598309,22.2790625105592,6.18569156879282,3.41063242643612,25.0646969008865,2.04807557537445,1.94205853816033,8.00003555555556,2.1972285279457,0.417121921184558,5.89958894262662
3327,639.387403270866,1863.48717948718,0.0967619661477548,1.29216264781462e-05,0.000328357760498495,31.5843528653953,30.4229230709317,4.91318642767219,3.46547932335079,34.3918416373751,2.5903657287754,1.89756532486774,33,3.52636052461616,0.045727565444453,4.58346575140231
3327,7.57227794429924,5681.51265822785,0.091745803816409,0.0152857622624409,0.015443373954605,25.7791342274095,22.5311952930103,4.29360213295034,1.87937157498811,25.0801866837192,1.69345913954749,1.24430136931917,21,3.09104245335832,0.188804811895248,5.01878382266016
3327,75.9019098618451,4083.75903614458,0.404553633577683,0.0385708908616036,0.316567140368325,18.4686189618131,12.207834493832,1.89075121382653,1.03442839950717,13.7719865952151,0.53205747917697,0.373415852514065,9,2.30258509299405,0.26998682718617,5.80724118302443
3327,1030.2663333974,7567.76063829787,0.898709020081987,0.0478997868541871,0.220980930225516,16.0825644725321,22.7718547557877,1.50529029891984,0.770755682885454,20.830253997424,1.50529029891984,0.881892051272927,11,2.484906649788,0.333421616417915,5.62491962623048
3349,796.878522699529,4849.81460674157,0.657629033719951,0.00636931159177886,0.147325481362695,20.8716659231579,21.3167448830814,4.77087395732377,2.56238498643464,16.5114357916157,3.17325054742722,2.95087429375737,11.0000474074074,2.48491060039748,0.0794198048666067,5.63150647239672
3349,1460.86021839489,4658.51948051948,1.5739900748451,0.0547338824631516,0.132943461433013,2.89190436396382,3.63985201187467,2.87169123703996,1.53375046582364,1.53593784844213,2.4366309966262,1.53277083810207,10,2.39789527279837,0.188299375991029,5.71852179999583
3349,103.793289478009,2713.77215189873,0.459135367320134,0.185034529803331,0.378998248638096,19.9872166674236,24.4870000082001,1.77458974063175,0.832949199973833,24.3127586396938,1.52899296356981,1.28049820484264,11,2.484906649788,0.190154654713329,5.6315104230062
3349,182.974607987837,5282.20689655172,0.796456326137889,0.0289840155619042,0.0998374086752385,14.640272815261,17.5244276621637,8.78118797050048,3.65044317958446,19.8196985843995,2.86067238332475,1.71689434794074,12,2.56494935746154,0.227713458258074,5.55146771533267
3349,49.9262943857724,3661.25257731959,0.117458072519794,0.0488085596322519,0.0797855898521707,17.1746006455481,10.4559724371503,3.57822724872864,1.78767235907305,10.712073098671,3.56361308011815,2.6706543200367,9,2.30258509299405,0.306221744551183,5.81383197980016
3349,1090.21731471012,7741.03157894737,0.591195592441057,0.0684543162727502,0.295278987688668,18.9455813556248,22.6338266299064,1.70557150749263,0.856966702405227,16.9545018313224,1.45644917312496,1.03255390618736,15,2.77258872223978,0.318282600208555,5.34382835055442
3349,853.39876238505,7653.92105263158,2.04581780421237,0.0515619739690801,0.162181587737632,24.3556341690468,24.1316414435159,2.1179672064378,1.05214228656789,25.8809520353351,2.1179672064378,1.79966061681768,23,3.17805383034795,0.419933501154966,4.93836324244626
3370,292.048555528795,4985.35135135135,0.992799066208504,0.00468323351449523,0.0350599779597779,26.079393657783,24.3647391475909,2.7280344904,1.69726001698829,25.0832343797426,2.66358922656828,2.60240254111479,26,3.29583686600433,0.0377336574717358,4.82683115734208
3370,259.799224350479,3665.9347826087,0.271614748698014,0.00155364128613594,0.0132841692594986,24.8064144077453,31.3619707016719,2.73266871311588,1.11485175289506,32.0746190223142,2.73266871311588,2.05852135040913,7,2.07944154167984,0.188487050665506,6.04322648166657
3370,315.100533040365,2744.16483516484,0.0314468622207642,0.00236249073429339,0.0384465533222974,28.5075694230098,26.814470258223,3.47722000574105,2.46835311641393,23.3820780093853,3.46902593691971,3.1030582671558,9,2.30258509299405,0.205711345251316,5.82008293035236
3370,599.382541232639,1618.5,0.0642972083555328,1.88453670801891e-05,0.00345027725611573,30.4813828896104,28.9096785826611,6.37798749079318,5.4779701873908,29.2424191753561,4.98937790541351,4.62131495409545,6,1.94591014905531,0.316177512952847,6.17675787429109
3392,345.421615275931,4305.23404255319,0.266708332173368,0.0180136315770092,0.137415036231851,20.0020599162326,27.2434774601713,6.04017705996556,4.27519812614091,22.9090444727147,6.04017705996556,5.35627696987388,12,2.56494935746154,0.0134710596184403,5.56422563945026
3413,1.69927299022675,2626.81651376147,0.00579258611563731,0.0853024586958755,0.255292911907677,2.63431656586141,5.61108504362426,7.11819844893446,3.80279950686663,0.980600655115381,4.08363889074573,2.5122777330412,18,2.94443897916644,0.202044032858431,5.19090796974027
3413,76.5092990272923,4096.05319148936,0.0596926258190682,0.0413685680799039,0.145749162071811,23.1779711143909,26.1273233778933,5.22211697652476,2.89802119458193,20.9032043876378,5.22211697652476,4.35303519001456,22,3.13549421592915,0.241626606866552,4.99985273297756
3413,1018.53742595295,2036.31666666667,0.317690541783532,0.0343338259505828,0.07216839708033,23.7425433483603,23.3386572883243,2.89638621424345,1.75496304687761,26.3524686177572,1.75509201719783,1.67007135330244,7,2.07944154167984,0.317936936290534,6.05590540722687
3413,204.453251382579,6646.39130434783,0.521006274482478,0.00782813750544906,0.153685259522567,21.147731137376,21.1666197940677,5.65203588804868,3.20787155355664,24.2200795242752,3.36262281876992,2.01248320192789,14,2.70805020110221,0.326778480563729,5.4272967478045
3435,170.613467206012,3724.67032967033,0.349140216688533,0.0178669495896834,0.167260481914364,24.9786667811734,28.2709915753763,1.79923749402957,1.06631960141091,27.1738658660498,1.3261902587119,1.06740664543276,17,2.89037175789616,0.0371143024746442,5.25140044676029
3435,-0.423546184690631,5841.13775510204,0.00469395187825953,0.0530855458413139,0.142070916861721,24.9769267456611,20.3668421806091,5.67983480444128,3.51886757450345,22.2208836367342,3.16948109449136,2.53469131727729,27,3.3322045101752,0.261897365966533,4.80956769448125
3456,44.1530516412523,4011.3085106383,0.114406472692887,0.018216856552532,0.118035109005601,24.5038190139047,28.1667069329155,5.53807419941995,3.92710270558247,28.2919883680932,4.99732597383025,3.14895305496217,5,1.79175946922805,0.0793610445144856,6.35610766069589
3456,310.376058171304,5524.65168539326,0.976234715183576,0.0161267327770384,0.114104762281844,27.3452869740203,27.5510709299825,4.53541024844294,3.03450276918996,29.2479799649243,2.29449837382337,1.64603457356887,9,2.30258509299405,0.46497117627442,5.8452820369299
3477,432.984972805447,3450.28333333333,0.473689292536842,0.00673234673199856,0.088502101607259,22.047683163897,20.5007197755756,3.04479493160799,1.83090913100954,26.2583366394044,0.671781721749931,0.586444265009457,11,2.484906649788,0.0794381790813046,5.66901848221986
3477,442.347871013891,6268.96698113208,0.867034147832995,0.0908858656431145,0.20474934448976,20.9498672923395,24.5111866713378,1.10082881787351,0.583565601224944,25.2871301722977,1.10015439817356,0.686650228521955,13,2.63905732961526,0.243290701059738,5.5148678023926
3477,5.50489900730274,6188.57407407407,0.00682821495596457,0.000236275951447069,0.00130298287353401,26.4588577142895,24.4645329141813,2.89129682313349,1.95549690330303,28.9358918413704,2.89129682313349,1.85265486388724,24,3.2188758248682,0.379142146470029,4.93504930713966
3499,679.547537296376,5470.54301075269,0.604104594347325,0.012767928425184,0.0601027501926663,20.5882310681405,24.2588594115336,2.73607356858994,1.66874996566744,24.04978231683,1.99892074176051,1.88532558627912,10,2.39789527279837,0.241489229493153,5.76233721956932
3499,43.4246388124616,5326.92134831461,0.0332675751591666,0.0193376611434304,0.107770548728332,24.1669828348244,26.0698175098896,3.20629777588902,1.9238065588091,24.3376699661941,1.97080035180311,1.65814584509594,23,3.17805383034795,0.288476453925499,4.98217866201974
3499,250.497824707031,3537.39,0.204033053815365,0.0017810532906384,0.124984682803778,22.1618969464046,15.6339247375489,4.146985622261,2.29363641972234,18.9178983942668,1.66423505983005,1.18964762348706,25,3.25809653802148,0.289885748685875,4.90213595434621
3499,1441.98895928411,4619.26732673267,1.17807290577652,0.00900720956149781,0.0696814289048808,19.8608092978247,21.5303836318919,2.21396654423447,1.39006462907893,26.2110078478017,0.805733839495585,0.679756448585897,9,2.30258509299405,0.463807789222353,5.85764739937364
3520,1182.34380211991,2322.86666666667,0.548039045896423,0.00017451402196329,0.0165462917921398,23.258078004297,25.6302607670538,2.50389742396311,1.37888172131735,23.2266530990601,2.50389742396311,2.21407232957527,10,2.39789527279837,0.123772071309934,5.76832099579377
3520,717.68603515625,5816.88613861386,1.78245103359222,0.00814056992589293,0.100422585868919,21.3597542986834,26.3244626426068,2.32312235058559,0.886781723968522,26.7187048587862,0.497662723597767,0.489588483021063,5.00003555555556,1.79176539513642,0.223474588974437,6.37445087345572
3520,1286.11253986884,3820.26605504587,1.28982242859832,0.0545469561874667,0.16558477625276,1.21211376034017,6.74182504623872,2.42587638509905,1.3316635487795,5.60816352797582,1.65526673209636,1.63255036522771,13,2.63905732961526,0.226763593027558,5.52715893897688
3520,700.69512185086,5321.74719101124,0.881547262159626,0.018133550105023,0.110235763715037,18.2497606303659,21.0684917315651,2.29330209119017,1.39490868004039,22.0172888480768,1.61308064444858,0.951514029462803,25,3.25809653802148,0.424542105127844,4.90811973057066
3520,7.00359525071814,5473.0752688172,0.0108389406504625,0.0228322703277209,0.110982714827506,21.7700795731912,17.8837884293662,5.2136665666733,2.59716986571063,23.4147853591537,5.15942631010163,4.6062347245518,32,3.49650756146648,0.457687562418247,4.66970870712566
3542,430.85140114269,2797.10344827586,1.03394596604095,0.00637720873976847,0.0638945717263998,26.1393634394211,29.4523722246881,1.46321711176172,0.924493160244255,30.3183617887826,0.86502592873946,0.688238904336355,19,2.99573227355399,0.0827745795108229,5.17671454478879
3542,744.628105612362,3139.46470588235,1.00855412623462,0.00505905149342793,0.0402623841729632,25.9641546120304,29.4180964814515,2.28028432390498,0.972410711196847,30.5848136041679,0.893315947632941,0.851517606058054,7.00003555555556,2.0794459861144,0.145972981066102,6.09300083222838
3542,1.82071820714257,5763.38,0.00766012340906368,0.00766745678402998,0.0693148886459143,27.7876409346057,20.5586109121223,8.05743080098154,3.38558760470539,19.7601287460327,2.8608951236958,2.56744246742465,37.9999881481481,3.66356134223596,0.229888227068068,4.50888547610682
3542,381.020490180121,6339.76923076923,1.24728616442945,0.00875527187039327,0.25030431918117,23.3599991869733,24.7838143920645,4.46011211854571,1.99937447264703,27.0019919594566,2.92424506808766,2.65355577944556,11,2.484906649788,0.341132638818325,5.68754016855478
3542,250.177748377183,3599.79651162791,0.487999106154722,0.0695534706774346,0.175119149784751,21.5002701880088,16.7950025123117,1.2346376649715,0.833780268850957,18.0214408194371,0.592876972024692,0.561819047987007,9,2.30258509299405,0.464131806631875,5.86986172534873
3563,76.5286367164468,2886.25,0.141999423925607,0.0359685446206109,0.164796593456855,25.5657496392159,22.5581631268881,4.02951620629767,2.58789987676899,23.815936366867,2.09486035332153,2.01844950044639,14,2.70805020110221,0.00324138232753168,5.47030796450363
3563,288.23450503142,4069.38586956522,0.614981849556384,0.0110476721574351,0.161400562402809,24.7515979115904,26.2059762330776,2.98992554113315,2.32353459759312,28.5146378282188,1.95044249713733,1.81690862951022,14,2.70805020110221,0.148681993772203,5.47030796450363
3563,473.541901687096,5339.23837209302,0.686709453319681,0.00498720642932963,0.0170204478495189,24.9903155545051,23.083140751989,2.7843663588406,1.24332250729861,24.6079103662062,0.814483932964062,0.610082046807206,12,2.56494935746154,0.195694871554178,5.6134088081443
3563,338.336740908415,5090.15217391304,0.710437277088995,0.00185857192381487,0.0723790229617293,29.1716283859746,32.063423306009,1.69292139844666,0.831352845388159,31.7898206075032,1.40271918257089,1.15370777413758,10,2.39789527279837,0.229878592089381,5.78046289280747
3563,923.752100569479,4340.81460674157,0.950544783238615,0.00624086064688153,0.151448865824403,23.4127558249809,26.6425687420489,1.83896612120861,1.06647714524522,29.0016082635087,1.18519749009164,1.05323752399333,14,2.70805020110221,0.379459438807421,5.47030796450363
3563,1219.31584983648,2653.32558139535,0.380293203994285,0.0144091460831689,0.0504312425165675,26.237092746567,25.28556705741,2.7459641546859,1.8456682071725,26.3929147675981,2.7459641546859,2.17768058217549,3,1.38629436111989,0.395680023089058,6.79206380448595
3585,997.587545643682,2018.03804347826,0.667920599813047,0.0190699284005981,0.0685986197588606,23.5772505374533,30.7794605642126,2.58605433004217,1.70807290027621,30.7539110377216,2.03300715018293,2.01615440761711,15,2.77258872223978,0.00803578294280849,5.41192503079394
3585,1427.24853269018,5705.97474747475,1.26364259406774,0.0140845694727682,0.0831311031063736,16.8524304846231,17.2305829317884,1.86382517859169,0.94165264579673,14.4485434207853,1.86382517859169,1.42349859456027,20,3.04452243772342,0.0983198293226784,5.1399913153103
3585,190.026853823194,2519.12621359223,0.185304393955306,0.0018460691995374,0.0079191743569449,22.9520381127834,19.5007255989029,3.2381874032215,2.30690477214798,22.5233835275891,2.23007280592871,2.03659845409336,9,2.30258509299405,0.116984126548882,5.88192866003967
3585,1076.72741699219,5104.01546391753,1.13683915138245,0.00822827106853091,0.0928663418985976,17.6109992651049,19.1218900175848,1.02850572166166,0.528609973546716,19.735382160698,0.505337256638247,0.498602099017226,8,2.19722457733622,0.166623677745547,5.9872891756975
3585,554.664450970818,2378.44117647059,0.945078935342677,0.00175665720618659,0.01713790700244,24.9400676210949,22.6006961613076,2.05604682229407,1.3020960800896,22.9214084849639,1.99109113050671,1.95396094685377,10,2.39789527279837,0.229364964707245,5.78661848023535
3585,716.485815310011,6202.0931372549,0.806381621197158,0.00637659888697579,0.038924923891389,21.0313202901604,20.917753244181,3.25822073035778,1.8858567575462,21.4061879226584,3.18945607272294,3.01886587477507,14,2.70805020110221,0.233368623030227,5.47646355193151
3606,1086.75734355662,2251.02475247525,0.240739243750525,0.0145349337247478,0.0716031509284568,17.2950534872135,12.8007119150445,4.70373964496616,2.00624418847763,11.5151495565282,1.06509403250403,0.892386025899416,20,3.04452243772342,0.0186323862745487,5.14583196603984
3606,750.043457654058,2899.23711340206,0.332618253267541,0.00374158668422515,0.0761358829815336,25.0882317989826,29.0978650855217,2.24816141289131,1.41851707512395,28.5493920401609,1.63598441740781,1.28950036225546,9.00001185185185,2.30258627817853,0.142944863672984,5.88776812558473
3606,95.1638135556821,3692.91666666667,0.245403740382581,0.0287997950160477,0.0724989495580525,23.6628435050573,19.5630114979214,3.40600662371296,1.58213941671212,20.8593988724696,2.12722289806664,1.22371122308273,20,3.04452243772342,0.155761274610897,5.14583196603984
3606,1231.34199662642,2442.76966292135,0.43431964923035,0.0184780686447692,0.0880455042444072,17.3810805533782,12.3298211436664,3.24343698712278,1.76195405614101,13.6742880324746,2.78441776084077,2.33572537822229,19.0000118518519,2.99573286614641,0.29214147934673,5.19462153761685
3606,49.4370049670734,4874.71681415929,0,0.0066911987965994,0.143513892286601,25.529389838363,24.7706073915878,5.8950054939221,3.5404799099331,26.8441478858656,5.28592318710359,4.69608861928254,17,2.89037175789616,0.422723103296881,5.2999826458671
3649,3.25468377237735,6111.69565217391,0.00819057007117764,0.0307486215250809,0.107375634523866,21.8753712934554,18.6021274772244,6.08655721566122,2.98343103956688,20.7312884261643,2.97559124630212,2.09348668498758,32.0000474074074,3.49650899805355,0.374123307159958,4.7056994383829
3671,760.029970074644,5726.06930693069,1.45860471524815,0.00295439564822395,0.0588124013640915,21.2646518203685,21.6156920159218,4.43883048717372,2.04393259163952,19.4057230549677,4.43883048717372,4.04940243623932,10,2.39789527279837,0.0696040033469051,5.81032411069846
3671,146.619004022507,5456.95238095238,0.105962035556634,0.082922613847427,0.173261142605303,22.8284227571424,25.0878076873399,3.76317136828651,2.21731693823462,21.2511320628818,2.35420388354918,2.27143795916121,14,2.70805020110221,0.164393028203165,5.50016918239462
3671,837.210489126352,5586.90384615385,1.4016594680456,0.00998192204980752,0.160337973782632,21.6876149129434,23.8327439832552,2.30542794076587,1.57938155088861,22.808205027458,2.0171531709971,1.88627005721875,9,2.30258509299405,0.276501753223272,5.90563429050279
3671,1467.75506184896,5949.93333333333,1.58759945347196,0.0193533934756734,0.122808673160539,18.6543551728718,17.3032157347488,2.03009269676957,1.11724722450269,18.4983404795329,0.685032606944264,0.51669784641744,11,2.484906649788,0.338653392180374,5.72331273370883
3692,1186.7532089058,2389.50581395349,0.560775005954436,0.00176804176585999,0.0317146790231318,24.9420394989036,24.7662646655888,4.23321477584159,1.75863567958183,26.2423411997714,1.58564393795893,1.08637119072927,15.0000118518519,2.77258946298025,0.198743864095464,5.4413341326425
3692,1032.08932627802,2529.86813186813,0.351856670301893,0.00211010415813942,0.00301893004718175,18.0050762321204,8.19209742690578,4.42970887290199,1.37504442300043,11.7266091315301,1.50256304003968,1.34271811863922,22,3.13549421592915,0.207010657404658,5.07842937969359
3692,302.358643356635,2549.10101010101,1.36243464630477,0.00843034875939403,0.0821435022394011,26.3220224001593,28.3092551942997,3.62689362478701,1.67792418807309,28.7313440181591,1.01872442131332,0.92629554346064,13,2.63905732961526,0.304042157087566,5.57486626600748
3714,145.861083984375,2989.99484536082,0.358923758069674,9.60653773969439e-05,0.0572522746381721,27.1211514008688,29.3668552192684,4.32408213471336,3.05450988245573,33.5691403641324,4.32408213471336,4.14183876965364,7,2.07944154167984,0.330924255216325,6.14042320023282
3714,187.824918926887,3714.3679245283,0.808825671672821,0.0259668473340787,0.127853478048097,22.8470499941485,26.3877748851374,5.09264327648569,1.9650359945082,26.0186654840625,0.316722973596998,0.25720384755312,17,2.89037175789616,0.370916971695379,5.32949298401649
3735,813.175609499909,1567.27906976744,0.312053368188614,3.31172914656008e-05,0.000191127792575189,29.5486446609554,30.7919221004354,3.8511969666588,2.51715272253566,29.9179904582888,3.74824700088533,3.24125180221741,22,3.13549421592915,0.0106361186896846,5.09000888163777
3735,241.126354773068,3200.39903846154,0.102879973345445,0.0126626270527582,0.0505430044832377,21.4888573027328,19.3667588421423,5.60648330773293,2.73625621515521,22.6350774862828,3.89954365310472,3.31106172800492,15,2.77258872223978,0.128182848818379,5.45291437532714
3735,469.541380156071,2638.8119266055,1.69183505018917,0.00925164250957186,0.0819829929627358,23.520834272162,24.4033533028263,4.19418547828957,1.78388883170063,22.2126602826133,4.19418547828957,3.39013369240901,6,1.94591014905531,0.307047241855473,6.2795929485116
3735,580.1377881368,4796.62371134021,1.75998833278815,0.00463955489160702,0.0225234585743125,25.709889277306,29.5777705087694,2.1028000549237,1.37571095544638,26.9285285189389,1.26254000426914,1.17565035878557,8,2.19722457733622,0.311484405281127,6.0282785202307
3735,1044.86717693622,2977.08173076923,2.52664740727498,0.0858571042243132,0.309606676642286,-0.817968391879106,3.36166003683343,2.22028036329256,0.882448175686634,0.50563399975124,1.29023887908538,1.18802798167009,23,3.17805383034795,0.437225824104249,5.04744926721897
3757,1070.99008336018,1962.36597938144,0.584549655004875,0.000190491555119563,0.0181131736311764,22.3328286521412,21.6026867499831,2.50605077983011,1.41545848660314,22.3058307018477,1.21104620324838,1.02154377851239,9,2.30258509299405,0.0416705507657654,5.92879095257992
3757,217.416595458984,3635.67788461538,0.431563913822174,0.01157711323256,0.132931448351136,26.5662268548949,26.0672734578451,3.75752374763805,1.16267162371312,29.9464237848918,1.1203532188232,0.995970784790887,20,3.04452243772342,0.0954226663294471,5.18685360785055
3757,86.5648190232574,3390.17355371901,0.0279190022742651,0.0118089287368339,0.0803526709060858,23.9391063861038,18.8794461164536,4.24759104762741,1.94743144429382,12.7948737730337,4.24759104762741,3.82779612371207,17,2.89037175789616,0.13870599913817,5.3410042876778
3757,331.354098740444,1596.66847826087,0.188966929912567,7.53849198372398e-05,0.0106386361228817,30.8275572879786,29.4843708204187,6.43074190322396,5.84086230871325,29.7588487625122,6.43074190322396,6.27934456413676,5,1.79175946922805,0.175252951307435,6.43961657634591
3757,79.874623260498,3487.78,0.195262560248375,0.00254227085914636,0.073321748630795,23.7504607752318,25.545052607501,3.49623235254823,2.07223367357325,27.9036916097005,2.88779949170252,2.34776735266139,18,2.94443897916644,0.268073100262602,5.28693706640753
3757,1045.35651682844,2273.87373737374,0.35753719132356,0.00100323221600054,0.0587776030867826,20.9894913384305,27.090724081945,3.01377341736223,1.85553871719267,24.2766898511637,2.52440107313935,2.07879473378924,9,2.30258509299405,0.309664181803829,5.92879095257992
3778,573.963073143592,3755.33009708738,0.922982746591935,0.005866307938245,0.0556761744708667,21.367959087972,24.0620922002206,4.39945854953676,3.05333860240723,26.8957595004233,3.81183287551822,3.02082587821819,5,1.79175946922805,0.266874190311832,6.4451905788334
3778,1129.13238884421,2477.30582524272,0.432874444653006,0.0153491590305306,0.0847782750670125,20.1396220564333,20.1084172714876,2.61347813831582,1.64667377591353,22.6316422440859,2.61347813831582,1.96988561933504,6.00004740740741,1.94591692151915,0.351425453855293,6.2910331265423
3778,471.851518856582,5696.12903225806,2.44490220726177,0.00665731526504246,0.17453023130238,23.1195018809329,26.054750411969,1.93263602837537,0.632821257240096,21.0961955914788,1.93263602837537,1.53881104555729,18,2.94443897916644,0.375853362930667,5.29251106889501
3799,113.93406563751,4357.2868852459,0.277610942844517,0.0429266925259435,0.0934120527940231,22.2796654630012,25.3404826762005,3.35268477330611,2.2600812860742,20.4914808731914,2.72610580073325,1.94988608066885,27,3.3322045101752,0.232356217777114,4.91028864301242
3799,570.450268041308,5092.42452830189,0.86763450141265,0.00173708699780346,0.171406574023382,22.2622182742106,21.4818580654432,1.37119398197474,0.817291211665829,23.8245794452211,0.885746944907212,0.606089049361292,8,2.19722457733622,0.320982713592263,6.04526857585141
3799,789.073887416295,6069.92452830189,0.729331970214844,0.13469848444954,0.261101675646415,17.831263970829,21.5866842571976,3.08491266575818,1.8231071504489,21.0347614852138,1.32333552966186,1.30146202330192,11,2.484906649788,0.380990904541844,5.75758650339962
3821,261.780421164184,4188.10964912281,0.608337082166587,0.0286816332620602,0.0684707178826415,26.7748591475028,23.1657830792063,4.79020617968871,2.02545305108171,24.2941212380838,4.56903762819149,2.90136025410937,7.00003555555556,2.0794459861144,0.037956183440245,6.1688214613325
3821,160.75647172304,5776.64018691589,0.226238169959772,0.121166138919191,0.292077853801477,22.5191109597198,18.8464153743477,3.20934684750434,1.11913816266624,18.6637320283789,0.994719548569263,0.95875792353703,17,2.89037175789616,0.0578400508930812,5.35789568955073
3821,1073.28482025449,1963.055,0.413951690539275,0.00343217319845792,0.027579722306284,25.5743846819478,23.3319248920017,3.79630091281544,1.82658785835685,25.791266225179,2.9296570799704,2.03230537130059,6,1.94591014905531,0.189013144782687,6.30235729839159
3842,1094.09445356889,2242.27027027027,0.87318370829929,0.000479272670378389,0.0206585180812336,22.638780610575,20.2201642332851,2.29131696547421,1.36636023413447,20.9640124089009,2.08235464427406,1.93847057918673,24,3.2188758248682,0.385732802379604,5.0348725184603
3842,342.777806045986,4706.76470588235,1.53172544795688,0.0156957797052138,0.101345916795815,28.507221870173,31.0869754392337,3.49204034473605,1.41273431112456,31.0469988953834,3.49204034473605,2.53626270692531,6,1.94591014905531,0.45043098653302,6.30783819427319
3864,1124.98960571289,1783.445,0.172601740062237,0.000504699683523029,0.031466493739005,21.9643452133671,21.4096030553183,2.45525835754903,2.10834046608582,22.5705470021566,2.39528187291149,1.78407795794179,4,1.6094379124341,0.166744726949625,6.65002028289831
3864,-0.449212431384806,6363.13043478261,0.003375040751212,0.00395302888184536,0.0675862412332221,26.6186350977158,26.2253202865281,6.46734518485421,4.68282849097014,25.6458711651788,5.20224326285874,5.19602289217921,9,2.30258509299405,0.262578300999411,5.95687310233836
3864,426.539037330863,4350.80412371134,1.9801214626155,0.00485958914690548,0.0112048667237134,26.4611339198659,29.8938848672454,1.45886233004399,1.00329046990522,32.136207457998,0.959879259588422,0.637619731584261,8,2.19722457733622,0.26597039783459,6.06223361799619
3885,295.808717780157,5907.02293577982,0.67314371247904,0.0259175631274424,0.154521621454535,25.3706137525926,26.569434590965,4.31801670979069,1.52187807576406,29.2212018505878,1.75195062107182,1.61492698605665,17,2.89037175789616,0.0242704856127071,5.37450650490558
3885,7.21186924402693,5819.16964285714,0.011668044859461,0.02450447210869,0.102230030839737,25.2619265390798,20.7487062188233,4.55451383574799,2.33124405092309,20.5457320712861,4.02928104966078,3.55251348104099,28,3.36729582998647,0.0683240541595502,4.89758243281527
3885,125.247360229492,5021,0.315598517656326,0.0162776753639662,0.0174727594382809,24.3654277377659,22.8834366957346,2.88446473717761,1.39874935305331,25.19854221344,0.490844462108394,0.340620664752293,24,3.2188758248682,0.152590455891303,5.04600243793355
3885,1419.63992617546,6236.73636363636,1.65718132530877,0.0145549410416622,0.078335764169041,16.528666999869,14.0075023782132,2.40000875329999,1.34940984169058,18.2405938870979,1.04851584538956,0.889078683530541,14.9999762962963,2.7725872407572,0.169877666609724,5.49229102204455
3928,97.0987433977024,3337.52717391304,0.440697289282276,0.27662066511034,0.396826424490585,17.2522076585796,9.71544335959618,1.9999062352246,1.08127387795888,8.86551576973739,0.896142850486721,0.805023875758308,20,3.04452243772342,0.0316226718193509,5.23136323175093
3928,53.1113485790434,3439.94285714286,0.203616448314417,0.0496609898264353,0.0796067888792522,19.8524642445801,15.9672481487848,4.69424938091714,3.05063661702828,19.3743111595275,4.69424938091714,4.36619605203836,21,3.09104245335832,0.0686628143086092,5.18484321611604
3928,566.504438292306,6699.21698113208,1.43526651949253,0.0152072513295535,0.204806350266884,20.8214805520217,21.9397183328305,3.33027098306569,1.7043727899287,24.9312445166726,1.38014941512709,1.0377667160004,11,2.484906649788,0.151210570680986,5.79097901968636
3928,144.881212743123,5968.21666666667,0.0737493110820651,0.0452701162465907,0.114475616909527,17.2071469064256,18.1961738074268,5.98731929170135,2.81483682445118,14.1923404057821,2.47576865904472,2.42176569710208,24,3.2188758248682,0.270440717903329,5.05700984460616
3928,872.875059339735,2532.0462962963,0.222830164487715,0.0104546694890048,0.0527403721573803,23.3624280725487,25.64872358046,2.81989133464948,1.93832785796266,24.8699049608207,2.64928417050787,2.28659108803956,11,2.484906649788,0.273188034790559,5.79097901968636
3950,138.987903872403,5217.12272727273,0.14817123866894,0.0995266387455097,0.255996233716079,22.0976794210107,25.3664935950077,4.08075913949715,2.0674265066772,25.1308742060805,3.24413055901232,2.06278354905927,22,3.13549421592915,0.0651698587160483,5.14597664196602
3950,1106.49073775773,2489.22680412371,0.246223265362769,0.0136531574616381,0.12073765916767,26.9859864486425,24.4681370283208,1.94254892862453,0.900748862090424,26.9024614176799,0.445728056301531,0.339358683293937,11,2.484906649788,0.399543333203707,5.79656420810717
3971,117.139573113393,3459.99152542373,0.139081190324436,0.00512158926289723,0.0431538425865505,24.8229316416651,20.0735991766224,6.96730401989112,2.63831225177718,22.5143089951768,3.38582855067268,3.28298535420073,15.9999644444444,2.83321125255076,0.113064713905008,5.45356197858049
3971,1081.83851479584,1806.30188679245,0.296019020507921,0.00392208924824243,0.027257753343044,22.5298854161528,25.4204696913186,3.1797231965304,1.92089174616199,24.8984146322095,1.77933451679386,1.72905940417799,8,2.19722457733622,0.208376369327733,6.08954865379503
3971,763.949451314992,7433.80603448276,0.336261168122292,0.0135664068492009,0.222186802521448,22.3098637562603,23.9974970397365,2.35276736326995,1.34028136038989,27.4381182133467,1.8252882421719,1.64735732480852,15,2.77258872223978,0.218668450552438,5.51418450889147
3971,30.1830434714798,5905.16371681416,0.0753430534253078,0.0554132671410957,0.186685298402626,19.1368065216503,21.1064964988356,4.55158518172234,4.13452084730464,21.6237265983514,4.55158518172234,4.07193096193765,3.00001185185185,1.38629732407846,0.263684018005246,6.90047590705279
3971,398.491407914595,5442.34090909091,0.586543786525726,0.0121119677479608,0.0536826182929062,21.4982620019252,24.3618263369859,6.63064214993087,2.69736950338453,23.0299341317379,6.63064214993087,4.88418769915796,12,2.56494935746154,0.290121692931804,5.72182387366971
3971,231.93500665518,4618.875,0.406199340636914,0.00831140021393641,0.0384619229069428,28.713279078557,31.226424300365,3.33382868703356,1.77710847707684,31.7621056581156,3.33382868703356,2.58090016174945,6,1.94591014905531,0.330155198501729,6.34086308207594
3993,304.595576736162,4670.74056603774,0.39793596219904,0.0218551340301716,0.0385702515738215,23.0353019817289,25.8006097085822,3.86596640905649,2.00886025439444,29.0872955226299,0.942627565840917,0.861047496154214,5,1.79175946922805,0.309233922314752,6.50053863783517
4014,786.287689208984,7136.2735042735,1.72738364852708,0.0098437880316575,0.260056574127934,23.366706859854,26.1164652998292,4.48105260519163,2.28696483482797,27.0331213796242,2.93673712806366,2.68137655314482,8,2.19722457733622,0.0887288933847757,6.10031895202006
4036,1301.06995221481,2827.59615384615,1.15592831604689,0.00179590717943321,0.0265972612738191,21.199435863069,20.3275560916999,2.08657789128526,1.02870817521527,19.3468866935143,2.08306270240872,1.27620491771371,15,2.77258872223978,0.0246421794353453,5.53042065923372
4036,28.6268329620361,4769,0,0.0035390006566054,0.0616390212826659,21.9999904919696,24.9792305787405,7.42139993310394,3.25216120727814,25.2373745600382,3.43092143254465,1.94225436648477,7.99996444444444,2.19722062671113,0.0926922798321362,6.10578875476237
4036,822.994132663893,4630.71739130435,0.77559529957564,0.00169629155487682,0.0374335564691998,21.4077585667079,20.9126131579699,3.06699315640803,1.68073940459144,26.6154950376871,2.87293525611106,1.76203950470813,17,2.89037175789616,0.372763580630744,5.41263762357733
4057,144.216049194336,4670.18181818182,0.890792965888977,0.0183796660093134,0.0973729693914693,24.6342717182835,24.3253508119872,5.93977381646992,2.08822938714023,27.5674981781931,1.0090238281113,0.666033857075684,8,2.19722457733622,0.197382333212716,6.11097448587023
4057,138.572143701407,4549.03883495146,0.877042844891548,0.0715423772832302,0.217503642815104,27.2489526320754,25.0580817441362,1.95595527254643,1.47391514910402,27.4775933799621,1.95479203582378,1.83464788148547,17,2.89037175789616,0.286616915753148,5.41782730531028
4079,425.47630602904,3646.775,0.875830200284418,0.00620493914853,0.0313459390584363,27.0317070606192,30.1080010053847,2.8942879104177,1.03319556090495,28.4529278564453,1.78537192735104,1.20568635048474,9,2.30258509299405,0.289323177065134,6.01102204632351
4100,586.539414469401,4889.83653846154,0.857070012887319,0.000522854505771711,0.165847852663901,22.6601977617313,26.8284658057058,1.17276178682576,0.458484330088096,26.5366546043983,0.3646127757608,0.28071141682098,12,2.56494935746154,0.376290341747588,5.75379289523086
4121,175.360282020231,5025.22368421053,0.389106377036171,0.0129219150954718,0.0217321933233091,25.1040969657935,20.1586811148823,4.38139248689092,3.18014045323158,24.1583371391073,2.87182990314445,2.49160965640863,11,2.484906649788,0.042043308521715,5.83894448155082
4121,83.8482772163723,2662.3652173913,0.0830605282083802,0.0399414372590473,0.158306532522235,23.4657470567587,19.1245955450332,5.23666166437958,1.82694114099916,18.3434011099995,3.09638504206295,3.00138193605906,18,2.94443897916644,0.127777903270218,5.37941215217238
4121,577.106090300674,2296.42592592593,0.670201511558043,0.0304222018983581,0.0602776098869358,25.9909969231086,18.7417359442377,2.27722929376358,1.23657419021489,21.2615448115785,2.27722929376358,1.84329358375005,18,2.94443897916644,0.179204617136824,5.37941215217238
4121,635.563015136719,4445.7,1.10930366516113,0.00216412033763035,0.0692416030154014,25.0598416527642,27.7406734734995,1.71013168333403,0.860969209862993,30.5143658574423,1.16611465493244,0.88971315788618,18,2.94443897916644,0.343723770183907,5.37941215217238
4121,11.2369159883068,5633.23983739838,0.011994871641359,0.0216802060528802,0.134752771980966,25.4104536413511,23.2091235920802,6.33817092844896,2.8783415510939,22.2215886423581,6.33817092844896,5.29647104377138,19,2.99573227355399,0.369690040646091,5.32811885778483
4121,918.594343067271,2790.47368421053,0.263239988842897,0.0282269298701251,0.0701834196379157,17.3829551279399,12.7872539643546,5.07846357366218,2.28444936399948,11.2207065024572,4.32005954272331,3.45010307516523,19,2.99573227355399,0.453413536252537,5.32811885778483
4143,30.3042267464303,3183.25,0.0197233597471102,0.00109639119530769,0.0448153246406905,25.8507431787159,30.6297111935086,2.65391623534671,1.8649023350366,30.7871353785197,1.5877331519983,1.47039538488154,3,1.38629436111989,0.367057127891672,6.94288108095751
4143,98.073479130583,4437.84285714286,0.725350252299939,0.0261463246157912,0.0345807998397945,22.1711103489139,16.441774316818,3.62761000422369,1.55881885101965,14.6704236530122,1.72891481326802,1.55502610217735,18,2.94443897916644,0.468539786111012,5.38473646291096
4164,533.016840569327,7313.93925233645,1.88394819353228,0.0488986269279726,0.292149640586122,20.6474799202734,23.1902987214378,2.95953685940054,0.970069191515556,24.626993403925,0.375474692271737,0.358781828636586,13,2.63905732961526,0.0186241812250577,5.6951741001196
4164,631.126476287842,4124.92857142857,0.910239140902247,0.020200304044689,0.0627929720267082,21.3632776573874,21.9880431905335,2.74751978714549,1.39980111618489,23.142943364098,1.43707294044495,1.31131566261902,13,2.63905732961526,0.0740924796091159,5.6951741001196
4164,815.192973340678,2550.73504273504,0.165093819172973,0.0189154291549135,0.0510043407335303,19.3591357347273,14.9683315994394,3.65723779439512,2.04512786353061,17.2047854437109,1.96743005275809,1.6253505147303,12,2.56494935746154,0.1818353954382,5.76928207227332
4164,876.643907996697,3754.16935483871,2.19102753614022,0.0774225876656411,0.275065813321544,0.752686135950057,2.78836884781549,2.59963827678577,1.04419642809579,-6.71138637501707,2.05905306640771,1.89407019359803,27,3.3322045101752,0.325851557436056,5.00202691955966
4164,421.252773708767,4168.74770642202,0.271245747804642,0.00413965572762616,0.0215758130774223,25.1269374538835,32.4467247571178,1.83343676540754,1.33703482796265,33.3349287173071,1.72373546508727,1.47509082687838,6,1.94591014905531,0.425926362938894,6.38832128067955
4186,1097.1138174467,2092.52830188679,0.403645702054567,0.00458859225604212,0.0641127907433894,23.9078096319731,20.8433235110477,3.51297136894367,2.80860811241801,21.0247779966151,3.41838334821373,3.30040127354731,12,2.56494935746154,0.36272625800693,5.77455154554441
4207,94.9808620605469,3687.656,0.164245263159275,0.0369803811682319,0.183105604699195,20.4934051234748,15.7066243408203,5.25011814101616,2.81314434491237,13.7810782063802,4.41160079311109,3.18802824579317,15,2.77258872223978,0.223921916967274,5.57191636135074
4207,757.940173557826,2969.02252252252,0.497037689467626,0.023244984114449,0.110437666440072,16.8332202577319,11.4395012337166,6.07366311684959,2.12617282338613,16.6630473174133,0.610273182389628,0.497053702699637,20,3.04452243772342,0.253427282124842,5.2999826458671
4229,1165.69070999711,2143.06542056075,0.746423957524476,0.00697051719896074,0.0523932259573298,19.1210992843587,19.2151371398324,4.40296834888584,2.88016414017231,20.2909308002746,4.37408290471585,3.45237762933431,24,3.2188758248682,0.330076339889346,5.13084501260429
4229,558.729182942708,5928.35714285714,1.39598496556282,0.00443739757086752,0.1765264020251,24.3926393266708,27.5278995763688,1.60800990446337,1.04803407937697,30.0801062629337,0.777499684210312,0.734362855597688,8,2.19722457733622,0.451710008783862,6.15249626013627
4250,4.86379156992273,4422.61165048544,0.0198284105479139,0.0133862145771245,0.0152507377913075,27.6162993681083,26.0742753066934,1.4954919364958,0.966175953306417,26.1397877307386,0.798124522126027,0.765423719385051,15,2.77258872223978,0.37680820543339,5.58208553967868
4272,1183.75521882047,2266.42105263158,0.264042883650544,0.0195963556324779,0.0566290186714018,26.6768890180086,28.6898509927196,2.13565530744927,1.10047578479753,29.678874681707,1.36810181648506,1.25918230464212,8.00004740740741,2.19722984481206,0.357845541696671,6.16260753582797
4293,1.04742077340682,5708.97933884297,0.0059405321876208,0.00793762762029589,0.0688827321689011,27.1304990700804,20.7745180279198,8.39665404555974,3.67926301154996,24.0138083523627,1.8161198609852,1.44706418118938,33,3.52636052461616,0.247632502371397,4.8383805436084
4315,161.926677457748,7028.14516129032,0.281033641628681,0.0112239415144026,0.0842969452736849,20.9866289438492,21.1675991616829,6.0179282353401,4.8350224935513,20.5163504877398,3.23728631852098,2.47697912191014,13,2.63905732961526,0.0754678290336602,5.73079527390227
4315,482.7681640625,2555.43333333333,0.876237881183624,0.00814773620755119,0.0279997000318051,26.1226526255494,20.8181706946237,2.55562822839338,1.45668054898358,21.5841717159938,2.11449100991906,1.91516986397748,10,2.39789527279837,0.081713255209811,5.97195733071916
4315,8.94804822421465,5884.7868852459,0.0158670863411466,0.0173780343878469,0.0922632540628779,21.9537089799881,17.9868159723604,5.68837174571194,2.62955851143603,23.3689474762464,5.07993138846672,4.58767274445514,34,3.55534806148941,0.149077409648093,4.81450454202811
4315,171.431763191533,6354.77868852459,0.180831112755023,0.26284603974053,0.377977311657754,20.2468603039006,15.7528303746585,2.00582609781444,0.926385585776463,18.3345860694927,0.895917467062402,0.565745307918349,17,2.89037175789616,0.424613017623119,5.47948084562136
4336,245.022906444112,3685.90082644628,0.48599462382129,0.0153452058810483,0.0786484000705689,28.1318181951294,26.4673061166237,2.06505289537269,0.706079882174967,28.4498489548025,0.72520193013345,0.557750482007273,17,2.89037175789616,0.257364834942211,5.48433578522332
4336,342.246443518277,5333.19130434783,1.15782426124395,0.0132807308286767,0.173022800651622,23.2476239361526,23.6552365046047,4.57558905343433,1.45185954538916,20.8915243499581,4.57558905343433,3.33628119873553,9,2.30258509299405,0.272024348342613,6.07212245012544
4336,284.991341255807,6211.21621621622,0.968858654434617,0.0120452673919694,0.0884972527970838,26.4310945566849,26.2231162770017,4.18543395616087,3.01688836910635,27.993425846959,2.42224758010649,2.41220236851613,12,2.56494935746154,0.340530725188001,5.80975818565795
4336,811.01787620367,6795.01162790698,1.73499035835266,0.0269146785983596,0.118858368868292,20.8962407443156,21.1363758538442,2.21221731993296,1.22767617539784,24.5272479567417,1.02551009980506,0.734835525223691,23,3.17805383034795,0.440619268126077,5.19665371277154
4358,597.438277253008,3683.83035714286,1.09667407833369,0.00567208439876308,0.0291481788297878,27.1474557041573,29.7282696496873,2.23341787046341,0.916356685270095,27.838278343564,1.04892344343776,0.938205925749266,12,2.56494935746154,0.19438152766974,5.81481915804303
4358,79.9025227937767,2938.72142857143,0.00349711501642579,0.0684385589168351,0.129270718112016,21.2086034244473,13.2538845407395,4.25624664271803,1.80922111587405,11.2592349915278,2.63589025995908,2.29815006795787,20,3.04452243772342,0.250451078236519,5.33524607778114
4358,243.737595745336,5090.85046728972,0.72473230874427,0.00140013214421639,0.0313081404461237,27.2475478183707,30.6529525774662,1.51263014763282,0.771209655693919,29.3116833030249,1.04063628554166,0.699675180784128,10,2.39789527279837,0.404026297644186,5.98187324270619
4358,493.4015460098,2843.97368421053,1.37271953988494,0.00388820067894956,0.0889417669947276,24.7748973311041,27.3394833541944,4.2501676946953,2.09329429810817,25.5658708739699,4.2501676946953,3.49197566013844,11.0000237037037,2.48490862509469,0.411534217334605,5.89485989040987
4379,607.274190775553,3654.5125,0.71733261346817,0.00481387770454612,0.0356114436695544,26.0370331177888,30.0841998926799,2.16425088927227,1.14811580805191,29.5210509406196,2.13263741160743,1.50909882027706,10,2.39789527279837,0.000226441393589294,5.98668039400303
4379,1.37619894136817,6151.94957983193,0.00682308147977091,0.0347833007963337,0.134444245190967,24.5788316034029,18.6771273407693,4.47803955251107,2.68494112737793,18.674125933714,3.32979582049408,2.81366484716916,25.9999644444444,3.29583554913103,0.261377142135787,5.08874011767036
4400,117.160182455312,5753.35964912281,0.0964692733857943,0.0582834856710585,0.261079503216177,22.9647903628285,25.7946220193458,3.93865392435315,1.98047132315028,22.1165959241097,2.28647455630714,1.89044827869044,30,3.43398720448515,0.431045869309535,4.95537261542121
4401,809.720157623291,2680.81081081081,1.71668487787247,0.00333223813912151,0.0142973430904384,25.0711623071274,24.7626331380455,1.81607543145949,0.850508244168824,22.9662164189794,1.01071498783779,0.978153957276096,13,2.63905732961526,0.203956458729814,5.75052973719583
4401,241.28275754159,4702.16228070175,0.618874931021741,0.000186561930058329,0.00186715617527897,24.2621812047925,23.9502131693545,6.33349082335418,3.31596807880478,27.7958798525627,0.814579916633313,0.564628607226875,8,2.19722457733622,0.223124303992747,6.19236248947487
4422,106.115402565863,4490.57835820895,0.0740035217731519,0.0284914614453168,0.123570674977704,25.6575044277691,24.1745041979648,3.29976372740661,1.88854328958654,22.2320911046878,1.88664713238947,1.81716398544471,22,3.13549421592915,0.015644925723746,5.25885314548824
4422,828.369656562805,6543.3046875,0.852166775614023,0.0259815474476568,0.132555988745445,20.9979874682684,22.6348876317342,2.54622988520475,1.06226320302523,20.7049683888754,0.833574535441358,0.786590859197863,12,2.56494935746154,0.0514455143622795,5.82939800395585
4422,448.482634147712,5955.29824561403,0.838927098871333,0.0154799614136378,0.0332605493260805,22.4218199386841,19.5947701337045,5.58912403933168,3.6858865953938,22.5129975134867,3.43706594853348,3.08705954872347,6,1.94591014905531,0.202685959846328,6.44843721236208
4422,100.886929960332,4913.72033898305,0.256472420616028,0.0349267324912002,0.193936537370775,23.8794192204592,22.6895216468768,4.95590326678741,2.15981081034628,24.4177264100414,2.88495122271662,1.5587797198601,25,3.25809653802148,0.364820002988036,5.13625082339591
4422,854.705573647709,3074.89830508475,0.22942102586819,0.0140855690196437,0.0393342397267894,19.4115270589248,15.381644294081,4.70747753016707,2.08853910691047,21.1111627955895,1.63748043236374,1.17373582227411,23,3.17805383034795,0.44051292776617,5.21629353106945
4422,757.617903645833,5860.68852459016,1.17161644349496,0.00544725487536881,0.115616854348383,20.7946564103988,21.191810747574,1.54008520435619,1.00539035897533,23.1596319990732,1.46650768719535,1.21274562428916,5,1.79175946922805,0.443535419753638,6.60258789218934
4443,352.303519509055,5591.0990990991,2.39241855794733,0.00908747154634138,0.0222069930566469,26.0832098124898,28.3048074024138,1.35022599915728,1.02585900666381,28.3250132231383,1.07769496187961,0.983090267605333,9,2.30258509299405,0.321372593123732,6.09650000994186
4465,16.015913216273,6619.58403361345,0.177458897978067,0.00462329338942614,0.022578419229305,25.864212909339,20.3799432972232,5.04018735364407,2.48422566388398,25.0477540798882,5.04018735364407,4.72292743558093,32,3.49650756146648,0.160505352453023,4.90751693184412
4486,3.29037678711058,4449.52822580645,0.00843117919596513,0.0134121058820269,0.0695982872606651,22.4100486302847,13.9631737521045,7.87185260132831,3.67704148908187,17.2727232266498,7.87185260132831,6.08970890910201,15,2.77258872223978,0.0220064114684653,5.63612799284037
4486,154.583310687353,6371.352,0.204161094945101,0.0826592178158592,0.146600343435609,22.9564987005418,17.2482602789308,1.97056242515487,1.05729855742468,18.2961999257406,1.56419981767369,1.09568702853448,25,3.25809653802148,0.175685207488234,5.15062017705867
4486,215.927778259782,3069.36363636364,0.108953858456336,0.0113989528164507,0.0526237658081007,21.5197881526231,19.5673182124058,5.22774839163444,2.80802938723632,23.5875819492603,4.17835787248873,3.38037244200713,15,2.77258872223978,0.295020594991706,5.63612799284037
4486,2.02631466256248,6318.27102803738,0.0037066294570212,0.000198720721897483,0.000672828539046949,28.0381784177068,27.0440474170735,3.13909437538237,1.88009069748658,28.6428459339796,2.61270510274933,2.37015361543283,27,3.3322045101752,0.41065727783789,5.07651220490495
4529,604.787265014648,2972.09322033898,1.0766269420584,0.00178519485624511,0.00716041735720498,24.4691438094762,21.8023713775798,3.08856944866084,1.1388534268468,20.385985019921,3.08856944866084,2.61631667664178,17.0000474074074,2.89037439163755,0.115836123990324,5.52788205191866
4529,308.356563380507,5913.22950819672,0.524388323797554,0.00188436487720902,0.0854738006805174,22.7404882347649,21.3768221199957,4.01434185332121,2.86874233216267,19.5757628831707,3.61183214512001,3.57589291157564,11,2.484906649788,0.124879218494509,5.93334979376821
4529,5.84904515956129,3867.72767857143,0.0327079966414853,0.00500194566708804,0.0150130675576829,29.5156213136314,27.853027121226,1.65859638282045,1.31369359798888,28.3218392235893,1.5927718416055,1.5779694450224,12,2.56494935746154,0.47334705016804,5.85330708609468
4572,230.378287421332,3914.35185185185,0.765719012679341,0.0022408804148326,0.0414892139239392,24.0604678117152,25.3635267463732,3.08873881958091,1.6093636518023,27.7991610421074,1.2479716251715,0.974605707138924,8,2.19722457733622,0.00690193791074134,6.23048144757848
4615,621.124800583412,1814.53879310345,0.0790017455944727,0.000362623164272495,0.0075905523156094,29.2074180864697,30.8837478642567,5.7180850257114,4.18965815659532,31.315123647931,4.20030696555374,4.10705087028658,18,2.94443897916644,0.00886574941437646,5.49262816777051
4615,1050.33958257631,1625.83720930233,0.192788212336311,0.0085340732323307,0.0134158967280603,20.8332264201546,17.660131858533,4.38735979765786,2.30121798569616,18.9370010070406,1.78591117565281,1.01852372132389,13,2.63905732961526,0.353663026215033,5.79800981732169
4658,98.6313556761254,78.2265625,0.410384584834256,0.0708072463423441,0.146777241668051,-0.573856258392311,2.89038488864901,3.34934506746885,1.57606126668295,5.33127810160323,2.1858521425173,1.62720533267735,16,2.83321334405622,0.0204736738073189,5.61312810638807
4658,368.287038442251,2860.76126126126,0.364134624734655,0.00300565894864558,0.0181730143863299,25.9721647191438,23.1702779157026,1.68765280515526,0.90185711108852,23.26124760854,1.68765280515526,1.29991544074524,22,3.13549421592915,0.191995797205887,5.31084723451514
4658,291.219428567325,2727.07983193277,0.384882318622926,0.0140114961669561,0.107458533533921,24.3057319652144,23.296331144381,4.28995406723508,3.26420337182027,22.302791601336,4.08972197947084,3.49109820553913,10,2.39789527279837,0.312552142660191,6.04844617764592
4701,251.091760459066,4766.45378151261,0.784217496540235,1.84648839844179e-05,0.0214084487456216,24.9421903403644,27.426521475442,7.10305833824054,3.66734071537385,27.5919683285454,7.10305833824054,5.39426581275445,7,2.07944154167984,0.2749490331765,6.37608898934429
4722,1155.33168697357,1763.93359375,0.227421832852997,0.00514558382352703,0.0476946146123822,24.8997581112769,25.6972581792762,3.05376502637187,1.75865641801277,24.0253377914428,3.01888427096652,2.14947114697423,9,2.30258509299405,0.368701737033449,6.15740262465141
4744,337.802131190444,1798.2196969697,0.134053012102165,0.00272285474649899,0.0739774032855648,25.4988159523992,28.3313649469754,9.20511088418004,7.09621882530819,28.8827062028827,7.37092819466033,6.49816853208565,12,2.56494935746154,0.0276144811340537,5.89968658321602
4765,491.130962848663,4316.30859375,0.840806572232396,0.000107652991346185,0.0917973755790911,26.6422167460124,30.968108590444,2.8435461152138,1.77373852064555,30.3107470830282,1.50209247774139,1.45250030969612,8,2.19722457733622,0.304282945314787,6.27182823875208
4787,163.972822062174,6425.78102189781,0.236780653176484,0.0893613594139566,0.179420185998478,23.4895492103109,17.2332256952749,2.1203720306173,1.1733346783759,19.2557549548555,2.08399129189137,2.02477126441448,27,3.3322045101752,0.26308481514074,5.14145467921731
4808,738.137450225594,3328.57364341085,1.47730406864669,0.0259578680913093,0.0796741715319532,23.0727151631772,18.8294766561622,5.41219322457701,3.10385990309387,21.6837421984019,3.13042432707848,2.33915305046255,10,2.39789527279837,0.331692282545559,6.08014120341667
4873,839.491247793344,5608.50384615385,2.80596258273492,0.00171755496986224,0.130529136432512,22.6587804477209,22.8904883203751,3.4023565049343,1.48894422054172,26.5475604375204,0.602017204173259,0.443288651357444,15,2.77258872223978,0.165133845757692,5.71887632060372
4916,42.1728568651997,2720.30081300813,0.109874008395148,0.010295126572647,0.0231443398489647,26.4059832165499,27.2862255334232,7.61892504980544,3.32035521683697,26.3001973273049,7.61892504980544,4.5955975847551,18,2.94443897916644,0.0777283193846718,5.55581149151948
4916,0.671802336519415,7225.43661971831,0.00413565251949257,0.0105206699676278,0.0700830028542371,23.2202667536166,22.1256740913603,6.14562378646846,4.20862755749988,23.9280302728286,4.96243033812477,4.89207286356255,11,2.484906649788,0.212338505680914,6.01534382089793
4937,1179.95219273721,3313.77419354839,1.07268611654159,0.0141633698133523,0.0695053514936636,26.4769967841418,27.946058704007,1.55296286506171,1.1303301570472,29.4046063966648,1.13750208117792,1.02905792804797,5.00003555555556,1.79176539513642,0.227666243733859,6.71274774312244
4937,568.637493196081,2008.04918032787,0.161944434779589,0.00972275060167691,0.0162641588611802,23.679758992591,21.0389473693991,4.40803770834875,2.2672919957939,23.5081801951257,1.74900718601772,1.56611201361004,21,3.09104245335832,0.326634758903752,5.41347068490055
4959,9.52426953749223,5774.24590163934,0.0115021086213264,0.0175104943093474,0.135964963144218,26.1129123888129,22.8775451521919,6.39929812001448,2.94630998406722,21.0622186702458,1.76711112909757,1.40518096711144,19,2.99573227355399,0.140232574158532,5.51322711293514
4980,83.2506402707567,5049.82467532467,0.019573142444654,0.0179167738014617,0.154216633686257,23.9637800625525,18.7619022270302,2.76187192716969,2.14403281232575,19.5010968724371,1.86658732824254,1.81076855821977,10,2.39789527279837,0.373874883222684,6.11528989722033
5002,3.79026238841395,6038.69032258065,0.0100149115397325,0.00268178151414519,0.11856803170747,26.564701755271,20.6585671450161,6.98225873689446,3.58794677269445,25.7887023987309,6.1895064296502,4.69332983064806,15,2.77258872223978,0.0910815156678673,5.74500438919778
5002,150.908223320456,5287.08088235294,0.162076269468183,0.0574927221886295,0.203492885552334,24.5174931731879,26.9111558025239,5.00558331706536,2.26868792420266,26.3332308339138,4.73561912562959,4.59777460415892,26,3.29583686600433,0.210335673699619,5.22175624543324
5023,535.347677847055,6522.02692307692,0.973512196540833,0.00269418121843816,0.0539761222993293,27.0227850226946,29.5620082692204,2.60313434329845,1.20628519996196,33.244058970916,1.68963169465526,1.51566324552894,9,2.30258509299405,0.426475999656621,6.219197550756
5066,81.5189336140951,4702.15862068965,0.245559283842643,0.019527927944925,0.0872039293520635,26.2337852916499,18.3244873614894,5.17733702912823,1.92839787786317,19.3469865141244,5.17733702912823,3.60138236399705,22,3.13549421592915,0.327102297133207,5.39481261463247
5109,762.73032475861,7017.50352112676,1.04163014028274,0.0593339564781666,0.251291325226058,18.670677042188,20.4267686945359,2.48525906770662,1.17052397788381,18.2216145681103,0.442076409834857,0.360315986752666,18,2.94443897916644,0.091067367584548,5.59431999016436
5130,82.2674319618627,3144.41776315789,0.085907816690834,0.0208007879573367,0.098165654260663,21.5430094055265,16.4237289517944,3.93374697655696,1.79449956878474,24.0262737307633,2.52251001127519,2.39194027071465,15,2.77258872223978,0.367414525811237,5.77027221592503
5152,237.155891367931,5447.41390728477,0.489708263353007,0.0107164687305969,0.100831039762617,23.737603489172,25.390473687656,3.10534943946345,2.44895898645196,29.9084315853667,2.94245210163956,2.39004085754611,11,2.484906649788,0.307403994686945,6.06223361799619
5195,1109.84577636719,2217.48518518518,0.445688898033566,0.00583688043265698,0.0780872307794789,21.109390930273,18.7064032386331,4.57209751292293,2.78921552862035,18.123536898766,3.91638282353844,3.83736629916343,17,2.89037175789616,0.345894047763252,5.66508014563716
5216,739.817828838642,4460.1338028169,0.852468542285732,0.0078161315299604,0.039999834994658,22.5967277939349,21.3924726960805,3.770079115664,1.83390857428411,23.6871110432585,2.73410977546713,1.6933208528268,11.0000474074074,2.48491060039748,0.234527096974745,6.07457550320901
5238,767.772607374561,4672.77131782946,1.17946092980777,0.00182538858543452,0.0204249153322625,26.0327203809913,25.2875742551687,2.95762849329978,1.52604559767895,24.9552097916911,0.668767700659708,0.486552770881626,21,3.09104245335832,0.072085489880761,5.47265257170934
5238,497.723124504089,1942.47674418605,0.197713111178018,0.00139541700805044,0.132053410176146,29.6192215021147,31.50097097525,5.33104357427175,4.01877132497428,32.3922378362612,5.30982263689435,5.24533130125935,12,2.56494935746154,0.180648343015991,5.99874566760612
5259,4.26371418209526,5803.8203125,0.00730470553275168,0.000152016138585509,0.000347235940374446,27.6664387979816,25.0710865974427,3.34135846461378,2.34061803927823,26.3378425598145,3.09149600760014,2.81471534829458,20,3.04452243772342,0.283462571816576,5.52317373586592
5259,783.056294462106,4805.24632352941,0.655069225460943,0.00679151095403378,0.0409382512104551,23.560688057163,21.5916570096714,2.43240228158733,1.26875009575724,27.0797719880647,0.580626048764209,0.535075312915347,13,2.63905732961526,0.32109251857546,5.92863884397409
5259,58.029201701536,3172.9375,0.061643521832881,0.0548844852003311,0.131581170168507,-0.022772476889827,1.84425067849071,6.2147854128163,3.396695764714,-4.29861615498857,3.52215840498224,3.27285799024678,22,3.13549421592915,0.323046849742928,5.43220195766019
5324,649.180305626742,5130.8949044586,0.668578496784162,0.0416103778551864,0.124944302853232,22.0712184357093,21.8191096327644,2.69773012176212,0.795740579981761,24.9423909877769,0.336210963300765,0.319274430500577,17,2.89037175789616,0.423469120301575,5.68960842161884
5345,157.236600616275,6192.73668639053,0.158881764351969,0.0941476993871003,0.237228956664577,22.8356997184901,18.5513186499019,1.89712298298179,0.957690492685088,19.5332518793893,0.852642623135152,0.823915077638074,22.9999525925926,3.17805185503735,0.0823783164293568,5.40586496842179
5345,752.35950088501,3962.09027777778,0.183900136811038,0.00161451108598282,0.0441166469795427,23.8639515169205,22.8759699644866,2.87293859058363,2.05132170777609,23.0860395148949,2.85767006227312,2.46450153814577,8,2.19722457733622,0.190597024933647,6.38669224612293
5366,82.5605652768847,5176.78368794326,0.442971448978068,0.062541400044582,0.221224479096389,21.9929242291404,23.9570262582993,2.83843679240843,1.46824782161591,20.8953035138177,1.12369123680329,1.11456004469282,13.9999644444444,2.70804783072903,0.129578295663286,5.87979020025654
5366,256.597765470806,2584.63805970149,0.691565177942577,0.0271726587991773,0.138412696603963,23.8198913099754,24.2866469743833,5.05614097947683,2.75544896162424,29.80020583613,4.04207683555643,3.6370761716208,20,3.04452243772342,0.237528058670708,5.54331559326215
5388,4.05667260102928,6084.58139534884,0.00778798422470572,0.000239805254251283,0.00115170023310168,27.2696285278964,25.1092698093123,2.85994828181605,1.83335868235627,27.1873284475441,2.23229178571738,1.6831372777704,30,3.43398720448515,0.379280307541421,5.15794233304511
5452,1033.8365311296,6192.13945578231,1.70586922152402,0.0342589005315995,0.0937298089355213,21.4363456455411,20.8436764080599,1.9892955591094,1.21398681618066,27.4328166451314,1.06050418500699,0.778885719366883,15,2.77258872223978,0.271589641487274,5.83114907057664
5474,0.956880356638859,5271.72435897436,0.00849156332267926,0.0183159673651339,0.0801250789473538,22.4648339974378,21.1703720665475,6.98139339706566,3.57448439349145,24.2523848802616,2.97785828110072,2.3548199373997,23,3.17805383034795,0.362454027731438,5.42971105925268
5474,55.0649060312907,4596.86,0.105496723453204,0.0546734131977654,0.0927152454226119,22.3086797700105,25.6017325151232,4.23742426181245,2.16281375902631,22.3903548049927,2.32251953063054,2.2001445920438,20,3.04452243772342,0.424692400547737,5.5632424518772
5495,617.836725335372,4086.25,0.393937241874243,0.00613882670887097,0.0288747306003953,24.4798005870998,24.9429284532632,1.85917103924717,1.11313254517874,27.1502264792459,1.04390104805797,0.702491995610073,9,2.30258509299405,0.29616920736567,6.30900877384368
5517,492.200846354167,4679.00709219858,0.607225795586904,0.00943765976223268,0.0541105193956079,17.3346915856039,15.6501722270111,2.13570931918303,0.916250636434467,16.019565214333,0.5929077599246,0.444867690120566,14,2.70805020110221,0.16964291646611,5.90753931217022
5538,0.0721699889749288,3010.10625,0.00357607217415808,0.010318153075842,0.0748140422145966,4.15597001030335,8.17280196083914,6.83146210250774,4.10456890889492,7.57830740610768,6.81757877858528,5.10372247058413,12,2.56494935746154,0.101351362081879,6.05443934626937
5560,10.8186062714149,5874.06551724138,0.0258840843778232,0.0138407221491095,0.0695353806650586,25.1040483831874,20.1544581447616,8.3918708498951,3.30405137594794,25.6082078911793,2.20326906304253,1.81185219617888,30.9999644444444,3.465734791688,0.047488894618871,5.15761859555663
5560,131.580242994355,3472.64634146341,0.16388682207865,0.00450740525538862,0.141108736409112,23.3414695530654,17.0600748062135,4.54258649549424,1.71690012120422,15.0760041120577,1.62812815572121,1.04196194709262,20,3.04452243772342,0.243555214732622,5.5788309495212
5560,21.7599891446671,6982.4465408805,0.0205745268378805,0.0438794668281162,0.0999969620613757,20.2397752407768,26.9735058554177,7.11490774142018,4.078177575328,24.7890744163305,4.36713900183791,3.75871925284856,31,3.46573590279973,0.248370358006736,5.1576174844449
5603,828.625308819671,3134.41044776119,1.15278611877071,0.00613777950115765,0.0224942323537714,27.0204710414142,25.8938696828055,2.40648673490461,1.18634535523474,23.2310117778493,2.40648673490461,2.29247577615941,9.9999762962963,2.39789311791389,0.0104933631531822,6.23316432965139
5624,534.593722829511,4478.25483870968,0.854209026982707,0.0368200162198868,0.170795289422378,23.9836040846142,25.2043060925699,1.72137002119159,0.483728277534697,27.0997045660532,0.266139666007214,0.15806795641009,16,2.83321334405622,0.0423752691725403,5.80158508943429
5624,827.209106445312,2898.23958333333,0.402392983436584,0.0164585711339227,0.070320428499789,20.1087882558077,19.1002754195728,4.9552389191017,3.31791385220937,24.6674737294515,2.54222616104717,2.11945764738412,9,2.30258509299405,0.0868014520805793,6.33221334049646
5646,376.673227566392,4465.39552238806,0.207637394208517,0.0169718373439572,0.121101847095192,18.2427711376108,26.7711854376284,4.60155859541015,3.25058951472321,30.3544671575821,2.75253277358018,1.98354272438684,13,2.63905732961526,0.409254151742797,5.99964527919818
5667,6.55555765810069,6702.45321637427,0.221072658199316,0.026850702134607,0.0566108373842847,25.195292648826,25.0595260748182,5.15571324727163,2.8619323565276,26.7116366098267,4.03500293545693,3.05982719331405,18,2.94443897916644,0.187602322985631,5.69797617700318
5688,368.743000454373,4571.50347222222,0.303777396678925,0.00494382886260899,0.0552903858589977,26.5070093617502,29.0925236172146,2.96145386625638,1.41433132111102,30.0574260005245,1.16695941840243,0.94849087134518,9,2.30258509299405,0.468599905453941,6.34352887848903
5710,-0.223827598391065,6496.2753164557,0.0106245570157649,0.0459392730609503,0.109292755460958,24.7827210098835,24.3695724521509,7.37128166656415,3.93622885013652,23.8454351553938,4.22990438808146,2.92974322408341,16,2.83321334405622,0.357970252768791,5.81676095859384
5774,442.405125437219,3739.86688311688,0.486680954110389,0.000923286217585019,0.0362966206576803,24.2958471390642,21.3456022037278,1.51568706851321,1.17378592869392,23.537885887179,1.23871707856893,1.19189591804151,7,2.07944154167984,0.354930982674017,6.58167881854304
5817,151.637536291983,3622.30263157895,0.55740486757428,0.000920067853643309,0.106335997528638,24.0010716510075,28.2209568707799,5.02888054798625,1.94051746461751,29.7198287763094,1.31451860659954,1.07600097670798,9,2.30258509299405,0.0491813206453786,6.36595485091672
5839,941.162067320289,5344.84146341463,0.853757241150228,0.0385367440671362,0.164116165264314,21.8893862110281,22.8282125452347,2.25281689340937,1.39359801498627,19.7822465726031,0.92911337445878,0.889496683169507,12,2.56494935746154,0.301700437584739,6.107365470822
5839,3.49588639663927,5725.69018404908,0.00876767449363163,0.0460772721791131,0.134141942995048,23.5830425455463,18.162487935616,5.20063091344712,2.8254428723572,20.9489414850871,3.30269982399205,2.43631453272527,35,3.58351893845611,0.417452237763911,5.08879588982743
5860,206.426734280874,6713.50606060606,0.954165104282908,0.00703391074072379,0.0783838895475163,25.7608188247557,24.5369600522399,5.40900598605463,4.42116537476731,25.460739022072,3.80751127759548,3.75651492517118,8,2.19722457733622,0.411972711217185,6.47868030523484
5860,120.330226923456,4129.71523178808,0.465891406236105,0.0503401583173096,0.290079183937729,19.7232936696326,20.7783923612836,2.13273940412357,1.04179544062893,21.2056148747998,2.13273940412357,1.72489862882034,11,2.484906649788,0.472064402882987,6.19099823278306
5925,101.00501469868,4291.21296296296,0.235918250843519,0.0164147702136649,0.14954938784658,27.5302443794626,20.8628213081831,3.30636366389596,1.67361091079422,23.4124940032331,1.27499889836979,1.10680372232079,10,2.39789527279837,0.0190012733871406,6.28904069320496
6161,400.053683868236,3125.56285714286,1.45214743196627,0.0288364355878901,0.0671066578747495,24.6698060015723,25.6667458059273,7.16632594094393,2.47430131859628,27.5366374206543,1.95417643923919,1.46509473697182,17,2.89037175789616,0.0229589030593079,5.83562262311841
6182,601.735915675308,3012.24545454545,1.10810776768309,0.00247630102004295,0.0259053773929505,27.2422832723938,29.278736524871,3.28265965625072,1.50471198082747,29.6012592720264,0.502042604358692,0.367853427468887,10,2.39789527279837,0.426127711485636,6.33150184989369
6204,46.4747329905063,6594.10062893082,0.42176662819295,0.0419296708343782,0.247621532199052,19.8877450236568,20.6172415345353,2.36334195539176,1.18462647582226,21.44278676095,1.65622375440536,1.04763040825216,16.0000237037037,2.83321473839076,0.18668313633521,5.89973478590567
6225,3.22882157952889,5303.0652173913,0.0106882891901161,0.00313515500020238,0.097095844738807,25.8557048744106,20.5423542762555,5.09430357369223,2.885155204814,22.7724860979163,2.81470185720568,2.08396600643744,34.0000237037037,3.55534873873786,0.0750722057058237,5.18097998259505
6290,807.951327592899,4461.13870967742,1.54601176083088,0.00682757099089964,0.09889810549532,21.1140392643521,30.0034794052015,2.18113472436427,1.05388098716607,28.7980291920323,0.847596237798535,0.606790521954913,5.99995259259259,1.94590337654561,0.262120712587435,6.80081297314888
6311,605.844030928938,1977.13265306122,0.067702942004759,3.46268102375194e-05,0.00244909872003281,27.8925520808945,31.4394127663391,7.0538607619892,3.862950867025,32.1111006565916,4.32870113907,3.63218498605417,30,3.43398720448515,0.222662937255954,5.31606221709909
6311,4.23613710836931,6277.39095744681,0.00896819791990646,0.0151333451953161,0.104624134384247,26.4492961369507,21.2820352891329,5.33722063954487,3.01882839786941,28.2181647794467,3.60610114265869,3.53953483349731,23,3.17805383034795,0.430829236690385,5.57199559123629
6354,885.091251531296,2395.13905325444,0.127911103591764,0.0315000379324887,0.0707534183592477,19.3286463834147,17.2362802523049,3.67349068927847,2.67014390349443,18.3572334485177,2.36658792917853,1.96556307227125,5.9999762962963,1.94590676280619,0.0634467973488155,6.81093305202327
6375,1194.3423128995,2569.84415584416,0.582695080475374,0.00128479788212834,0.0893381503831783,25.3482712211231,24.5876572306267,3.10199188885397,1.78634994533844,26.9276722606643,1.7691151462464,1.68618166200295,19,2.99573227355399,0.263942205844102,5.76440709647264
6397,785.310626579734,6212.66470588235,1.32670265962096,0.0244636438253176,0.117875176469256,21.0029684318914,20.3516233843137,3.28403241099645,1.96154539130306,21.0731705198102,2.39966521361429,1.91813893597891,24,3.2188758248682,0.406163586679252,5.54470858458194
6461,243.62580871582,3039.44047619048,0.504316610744201,0.0327226825978839,0.0411615897452951,24.521448611383,15.6150787924963,4.03048122506126,1.08951022409374,14.0917654612707,0.62542576111357,0.509495353125983,15.9999762962963,2.83321194971973,0.132708444119913,5.94032743383843
6461,42.4907715335969,5248.07467532468,0.28365244990395,0.0266051172818674,0.100307177934714,28.019304821748,27.9392093552759,1.99037703287747,1.18260573630788,26.0746529343841,1.22448459774423,1.0150605511875,25,3.25809653802148,0.390347935238735,5.51544284553668
6504,5.13040484915247,6599.77083333333,0.00750349516739378,0.00115619768197285,0.00170486313283252,26.8809462940395,24.6382518553312,3.13411113934711,1.92974016148838,26.3123053868612,1.82402977634151,1.68063866159532,23,3.17805383034795,0.19498255558213,5.6021188208797
6504,607.034139550251,7002.61413043478,1.58189364198757,0.00498289274830616,0.262224120705528,21.7275571401346,21.5607075729231,3.4080460619877,1.44546724277745,25.5262126977893,2.08878538918976,1.83123917544598,16,2.83321334405622,0.197031190181694,5.94695930717143
6504,612.827536149459,5193.59322033898,2.92869815127603,0.0257796762007765,0.0749148679763031,23.4980357961097,24.4542085259648,3.60213123285817,1.78546945635026,25.9705388677996,2.9623307285397,2.4853315277248,22,3.13549421592915,0.368210376685935,5.6446784352985
6504,456.767760207533,6457.34636871508,0.824685685794447,0.0182912740522412,0.213417372541382,22.3583166784267,23.963398371684,4.42393967193951,1.71289133411678,26.1282156978017,1.43685199622508,1.31232072677788,12,2.56494935746154,0.448896346941665,6.21522329376611
6547,1062.59141767786,2422.74603174603,0.392410522445719,0.00497695667254546,0.0923150684324693,24.2233888735589,28.8959443476768,3.42268611467902,2.00923553213383,28.5040356355159,2.26362316230126,1.90198362028452,9,2.30258509299405,0.0357793492790658,6.48417711544705
6547,74.6562953202621,4742.85597826087,0.0825913987000999,0.0249011631042915,0.179766076843539,24.4014626968311,25.9695963583609,4.88847197856323,2.57663250908234,27.7305894022403,2.11867640129905,1.73546488633427,29,3.40119738166216,0.28445910242089,5.38556482677894
6547,9.658689179234,6830.50277777778,0.0227167383980984,0.0136270338844903,0.0873267170290431,26.7114071275171,21.5237480674695,5.02315430593046,2.45694329892522,28.7464167065091,2.62585895197442,1.79864797319274,34.9999881481481,3.58351860923795,0.404678034622478,5.20324359920314
6569,843.251340075751,2734.875,0.145898703218165,0.0175052969795862,0.0513679896265076,19.2461422390408,14.4054286043144,4.12364256750279,2.28412869659259,17.1054067329124,1.89590660595827,1.50999763344585,14.0000474074074,2.70805336159104,0.277629943858093,6.08206353130143
6590,201.946590637893,5776.37288135593,0.251711216870319,0.0111199920590502,0.0321746321803937,20.5255802740152,24.5845210001743,2.70991802131706,1.85788751784151,24.3348838579857,2.70991802131706,2.54599929936002,5,1.79175946922805,0.124395113276075,7.0015491582685
6611,1106.33173246162,1795.66569767442,0.411141192670478,0.0132309231677228,0.0329816313616062,19.6986903749367,14.7641412130416,2.49644209128816,1.56981234829487,12.5477131570032,2.49644209128816,2.45521162181255,18,2.94443897916644,0.236690447218633,5.85205122816714
6762,1013.65569625087,2000.08888888889,0.307537173925165,0.00322015824456601,0.0980090270139612,25.0102715518455,28.9294828962397,3.23960922629032,1.91483223426323,29.2650164992721,1.53858043020019,1.10032967484963,8,2.19722457733622,0.176693246097249,6.62184940593161
6783,605.369800567627,2100.83962264151,0.0710980731062591,2.6612511744774e-05,0.00250704427923754,28.0430409520008,29.825311355271,5.77463944754025,4.53160407608862,27.583748907813,4.35620084820554,4.21252701872008,16,2.83321334405622,0.36169602724678,5.98896141688986
6805,637.245140883502,5499.66959064328,1.19845845313633,0.0028665936127303,0.0216371714143374,27.4657202909842,29.3422398407156,1.77335731528795,0.974211531033492,33.2586620988901,1.22187343246223,0.959955895687989,11,2.484906649788,0.0309559645182391,6.34050626529757
6805,9.21853723666938,5820.57843137255,0.0174203205468326,0.00254027988884466,0.120662409140561,28.0582345159452,20.7764480384236,6.80319727622188,2.88775799026063,21.5769299077053,3.65171412108795,2.61103938203222,21,3.09104245335832,0.187227134426595,5.73437046172725
6826,49.3139224717783,4984.70639534884,0.274227919836724,0.0126566244200581,0.0775672089233315,30.3928189899839,28.3638904438463,1.91462992373266,1.36669392473896,30.4866763965104,1.44881299701689,0.905905365094506,16,2.83321334405622,0.355423470127402,5.99528078541044
6869,3.63573256743852,5499.88978494624,0.00893409068255575,0.0132074738935563,0.144270411247235,26.4793909342141,22.3712455669323,6.59412482390586,2.59191977374736,26.555943945061,2.26582980047985,1.88266551034951,37,3.63758615972639,0.309693941184767,5.1971876544875
6891,132.673093049423,3472.38586956522,0.157776909030002,0.0582132860255154,0.135932006739693,22.0684751768322,25.0911813947889,5.46582436311529,2.66222292179523,19.1701500712962,2.56676781842544,1.64034714374775,15,2.77258872223978,0.0270692042951036,6.06538276911743
6891,723.055755247553,4358.93975903615,0.456259573439518,0.00631194386311651,0.0600999419936356,25.7273235632883,25.7896855314095,2.28334871697333,1.65210891845521,27.8775014662839,1.59875251276726,1.33510762139892,8,2.19722457733622,0.433812915426896,6.64074691402099
6933,440.808067626953,4336.95428571429,1.17471869218917,0.000938881177778736,0.0182874312424573,23.8245560016936,25.5488121509553,2.24511635060304,1.0797046835121,24.2815726906913,0.985119419318565,0.715605493758813,8,2.19722457733622,0.11493600657715,6.64682332160627
6955,405.055391618007,2593.82984293194,0.763347559333465,0.0119936533518504,0.0331891617741612,25.1623401285782,28.0450067749822,4.44381280087031,3.16520460527975,29.7060593706568,4.2209796805299,3.12756990208146,4,1.6094379124341,0.0489492097720584,7.23777819192344
6955,11.1300484382588,4716.79234972678,0.146564247319475,0.0218984650679195,0.0331766979235847,28.420834348748,25.7233221490761,1.46873623159458,0.935000746132605,28.4341448684859,1.29686285539967,1.13392091084507,26,3.29583686600433,0.120647193511156,5.55137923835321
6976,1238.17286450935,7267.91878172589,1.05477756412342,0.051506359710624,0.279311035245663,17.6630950898585,20.4168425144479,1.95967212698875,1.21338459125941,19.6204177346528,1.95967212698875,1.79375088051615,16,2.83321334405622,0.376443586073989,6.0170176215326
7084,289.812155004491,2649.53174603175,0.0685050764823342,0.000909843526696141,0.0440467289656737,28.412015267921,26.3210499923756,2.99634617481483,1.97833895083277,26.6705890453682,2.97275344215356,1.99790850854034,14,2.70805020110221,0.143650450994409,6.15754379780051
7127,117.29256654293,3324.94973544974,0.746848802617256,0.0216016949330327,0.169916399762821,19.2209698728083,21.1562303290049,2.76455475198552,1.84165995104887,21.0952203138376,2.16339445551987,1.4714658039754,18,2.94443897916644,0.473883186721231,5.92720668833543
7191,300.505073389241,6454.65364583333,1.59032482588229,0.00836355858397416,0.236319012555352,23.4996146007251,26.8236106307419,4.72462267645991,2.58078672750132,28.5842325846355,3.01620905607221,2.77599692408131,9,2.30258509299405,0.0675100677549149,6.57800043010845
7213,15.1062214037511,4232.88020833333,0.230320683948657,0.00784527847858622,0.0257357170511341,29.1152417801615,28.157715733846,1.81597237090963,1.16050758741703,31.7173447502985,1.04038475294446,0.92695503059987,17,2.89037175789616,0.32507303645895,5.99326847460751
7234,1162.67152389054,4228.23846153846,0.989359708790927,0.0244484076432274,0.0849900288748731,21.3697792242328,24.5253406622471,5.17899111955183,2.16063131891061,21.9481981277467,2.01220315050611,1.2476485195641,9.99996444444444,2.39789204046991,0.46935849860249,6.48865537204213
7255,779.971189833179,2061.14175257732,0.282187741365015,0.0222701240464714,0.0534105879661395,19.2088899511573,14.6891041877943,3.89382874228533,2.2454125141567,16.9680010169643,2.12414073862241,1.94292020496482,13,2.63905732961526,0.137940790048514,6.25038883570303
7320,566.589916349712,2561.07894736842,0.608596993120093,0.0012360053938253,0.0541513425107219,23.8956877809362,18.7986048087739,2.72298279467406,1.44076376953427,20.0310646391752,2.26310126585341,2.20250897093569,24,3.2188758248682,0.216861004591712,5.67948978208716
7320,665.39206882053,2600.66022099447,0.647056724296676,0.00219506723417458,0.0582461443523792,22.4002568128621,17.9266437814537,2.79511749074379,1.32219722558227,21.2871834012027,0.663585263800211,0.565970172036887,21,3.09104245335832,0.28594158970995,5.80732315359704
7341,68.5525058146273,4101.76988636364,0.365758741420976,0.0628179268853101,0.317529090526616,20.5136561042286,23.6195243630931,1.79077021243981,1.07466588073588,25.6338380120018,1.37327607829263,1.12694089212366,13,2.63905732961526,0.362525982482328,6.26217302249552
7363,819.24402652913,7084.91,1.16496277993648,0.0438470477133274,0.139037264090659,14.1700764507718,13.8504608713786,3.48715791080244,1.44058412492596,14.4639061991375,1.09743964130077,1.00518683863602,20,3.04452243772342,0.0390268802988913,5.85970029964529
7406,1.90264511558245,5109.70047169811,0.0102374217481757,0.00269389393621205,0.11291371965862,26.9770221111185,21.1209902939707,9.1804734521759,4.26743607368859,26.9909285143487,4.50573210561229,4.37425223627529,25,3.25809653802148,0.274455907327085,5.65194922345208
7427,1163.698250063,2014.84946236559,0.326100979440956,0.00910700763813963,0.0748532387870126,24.2584688416657,19.6203138807769,3.94015642064323,2.53249716809208,22.8220759955786,3.89734213896371,3.79329249937956,24.0000355555556,3.21887724708941,0.0853585544233777,5.69400004057989
7449,746.500404320694,2657.93170731707,0.246012925011356,0.02242020026901,0.0526856388010936,20.0356603728985,14.3478571296492,4.24063260276985,2.33084044527049,11.9056646889788,3.59860173491743,2.35391041484528,17.0000474074074,2.89037439163755,0.187053459455201,6.02546068253872
7492,753.428601900737,4006.95572916667,0.306377450625102,0.0213918912405712,0.073514691998092,22.0079351637099,20.8257200876872,2.98700899233351,2.69971957663173,24.4628937403361,2.82857576335427,2.64756598410267,7,2.07944154167984,0.0285122689976,6.84214952188414
7513,170.265757215784,3035.28342245989,0.667932689824003,8.14285210212616e-05,0.0622828126153534,26.7404891643649,29.2875149056844,4.6937208819779,3.21738404228064,33.5883553646041,4.6937208819779,4.47565824904229,7,2.07944154167984,0.233776487692892,6.84494859068932
7599,442.494290224056,3035.7293814433,0.417923724835681,0.00766790635634566,0.0507810997997711,25.1860122513208,26.5280885107446,3.27847059238511,2.24454922360619,29.7135509825245,2.42665457322898,2.32754434548055,7,2.07944154167984,0.292591244567983,6.85633039698995
7620,580.916493007115,5279.03571428572,1.51184278422472,0.00519804367366952,0.0250437285988572,25.9924972491488,28.3999206789498,2.65845980273796,1.25909079691764,31.5629719078947,1.80508697474285,1.49613698974357,8,2.19722457733622,0.0269368382623921,6.74130707134447
7685,621.035592435586,5546.8216080402,1.22600195925645,0.00582185908961346,0.0486399589328099,26.1778072187849,30.9159360390413,1.29744342462181,0.665957356576497,30.4253309850517,1.20077054267996,0.644710589778512,12,2.56494935746154,0.0287926926608429,6.38207629851116
7728,900.849783840789,3057.899543379,0.608869519952225,0.00831228785313312,0.0158794011353276,20.5323041711458,13.5842387439636,4.76801547997468,2.08446326262473,19.4992202314612,1.06735134256915,0.842521182456835,24,3.2188758248682,0.387268469625065,5.73372955102415
7835,565.877883757004,4512.89086294416,1.79689242158617,0.00218910646038538,0.0110259085964506,27.1354497335082,29.6847347612375,5.04654285344432,2.5912271922363,28.707673609519,3.43235663679802,2.21089131333981,9,2.30258509299405,0.254730766512905,6.66377106179608
7942,164.479218469412,2262.29857819905,0.121595491377098,0.00146502516856071,0.00428607739443159,22.8652654012628,20.2362479263453,4.97031577909963,2.80530703437261,23.9532051098479,2.11098975879715,1.68475395442456,11,2.484906649788,0.0585297802816295,6.4950137619032
8007,3.16569482977107,5955.90717299578,0.00768037828206385,0.0353990901589392,0.137795919052445,24.2089732662194,17.8481850894583,5.22755782314287,2.55532302493618,18.7066076329656,2.04843524352256,1.9801624761328,30,3.43398720448515,0.0368255107069402,5.55408423358749
8007,127.956201562559,4208.77053140097,0.926327822576974,0.0780370448789538,0.190281979035846,18.5261653912631,22.0259623114422,1.70882833821589,1.11091361581415,19.126739117412,1.40380605231419,1.13584783274944,12.9999881481481,2.63905648305405,0.228548808338184,6.34901495501858
8071,1086.12728186881,3268.55198019802,1.38079145993337,0.0212930058685484,0.0900498922644933,27.1401413148517,28.1169244007206,1.98562726125066,1.01637025214873,30.0593558893739,0.774636370671249,0.636708628763698,19,2.99573227355399,0.143416312366051,6.00030039577038
8114,63.4072215249094,3797.03605769231,0.195639670465552,0.0334879774943129,0.232528824067824,21.5708859826765,20.6589359745835,4.42257240427298,1.77853740521884,20.2506145183856,1.66972354685384,1.61523844110683,11,2.484906649788,0.0198030005293069,6.51643959397839
8114,133.365308529863,4570.20560747664,0.150638509750645,0.00883573558268374,0.0241306920108753,22.6276629588147,30.5496201452808,2.18866551114123,1.57040405201036,31.0086550477881,1.93802238226566,1.5121093950222,5,1.79175946922805,0.355048430166859,7.20958677453834
8178,355.564327149595,3491.32701421801,0.55902431135494,0.0150368109975382,0.0494226358827041,24.6047047380525,29.9741984311627,3.66183032175233,1.14435314071712,30.0322180152882,0.536614645821626,0.490927697931168,9.9999762962963,2.39789311791389,0.0933736273125383,6.61130978301069
8179,68.5658120305914,3303.15,0.176215382685002,0.109713115840542,0.245718020297354,20.3714188032253,24.0622539747807,2.28208507191711,1.05518722823467,25.403694848847,0.798684042481997,0.486499226584016,9.00001185185185,2.30258627817853,0.0643760612540853,6.70673889455645
8200,248.552193526066,5518.92763157895,0.204030797140939,0.010148326499733,0.154561736571112,24.5438856855652,21.5169813731071,4.60035147307254,2.18716784232274,22.8843848947894,3.35622981795464,2.00608603962504,11,2.484906649788,0.249704209655516,6.52698278346434
8243,645.644404181119,2658.16810344828,0.961956081976151,0.047740996896164,0.0608824402054812,23.4444906509846,18.4883756177179,4.02710236932071,1.73036105941476,20.5052478527201,1.52266441124644,1.22260192020916,10,2.39789527279837,0.0305712342799593,6.61922436151486
8372,852.292208532772,2427.11627906977,0.609783595996284,0.00305404245635216,0.0581459578814867,25.6002752096601,26.4571222140544,1.42029306694268,1.00207079360788,25.9868215427842,0.923266768885741,0.650938386823398,14,2.70805020110221,0.39863965275773,6.32459788246368
8415,57.8498071859811,5644.67816091954,0.116420392402028,0.0460577362186179,0.231567574473703,23.606144916783,26.4991192816327,4.32384917530413,2.40522126980782,23.119414385312,4.32384917530413,3.42222072364188,33.0000474074074,3.5263619189507,0.0301217931417813,5.51140918767421
8500,79.3293284824916,4265.75102040816,0.057790047553729,0.03669936783405,0.152610221834843,24.7608987320363,24.6225063043101,3.97230794710008,2.02477683092362,23.7576286938727,3.46306076847191,2.36334191737211,34,3.55534806148941,0.275823734798158,5.49247338098899
8500,807.475564615175,4605.44323144105,0.802680078031715,0.0126910144096768,0.0427131871126555,19.6034690901176,28.4337647372805,2.62811909951998,1.36008094960321,28.6324042943541,1.18139615665864,0.87383225839117,15,2.77258872223978,0.410029485622958,6.27523272023863
8672,536.753324525546,5965.36725663717,0.697526390441751,0.00202470798813559,0.0263315239509915,22.7676403778538,21.1576027576668,2.37462056733723,1.43963822298739,24.8983130986711,1.93141874305242,1.89597661609794,12,2.56494935746154,0.468021438482974,6.50290536621789
8822,21.8453736360046,3716.87164750958,0.0641784574194201,0.0181751375763522,0.0423076513986065,27.1645671646149,28.0020049160925,3.77953662161292,2.34135441922182,24.7065868813721,2.32788846386268,2.08048508618384,8,2.19722457733622,0.453106123979815,6.88777930332867
8908,1124.26778314764,2512.91136363636,1.81491648012942,0.00206923987403591,0.0309366728305135,24.8350157678008,28.7717918877651,1.84824593985391,0.871741626722642,27.9542035709728,0.789351186894385,0.670790843386823,6.99996444444444,2.07943709722551,0.0771536914220371,7.01526793115174
8951,498.589694638795,3430.60970464135,1.11218896420193,0.0354539589027775,0.0427519003105273,25.3760297604706,21.0280514936743,2.48418932470299,1.31828461874707,22.856017789559,1.39666280941616,0.971202597901334,16.9999881481481,2.89037109945973,0.327879142475594,6.20914943741121
8951,387.363884578689,5012.31932773109,0.898487725018457,0.00408712886245271,0.0527177856848996,27.4547140124735,30.6207960338486,2.8191434810132,1.55500056820766,33.4627471282702,1.63876030647716,1.34854087766639,8,2.19722457733622,0.329605835178896,6.90229595953472
8994,824.562021595809,7146.28423236515,0.61818011383298,0.0486365630475771,0.188040311707345,22.0508681337513,22.2981083534056,2.28354711280447,1.04014301395139,17.2410930113839,1.57898530183977,1.16770336940993,22,3.13549421592915,0.0481448016289406,5.9688187514015
9080,223.821757245169,4344.27876106195,0.0385030880898631,0.000716887146354152,0.00307579433837244,26.3505373786435,22.2034487802761,3.05528455859919,2.32386446399354,26.2919282952593,2.60384590157547,2.12654887903825,9,2.30258509299405,0.326303794969892,6.81124437860129
9102,89.9727115035057,5772.77843137255,0.0419746277493687,0.0402501708238331,0.213295436725671,23.4402931933933,26.2858863513454,3.66699635632092,2.40473441007252,23.3398620879728,3.55888231316172,2.43381202666267,32,3.49650756146648,0.0570949282144979,5.61974188711011
9123,1467.44242279186,3980.82751091703,1.48678424004384,0.0203996227251015,0.195044334256331,18.9143259444227,24.9943395912547,2.6948540077328,1.33794845331673,26.557696351075,2.61724662266935,2.49364432363982,13,2.63905732961526,0.184778285856707,6.47949664673022
9252,1252.29177895738,2809.36808510638,1.34709848968768,0.0129633223155113,0.0602161132918138,27.5831852949776,27.2989089588988,2.66123427404242,1.11782417255182,28.4881128000029,2.11418808536569,1.47708974050161,14,2.70805020110221,0.247317113159774,6.42454482224912
9273,630.547396807603,1794.83411214953,0.133092860555705,3.9916658866791e-05,0.00184851210868514,27.4753104680939,30.989857733086,6.80093145518215,3.74911611571648,28.9577211088852,4.7643603206483,4.4366008404763,27,3.3322045101752,0.468113410546003,5.80265772062502
9445,576.309387966805,3714.84232365145,0.920878108606299,0.00669566411839984,0.0414881400485904,27.0604191685558,25.584021419692,3.38162843377168,2.41463054738391,24.7208207933735,2.95798295330434,2.73923056402657,13,2.63905732961526,0.367629558432341,6.51418345032035
9681,136.511707564763,6536.30535714286,0.475678049810401,0.0100569243564705,0.0792335122744206,21.1339942756337,21.7000718783983,6.54847769940526,5.28586441037781,20.7281748726254,3.6639710563458,2.78367065990107,13,2.63905732961526,0.372863475454026,6.53886315110481
9724,735.731139648438,2366.4437751004,0.799271202564239,0.0185457170367448,0.068588985899821,24.1141928927699,30.3127943251719,1.57114044460972,1.16061534797149,30.1499827130891,1.51203726529274,0.943741605737424,6,1.94591014905531,0.310074618862625,7.2364421863807
9767,384.556430873586,2744.37827715356,1.52650038875751,0.0090843299360661,0.0758184837588599,26.0269768562112,27.4540269589878,3.5426319507333,1.83290308538732,25.1977357490531,2.68421244760904,2.44144799673782,19,2.99573227355399,0.0604274464830653,6.19103236189349
9767,0.829318708599273,4464.07011070111,0.00365468794951782,0.0486898313566161,0.0617789141014506,11.0324540628383,5.19930222802373,6.57524362041647,4.02874129478405,8.62100606099557,4.94815404450057,4.86314558936423,14,2.70805020110221,0.178070981496939,6.47871443434527
9788,36.6757586901878,4503.02564102564,0.0740064119735917,0.0328179067667464,0.126171964443874,24.8670056513474,24.9172688744165,3.66674711611476,2.12484985102795,21.1813853120629,3.3521822935896,3.22140967961403,23,3.17805383034795,0.130127592567208,6.01085859421462
9853,1040.24322387695,2161.31274900398,0.371462938010693,0.00117891521119795,0.0151122865985141,22.0704937426028,16.7318951492718,2.95309971005334,1.53027091455941,22.2354112587128,1.96459326180569,1.39621714558456,27,3.3322045101752,0.0211400283098871,5.86332674614727
10067,960.43452019239,2319.20620437956,0.389514295506651,0.0190351922092324,0.0665279705238199,19.0315160639517,13.7623811231623,3.83607239448327,2.01270032983939,10.7876446522067,3.83132766010239,2.26719186734682,16,2.83321334405622,0.280813576304797,6.38380468267321
10089,303.956321394763,3646.98846153846,0.380667356581524,0.00415002998293096,0.0192288970681959,26.6562362033538,26.3162578311062,2.9890909793924,1.76666452371506,31.9489340317556,1.30173706886192,1.03239179179196,9,2.30258509299405,0.0704731550851814,6.91661590741433
10261,595.418335311714,3954.8606870229,0.387541796912179,0.000733954710668064,0.0231351979777039,26.071690620899,28.2202577733895,2.98517593314489,1.10896466838827,27.1016209454331,1.17912207602287,1.12182018776211,21.0000118518519,3.09104299207871,0.177475175822591,6.1450625877835
10282,70.2835558657245,4048.29562043796,0.395649246025435,0.0413213220568489,0.273179785116237,20.5759418057007,24.5182646033317,1.87615960769108,1.33011423127093,26.3152655594541,1.31609807133566,1.08423391963474,17,2.89037175789616,0.220254914368928,6.34777831471929
10282,784.741410028367,2952.036,0.828030594284572,0.00824933974363151,0.0237812110827624,24.6564411610921,29.0912178209093,1.68547999064871,1.15935349243934,28.706205986023,1.29465765280185,1.16428714260317,15,2.77258872223978,0.404993610643328,6.46556135037567
10304,565.089469143892,2115.0687732342,0.164477144402615,0.00660367296558806,0.0288494328164371,23.6410054846481,23.2775320216431,2.50385944305913,0.992318223939707,23.6014568480122,1.15362757070383,1.11500520474905,18.0000118518519,2.94443960294792,0.274357051968031,6.29584784539621
10583,302.110897688916,5140.11363636364,0.741606935910647,0.0054636266012345,0.149120043373862,24.4892029208736,27.6000826017562,3.17494090466066,1.96751814153694,25.7954951030669,2.72828355504465,2.41147717054683,8,2.19722457733622,0.0594866772392608,7.06977964175751
10647,86.5646438598633,4329.21768707483,0.0373540627865483,0.0443546720339665,0.139660316368472,25.1301932769569,24.9319967486002,3.92000388032961,1.95462992218714,25.0604202538662,1.62101042992403,1.24573002030202,29,3.40119738166216,0.364277354804098,5.87183605965245
10647,234.993533271656,3856.06140350877,0.976533815526126,0.00733210853825211,0.143058853068063,25.2183058158324,25.0136187544231,5.62899528229029,2.06988006067,27.4236694592481,1.3718755668865,0.967604773436613,31,3.46573590279973,0.463500636079064,5.80729753851488
10690,352.375308492909,5023.70289855072,1.31721674337767,0.0040094603936815,0.03901669718591,26.3591958379208,30.4318985908452,2.67410156539933,1.51988167139095,24.9528531853127,2.30440539717812,1.58869366065136,11,2.484906649788,0.235700606644184,6.79215735423109
10711,263.314283005735,3904.80918727915,0.274712304855492,0.00637718641450494,0.0176952270974617,22.9635886595366,31.7747682121253,3.75764950052451,1.54959697151812,33.4498826661576,1.45046122144714,1.26264316814539,16,2.83321334405622,0.189098665756248,6.44581318570841
10733,1267.21707467621,5634.96511627907,0.617780781861556,0.00269836286907717,0.118474093109346,16.8728212146912,17.0852235125997,1.85775696800803,1.17973716795453,21.7565199679843,1.80654451638839,1.34182419640509,14,2.70805020110221,0.128193736853295,6.57302818537931
10883,648.848501383464,6188.34280936455,1.2951002240181,0.0221254466360213,0.142292853127934,20.8382677732413,23.1425952154088,3.20640834263128,1.6852702968065,20.2640287056948,2.2153035452696,2.03521350108378,14,2.70805020110221,0.427932688846928,6.58690701659385
10991,202.526873659925,5209.43729903537,0.271786569380293,0.00396714867271071,0.0935088608690856,23.362623159024,23.7332020040323,3.77557665191278,1.23718395792766,27.3896033273761,0.761520808781847,0.74951225874097,15.0000355555556,2.77259094445953,0.232170880346217,6.53224109060937
11098,2.63416967821275,5794.26762820513,0.0111193831387153,0.0171739109370258,0.151214620524331,26.9386212930819,21.2200089484292,6.83110371663887,2.64011192041542,22.9034775318244,3.20597107367915,2.81808377601348,44,3.80666248977032,0.0895219440522299,5.50785770111553
11248,55.3680907333106,5933.45438596491,0.14260305281271,0.0533592103992898,0.247078893843733,19.5915055271618,21.9173859806853,2.90855710836494,1.27261139236699,24.4800097169932,0.59620183003502,0.531999303355718,21,3.09104245335832,0.116892006163569,6.23690316069213
11355,1083.5883150474,2223.52846975089,0.130681231034608,0.0240615000582494,0.0802688119321161,24.3675432847406,20.0591633026286,4.14036047563732,2.38174221473428,22.8715375194346,4.14036047563732,4.06076752905546,22.0000355555556,3.13549576182167,0.139691592020041,6.20191769271798
11398,205.885527585004,5782.49158249158,0.302326899827332,0.00901800946516652,0.0658597398112481,20.9205997478366,23.4169697694104,5.37177376669691,2.25504572539204,20.0754418331365,5.37177376669691,5.00460501979402,15,2.77258872223978,0.369600162815933,6.56860445815516
11763,641.384337825717,4503.47289156627,0.649919705628628,0.0260048731301748,0.0662239894205273,21.4660522067558,20.644609217663,3.1250895015571,1.60359223003307,23.7381875080277,0.910496985940871,0.718557130600085,10,2.39789527279837,0.238450704085571,6.97481901816207
11849,497.996407293504,5657.85852090032,1.16239643195444,0.00411339695579414,0.0427499881932711,27.2141398012797,29.7474180430078,5.89148719471361,1.7304815030052,30.7566508294174,1.28039370797642,1.08323146707052,10,2.39789527279837,0.0463490559022443,6.98210348201837
11849,189.582484963499,3790.00461538462,0.177031935940002,0.0229553806503,0.119034497891288,24.738011740334,25.708038343887,3.56991659131538,2.53111716138183,25.7525906323164,2.22496552422524,2.07430998323146,17.999917037037,2.94443461268517,0.472806479084968,6.43556414213157
11871,405.517732958331,2241.29833333333,0.600108792351241,0.00131691438354684,0.0365843168198584,27.0534997552943,30.0802845673334,1.34501737697676,0.91559970433857,30.1325378714668,0.760716765615742,0.494005275500336,14,2.70805020110221,0.0586390487277088,6.67380352895132
11957,902.736203754812,2345.03924418605,0.198571010473846,0.0177742915923774,0.0519537754790394,19.999774602903,17.9949292866935,4.45285481497144,1.62852760461658,25.2248252040657,1.11980495523431,0.948659522396198,21,3.09104245335832,0.178096866208551,6.29802970656126
12729,78.8939762830047,4220.39884393064,1.31732939093532,0.00371039320069522,0.00607120880780754,26.8501934690972,21.5345001386748,2.95223182026245,1.71158473627445,22.118566631398,2.06031024492393,1.75087547665744,22,3.13549421592915,0.445287323709817,6.31614391794129
12815,251.394318417805,6276.04878048781,0.793827533176759,0.0155372225775345,0.0255886329029441,23.0685461387965,22.8414517348376,3.48534010868505,2.35881247000025,22.1216319231484,2.57844141668558,2.13973696210521,10,2.39789527279837,0.420290664457542,7.0604763659998
13094,1007.76074979622,6658.31793478261,1.22365627201592,0.0333509661723749,0.235001335912259,20.5875987555095,22.450972509824,3.04352982090494,0.961331137779153,22.9039995414624,1.34789358179967,1.15107751415662,22,3.13549421592915,0.302969235141412,6.34441517307189
13309,1232.40947128081,4888.65168539326,0.303811159834895,0.0248248427600873,0.120803435467175,20.8927006263114,24.5018976788595,3.98451482570489,2.32660220579152,24.8212231846784,1.94302229814483,1.74380889816988,9,2.30258509299405,0.0875326183586235,7.19361068409251
13631,752.117126464844,2500.46378830084,0.768919111713351,0.00718691652408836,0.008993909371306,21.6198085500527,17.9171481931221,2.34529358594215,1.19059411420637,18.7810571312794,2.2765415695024,1.41190222364186,12,2.56494935746154,0.247106694256557,6.95515253210931
13738,578.1093100822,3905.52551020408,1.02488519884551,0.0956023289104265,0.151829399999163,21.2410193531962,25.7863625584816,5.73059877076732,3.15312097051505,28.4684713921579,4.39995505917611,2.49778309543933,6,1.94591014905531,0.300160429141453,7.58201084571851
13845,113.025731834069,4122.09498680739,0.224692353118693,0.00179798240714287,0.0397449458372023,27.5067990013017,24.5878842960593,4.41358270173974,2.48695512745046,25.7938661501506,3.34564466087091,3.13617740533674,29.0000474074074,3.40119896190782,0.0857282114735918,6.13448047369724
14189,598.891215110312,6491.55612244898,1.24543089267551,0.0339615443393033,0.183820043738406,22.0543214231391,25.7786191295875,1.79891269529279,0.813762540041658,22.2527533888006,1.22260312178098,1.05847640490534,21,3.09104245335832,0.413195380127208,6.469179842149
14210,109.766826760486,3891,0.419940618459027,0.0204961849139869,0.281616159017008,21.3582795704096,20.2981463683456,2.16835990690329,1.11578003407144,20.3385007986769,0.993983502695318,0.944220958466991,10.0000118518519,2.39789635023887,0.314537260834589,7.16380487085228
14704,350.247175886824,3894.76829268293,0.380204059948792,0.0247266225337995,0.161351338056157,17.3187024736505,27.5992436655528,4.74072518580164,3.02455707011255,21.4135742421826,2.18500253716061,1.81027252769012,24,3.2188758248682,0.447965737917058,6.37699901972727
14940,2.1245073469722,6777.93232044199,0.00428503333756034,0.000408223872651481,0.000951082796879404,27.5530919511879,25.8671941861841,3.06348534919686,1.97107652850681,25.5483777409759,2.21172745455874,1.82627776582131,38,3.66356164612965,0.450700124765054,5.94823581255716
15026,914.72068385074,4962.84292565947,2.03938735672161,0.0178187071120316,0.141478906347014,19.3199420280238,17.892555539036,2.5567111366134,1.11530730338232,25.3262229835578,0.622696997320968,0.56666984840993,19.0000355555556,2.99573405133019,0.22124275119413,6.62180326159892
15048,1074.59967265292,5566.89136125654,1.49331406087387,0.00359804059741249,0.0559528968017469,26.5397850338351,28.0550837494891,2.93093917538343,2.33016122244916,29.1002813422451,2.52375272298756,2.39430875782973,13,2.63905732961526,0.136666829040253,6.97994304136561
15348,1193.56822058705,2775.7396373057,0.639302043104665,0.0243458445472202,0.0546999098398014,21.1492290030537,19.1397195803131,3.69828847371308,1.68169299088,22.2047872912288,1.37935526533996,1.03493743932263,37,3.63758615972639,0.433753364108853,6.00115429164046
16572,131.656727554601,3613.66169724771,0.479737404973135,0.109929473339815,0.510735547691168,20.863866645457,25.7143047608075,3.20907739628992,1.54269819529869,22.7197117096787,0.96544155914656,0.939591417739688,25,3.25809653802148,0.44314335196791,6.45737326517581
17688,1185.75765870663,3052.38645833333,0.584983808706803,0.00236321398902438,0.0671714197849245,23.1239949188779,20.4574806772868,2.9408362116568,1.81540158058962,20.707773314582,2.18475778333109,2.16679740819906,25,3.25809653802148,0.416158277230971,6.5225451845158
18053,271.536569295031,4765.34434968017,1.32947755532062,0.00564354149394081,0.0488526200036032,27.8610119846076,29.6498111737054,2.90860774868089,1.60210774960291,29.0512807897583,1.42719482396942,0.820897194190616,10,2.39789527279837,0.0417724544744599,7.40317188213829
18139,355.935939364963,5301.75321888412,0.61083299198816,0.00103415569800553,0.0136059514968708,27.5263397902286,30.8025458493493,6.04118940939021,4.30120266728255,31.1310265629869,4.04890867261729,3.61678633166848,13,2.63905732961526,0.109096211148261,7.16676226574271
18225,717.329480931826,4785.47058823529,2.29275676244606,0.000234950369541479,0.0252031270048765,18.832402681794,16.1094391363496,3.07694635168248,1.87542829589322,20.5285180463914,1.21784237541158,0.853566990867954,15,2.77258872223978,0.137027541328617,7.03796083463708
18525,1302.18989193685,6066.85404896422,1.01515375919235,0.028147593171861,0.173038650281933,16.6702516682356,15.7694500980962,2.54392853929714,1.28147905926015,23.4023508524491,0.938449499128131,0.83532939838463,18.0000355555556,2.94444085050972,0.297103844546412,6.88243559965457
18547,1182.10222232609,2821.11885245902,0.562497854050697,0.00133885489751786,0.0403776841050667,22.1464498542425,20.7001183859482,3.16481256816965,1.40290761898235,20.4996852238974,3.16481256816965,2.96866170816371,21.9999644444444,3.13549267003423,0.221533167251207,6.69257065985505
18589,51.7176112776175,4559.53901437372,0.215354674864843,0.0202598089960784,0.12122121988963,28.7633732250708,27.6000378178211,1.79594517562612,1.27806868570014,26.5194650362814,1.65424739141179,1.50816470154684,16,2.83321334405622,0.241569518952459,6.99711194285093
19019,519.710239040262,6223.16732673267,0.379728804661496,0.00188863348299232,0.0183020609239835,18.0455035669391,16.5920761109238,2.67229629665959,1.44999449501324,19.6568633101561,0.726479857932955,0.645991593727443,15,2.77258872223978,0.250063397659385,7.08060503624188
19877,51.5994220922489,4892.51479289941,0.262401600602535,0.0282229858821402,0.0586747583304367,29.2921695250828,28.7023492711342,1.73724038673008,1.23653745006288,28.4815684340488,1.60830197242581,1.47130772265566,13.9999881481481,2.70804941097844,0.323090142685033,7.18926915241216
22797,709.63268598538,4342.14343598055,1.61839566821034,0.0186153793844414,0.0950636276135523,20.8507383603138,22.3725107108497,2.65538317367597,1.73755400370871,27.283712585239,2.65382224515009,2.36625320335333,10,2.39789527279837,0.34197438295022,7.63648895453952
24235,4.55272864092951,5878.11979166667,0.00762031966172483,0.000312556552718175,0.00101752919770388,27.7310553693145,25.039729931178,3.00446235408566,1.97045949443568,26.9440325348465,2.4744282514683,2.18271250468622,32,3.49650756146648,0.314272694156213,6.599045586813
26017,4.56613807382569,5258.5333863275,0.00755317965951794,6.74386247627695e-05,0.000511684191816748,27.6443124121445,25.8683365518969,3.1976042630531,2.0610535337491,27.008696513234,1.9294291298278,1.84441774178072,29,3.40119738166216,0.10412246082529,6.76530806783104
26060,562.646618408564,2065.76701183432,0.149167858075196,0.0107748151562016,0.0131840319638843,22.298620778146,16.398519231864,5.09686945346762,2.07643570920528,18.6766680019613,2.61216151867306,1.9790875218092,24,3.2188758248682,0.00559230762670648,6.94928102581064
27219,231.242541495394,5457.60917941586,0.412746454029236,0.00366619739094026,0.0785076716541276,22.7533248934229,25.2809163172203,4.39856567679273,2.93070218768724,24.1103949682549,2.74192696013925,2.48187788986899,14,2.70805020110221,0.272795222171903,7.50362033673553
27412,493.402949148228,4272.25621546961,0.570482168710461,0.00355042465870812,0.0165317103788906,22.3633686101972,31.5424220732903,2.24740100439653,1.4511478614469,31.4596063564716,1.93165303933338,1.65742962601018,11.0000118518519,2.48490763744183,0.322989586791119,7.73382851526388
30095,211.76544749691,5051.25959079284,0.432203113918268,0.0029625560517078,0.0508957835762103,20.9395047365752,25.8348352588977,5.82494658071175,3.67616027215983,31.1226125131788,3.53476465166928,2.78451289752036,13,2.63905732961526,0.219697118214553,7.67305699436661
33744,565.241265663563,2866.61078886311,0.797799746610839,0.00928279015047949,0.0167250782349473,22.936343456004,19.11828732576,3.8869675098796,1.36954424752975,22.8925012010247,2.17997852758275,1.40236994192937,23,3.17805383034795,0.264995459033188,7.24850407237061
34410,329.481732615164,4896.23852183651,0.549500820150835,0.00200368298168172,0.0842955523268389,28.1945300664804,29.787446876769,3.45832489661404,2.3055583043698,32.4061709904146,3.45832489661404,3.05163935943682,6,1.94591014905531,0.0482232709259888,8.50019234973621
47483,374.842332032655,5225.1970865467,1.35802696131202,0.00225020817508058,0.0715238086111647,25.3686206157558,24.7092538338403,2.93154881584177,1.59852333674502,28.5763866557058,2.86773043479652,2.70843913240213,14,2.70805020110221,0.437748791945583,8.06007683012407
47804,3.76633416636278,6808.71830394626,0.00689239728037149,0.000266519255927807,0.000867101725447647,27.862381374208,24.8043586487839,4.22227496058814,2.36820700717918,28.0847502570976,2.91545910770748,2.53534362971175,56,4.04305126783455,0.221625617417676,6.73181332915222
50230,458.350294953301,6634.03087797619,0.637954423204064,0.0282911886346736,0.199763449646557,18.4681250805131,21.6335793624294,4.56383589232482,2.22501802527484,22.7986821341137,2.14904841694377,1.83399785151918,17,2.89037175789616,0.258016353192052,7.93399597884793
51776,901.635338028618,2391.47458242556,0.277339496771279,0.00771689046157923,0.0451975228002928,20.9311074710623,15.8937544201573,4.38358135651632,1.96162244937819,21.6314282405986,1.97506202109279,1.23624576517588,27.9999644444444,3.36729460393208,0.391504303972605,7.48738739648608
57593,421.382689498071,4715.66054421769,2.24987381510437,0.00172153469395591,0.0379628306514456,26.686571931356,28.8616244419902,3.19541841055972,1.7941716964647,28.9066520928796,3.19541841055972,3.14725050152791,12,2.56494935746154,0.00149853206793382,8.39620695405957
75989,57.1040421940077,3809.87733467945,0.314807659563118,0.0598474589513735,0.151007949140128,19.101109623223,23.7238461932529,2.10383908569536,1.17917410969236,22.2276855881158,1.2070076406537,0.882174812175527,20,3.04452243772342,0.451461175309928,8.19382143422755
76397,238.495457115677,4291.02178169359,0.259682662194258,0.00923923074623782,0.0229621344114444,21.727051655091,32.1925905324755,2.4492894077336,1.5804651750619,32.3067898428057,2.44883749919645,2.15307796913707,10.0000118518519,2.39789635023887,0.187977828769634,8.84580235712907
168013,389.695054322363,5816.08179216204,0.762402128995291,0.00108776436665823,0.0269346482710927,18.7875245169093,18.3779482682883,3.15965155433475,1.49850949316023,21.5081319126984,1.71533250783204,1.05841276575777,23,3.17805383034795,0.268675088210415,8.85374280599608
