Area,Class,DEMmean,FDate,ID,IDate,Id,NDVImean,SLOPEmean,isInf,rain_1months_mm,rain_3months_mm,random,tempMean_1M,temp_fire_C,windSpeedMax,windSpeedMean,year,temp_fire_C_2InitDays,windSpeedMax_2InitDays,windSpeedMean_2InitDays
43,2,229.786041259766,1153612800000,0,1153440000000,7372322,5034.5,0.132228568196297,0,0.0873913923298062,0.179552785089193,5.84663082094927e-05,21.8253464168972,21.1571999020047,3.41495275808404,2.58917757961686,2006,21.0529031117757,3.41495275808404,3.1545413936806
43,2,37.4774894714355,1091491201024,1,1091404800000,4870678,6775.5,0.268095344305038,0,0.0752363604545927,0.247696904716094,0.000113928724155943,22.4889443182176,22.1283444722494,2.00641743103928,1.75693845130261,2004,22.3226260503133,2.00641743103928,1.84502845796382
43,2,957.521484375,1234828800000,2,1234569600000,10847914,3196,0.800189077854156,0,0.25875505823236,0.464661906163613,0.00015955476628271,2.63885238401349,1.4137261072795,1.98711380330599,1.42429921127914,2009,1.72273883819582,1.87110940604811,1.31118849937452
43,2,1052.05053710938,1384300800000,3,1384128000000,16597311,2050.5,0.146027386188507,0,0.0184323314245418,0.0277536958648952,0.00016122113027417,11.366215908912,9.23626013861769,2.29209401274611,1.19871141875327,2013,9.25910275777187,2.29209401274611,1.44912094431498
43,2,108.438705444336,964569595904,4,964483200000,187295,4230.5,0.250739872455597,0,0.0252020120653178,0.0891772081022637,0.000212955004010418,23.578938293457,31.2065766016643,2.59292260668329,1.99186641950395,2000,31.2065766016643,2.59292260668329,1.99186641950395
43,2,16.0916938781738,992476800000,5,992476800000,987093,4914.5,0.0773651450872421,0,0.0577636369471257,0.178797147532137,0.000215034240518608,16.5262610609814,20.2731204986572,2.94337077777187,2.94337077777187,2001,20.7220397949219,5.55800804915098,4.25068941346143
43,2,114.929138183594,1571011200000,6,1570838400000,23445638,2806,0.27371945977211,0,0.0491595802474407,0.0739467264237561,0.000320703559981372,19.5611487494575,16.4450143602159,3.22041765913582,2.75297599041598,2019,16.403505897522,3.22041765913582,3.03541386593651
43,2,108.438705444336,1249344000000,7,1249344000000,11406175,5753.5,0.250739872455597,0,0.0816756669501366,0.186426415871754,0.000322287700102564,23.1482703998524,27.3641874949138,1.93428565239025,1.93428565239025,2009,25.7542921066284,1.93428565239025,1.32728124776107
43,2,26.4011268615723,1159574400000,8,1159574400000,7712635,5291,0.0477909818291664,0,0.0244067172698266,0.0807474427268211,0.000367295387895594,18.7477298941665,17.9665765126546,3.85947464355012,3.85947464355012,2006,17.4714977900187,3.85947464355012,3.44931248503764
43,2,191.630676269531,999216000000,9,999043200000,1223150,3155,0.431296318769455,0,0.0339219544054714,0.113820973509362,0.000371341884716769,25.4621852013373,21.6046323140462,2.47433930558005,1.81502639890735,2001,22.0679787953695,1.82611248802945,1.48536994557099
43,2,95.6445541381836,1254441600000,10,1254355200000,11692285,4609.5,0.0948048904538155,0,0.0828423214150931,0.212506269215673,0.000404868748388743,20.3078950034248,18.9340628941854,1.36100596836644,1.30398686987728,2009,18.9340628941854,1.36100596836644,1.30398686987728
43,2,529.551635742188,1332115200000,11,1331942400000,14605345,1904.5,0.890448689460754,0,0.131258870685599,0.3087230320202,0.00044500533639158,-4.10990693980244,0.32645208570699,1.38105647957537,1.2811284795138,2012,-1.08116664886472,1.38105647957537,1.35404870024537
43,2,29.0244903564453,1183334400000,12,1183161600000,8610526,3665.5,0.123363927006721,0,0.0218366717520126,0.0596493593257961,0.00046905627803695,23.2700433095296,22.2605684492324,3.51777126442719,2.08789046102513,2007,21.8936302820842,1.61381487963459,1.3729500593241
43,2,62.9316940307617,1312848000000,13,1312675201024,13819978,6269.5,0.0144709460437298,0,0.0417630016538588,0.226250727202352,0.000491405140498835,24.8098840077719,25.1663162867228,2.18239436267258,1.98609176893031,2011,25.1663162867228,2.18239436267258,1.98609176893031
43,2,5.73349714279175,1192752000000,14,1192665600000,9183325,3874,0.0102448686957359,0,0.0729145283400072,0.137140913146208,0.000531415515196199,17.3225191752117,12.9902635574341,2.54323773880551,1.82177415116889,2007,12.9902635574341,2.54323773880551,1.82177415116889
43,2,733.905883789062,1348099200000,15,1347926400000,15215182,4277,0.236483931541443,0,0.018596649847602,0.0348319695188621,0.00053207216719342,24.1408027402816,24.1447783999973,1.42632431584595,0.748173488752452,2012,24.0304370880127,0.632146510308749,0.409098075205702
43,2,244.717987060547,963705600000,16,963705600000,187549,2337.5,0.620499610900879,0,0.0200156127992273,0.0738169293496149,0.000543704860507366,24.5327873441908,19.7566206614177,1.56572227844547,1.56572227844547,2000,20.3874224980673,1.56572227844547,1.07072046525522
43,2,814.988525390625,1286841600000,17,1286755200000,12931644,2823,1.36560428142548,0,0.0140993163342777,0.0169690714040271,0.000589301644460027,22.0484049903022,14.4212531407674,1.63172825199126,1.47085605143718,2010,14.4212531407674,1.63172825199126,1.47085605143718
43,2,128.442077636719,1281484800000,18,1281398400000,12656937,5996,0.215201526880264,0,0.0298987524553382,0.20388666275575,0.000734471002140968,26.1416538894817,29.9176994323731,3.2445028317416,3.12477528510056,2010,29.9176994323731,3.2445028317416,3.12477528510056
43,2,147.573837280273,997315200000,19,997142400000,1222408,4534.5,0.236266165971756,0,0.0313096879213361,0.188369370855167,0.000747615501725196,25.9846981294693,28.5862490759956,1.28067711442907,0.851345075694551,2001,27.6027694702149,1.28067711442907,0.74101964200408
43,2,129.461944580078,1445904000000,20,1445731200000,18858516,4339,0.284483164548874,0,0.110570670717262,0.184898588697941,0.000776976998358769,14.4095242818197,9.92208485073519,2.82202557284114,2.3576528384535,2015,10.1839484532675,2.40300237544226,2.12546647125968
43,2,4.71755886077881,1508284800000,21,1508198400000,21203803,3152,0.0143068507313728,0,0.0184794985742514,0.0443319714032171,0.000787670750492242,17.4641818152534,15.3627191543579,3.16065310317784,1.93800956026922,2017,15.3627191543579,3.16065310317784,1.93800956026922
43,2,14.3679695129395,1218672000000,22,1218585600000,10204880,4637.5,0,0,0.0467615112444797,0.138267186615408,0.000827969925147665,25.6238101097845,28.4531668980917,5.65538026130861,5.05448332838707,2008,28.4531668980917,5.65538026130861,5.05448332838707
43,2,69.6930465698242,998179200000,23,997920000000,1259380,3312.5,0.034379567950964,0,0.0157629672287634,0.141204143747665,0.000909880121260365,27.3144956076017,25.5488445917766,3.7618294161397,3.38166706918217,2001,24.9037195205689,3.07303975219774,3.01414543883483
43,2,1203.68188476562,1550966400000,24,1550880000000,22642885,4572.5,2.61701655387878,0,0.196447219226705,0.354897186010742,0.000949855859006976,5.76491896106359,8.60511519114181,1.09593645191177,0.924159420818525,2019,8.60511519114181,1.09593645191177,0.924159420818525
43,2,9.6218090057373,1000771200000,25,1000684800000,1379429,2683.5,0.0271799936890602,0,0.0296195872063159,0.0856902635323173,0.000978721163877094,21.3028106156215,21.1061155954997,6.66492608988734,4.43910717194913,2001,21.1061155954997,6.66492608988734,4.43910717194913
43,2,393.277252197266,1316822400000,26,1316736000000,13968129,7734.5,0.346690326929092,0,0.0798121446566995,0.248496620727479,0.00105353581452239,18.4214266787293,17.2461919148764,0.99034141850082,0.684250631611671,2011,17.2461919148764,0.99034141850082,0.684250631611671
43,2,13.7235670089722,1567987204096,27,1567900800000,23341680,6415,0.0301338061690331,0,0.0400959849386915,0.104438503393279,0.0011274883423873,25.5086882683539,22.1091758304172,6.77477929693186,6.56500383690496,2019,22.0555279413859,6.77477929693186,6.71739299733281
43,2,1373.14453125,1317168000000,28,1316995203072,13993532,2915,0.0614587552845478,0,0.0108987433702339,0.0338663703348345,0.00120977552862456,16.4045712542791,11.4778018951416,2.1551774920278,1.81363196455435,2011,11.4778018951416,2.1551774920278,1.81363196455435
43,2,651.526794433594,1332460800000,29,1332288000000,14597264,3492,0.395666360855103,0,0.0185776073050192,0.156547444909009,0.00125853389965769,2.97693782236388,10.3107630835639,1.12445637702209,0.762620872865027,2012,9.95996659596761,1.12445637702209,0.748611528501738
43,2,41.5578918457031,958176000000,30,958089600000,81565,6698,0.324353784322739,0,0.249411050668034,0.534938849949128,0.00128907632625697,17.7642410490248,21.2142930984497,1.30157268670681,1.10780884861535,2000,21.2142930984497,1.30157268670681,1.10780884861535
43,2,428.007843017578,1271980800000,31,1271635200000,12243806,6111,1.16050899028778,0,0.271192486651518,0.729434791930842,0.00136331918444976,10.5611213232881,13.9570720672607,1.20552714527621,0.688105235211164,2010,14.0904667536417,1.20552714527621,0.826724309266014
43,2,603.678833007812,1059868800000,32,1059782400000,3558681,3118,0.563145577907562,0,0.00187120252384432,0.0219282168981429,0.00140135584025358,25.6348403889645,31.3887846628825,2.99333306463134,2.39351221207593,2003,31.3887846628825,2.99333306463134,2.39351221207593
43,2,1.3746999502182,1442880000000,33,1442707200000,18726881,5114.5,0.00471260491758585,0,0.000178678018638578,0.00078741685487671,0.00145219755408732,28.1730428593134,28.5500452677409,2.07190637258157,1.35297960162819,2015,27.8225948969523,1.35342916760444,0.993516216151501
43,2,106.05525970459,1218844800000,34,1218758400000,10209708,4813.5,0.336684018373489,0,0.018829802203296,0.0762709912496149,0.00149848407185393,23.9067650128436,28.2195214589437,2.5651967357293,2.44296248670857,2008,28.2195214589437,2.5651967357293,2.44296248670857
43,2,96.9767837524414,1500336000000,35,1499990400000,20840322,6129,0.156693324446678,0,0.0692348742777931,0.208516269378514,0.00152335720075414,22.0795830196806,20.6025854746501,4.19161361706069,2.23989493252099,2017,19.5320294062296,4.19161361706069,2.34443963706781
43,2,274.880767822266,1380931200000,36,1380758400000,16478406,6138,0.495006322860718,0,0.110609533411306,0.119661317292248,0.00153856450857981,20.8268409729003,17.1558842553033,2.91959489644182,1.98045959004045,2013,17.598922665914,2.91959489644182,1.91475563246563
43,2,1274.63525390625,1248652800000,37,1248480000000,11308748,2113,0.549331486225128,0,0.00828148161026832,0.100073098919736,0.00155945831448401,22.0000330819025,23.8224093543159,2.75845487312862,1.68760234788485,2009,24.0056520462036,1.63981998047611,1.15217608526296
43,2,86.5538177490234,1437177600000,38,1437091200000,18404199,5162,0.164607614278793,0,0.0572772744965491,0.156566347740103,0.00156508231902042,22.6499603059556,28.7235224405925,2.11213419747758,1.80091837572976,2015,28.7235224405925,2.11213419747758,1.80091837572976
43,2,97.2825241088867,1244419200000,39,1244332800000,11165883,3681.5,0.208267092704773,0,0.0066542567895489,0.0506502397645754,0.00161090578982248,22.4332762154201,19.5054085413615,4.46162257233664,3.53161263769921,2009,19.5054085413615,4.46162257233664,3.53161263769921
43,2,58.7887535095215,1218499200000,40,1218240000000,10201431,5471.5,0.0412004701793194,0,0.0922620834123009,0.164978217061972,0.00167479073300969,22.7697822488764,24.6397424697876,2.87650498860956,1.9817672838196,2008,22.7223220825196,2.87650498860956,1.78079494294237
43,2,324.594879150391,998870400000,41,998784000000,1222524,4959.5,0.419244319200516,0,0.0301685609706652,0.16111518100378,0.00173887300450637,24.8659097897109,22.8490663528443,0.339061501937927,0.321029076743338,2001,22.8490663528443,0.339061501937927,0.321029076743338
43,2,58.6538619995117,1125273600000,42,1125100800000,6253234,6682.5,0.24326753616333,0,0.0763237105815051,0.298959416015755,0.00175152112588295,22.8940239034673,22.5923324584961,2.38643954961824,1.95687668773989,2005,22.3327000300089,2.38643954961824,2.27362851682542
43,2,3.54922580718994,1191888000000,43,1191715200000,9183661,5038.5,0.0093042403459549,0,0.000668510834859859,0.00140146982220557,0.00182859356661458,25.4420775307549,24.6547709994846,2.58146271620722,2.25784311819485,2007,24.4323097229004,2.58146271620722,2.29034738589684
43,2,282.105560302734,1064707200000,44,1064620800000,3750828,6793,1.27252173423767,0,0.00100470997993796,0.00125914624409873,0.00188352339673281,24.6517313147104,22.188160832723,2.18744166037366,2.16050678612538,2003,22.188160832723,2.18744166037366,2.16050678612538
43,2,607.997497558594,1154217600000,45,1153958400000,7460603,1923,0.0865274369716644,0,2.83629887896097e-05,0.00102034350367219,0.00190917196239759,30.6261989593506,29.9269197146098,5.91985442293627,5.22775023531793,2006,31.0283097585043,5.91985442293627,5.91788359751617
43,2,714.0498046875,1338249600000,46,1338076800000,14755553,6251,2.68002843856812,0,0.112971089113842,0.291398532272531,0.00192547276387811,15.6607420815362,17.3341785430908,1.39175710006883,0.854062511527161,2012,16.6423275629679,1.39175710006883,1.197990817731
43,2,338.423522949219,1392595200000,47,1392508796928,16868948,662,0.0471154637634754,0,0.0640517948458523,0.110111124927791,0.0019642128332511,-3.82265656173865,0.709599113464378,2.19488090573352,1.56725787219311,2014,0.709599113464378,2.19488090573352,1.56725787219311
43,2,27.0562591552734,1189209600000,48,1189036800000,9039464,5482.5,0.0350329801440239,0,0.074431773579839,0.126625755131531,0.0019791937291338,24.8122697727654,15.6343850453695,4.01896971770535,3.1936813662797,2007,15.7849060058594,4.01896971770535,3.18732846344446
43,2,44.5922164916992,994291200000,49,994291200000,1071584,5208,0.0675132051110268,0,0.0602266181920186,0.222055841246622,0.00209803345287352,20.9582454469469,24.5475994110108,1.65644507871029,1.65644507871029,2001,22.9563321431478,1.82430264821536,1.74037386346282
43,2,77.0868148803711,998265600000,50,998006400000,1220450,6485,0.0253293439745903,0,0.0537155937466451,0.268923475895985,0.00210959922931164,23.8603286415018,26.4259086608887,3.09489953736448,2.01581345312512,2001,26.0767529169719,3.09489953736448,2.76379566279541
43,2,6.69237804412842,1213920000000,51,1213833600000,9919431,3286,0.0447568781673908,0,0.0100946636943391,0.103065532024889,0.00221034066975445,23.3199510348741,27.2021690368653,2.47256139772074,1.46281546415999,2008,27.2021690368653,2.47256139772074,1.46281546415999
43,2,82.5786056518555,1285200000000,52,1285113600000,12790279,5035.5,0.0246829763054848,0,0.0999232488609323,0.231888739850827,0.0022123682839712,18.0436699446811,15.4506097793579,2.00210326758628,1.72234632397208,2010,15.4506097793579,2.00210326758628,1.72234632397208
43,2,170.082641601562,1503705600000,53,1503619200000,20923018,4741,0.0793931782245636,0,0.0239201540430436,0.179621088603863,0.00223490508660229,25.703408546858,23.0617176055908,1.58770067803177,1.45287483495685,2017,23.0617176055908,1.58770067803177,1.45287483495685
43,2,455.1494140625,1508457600000,54,1508112000000,21182173,3287,0.465958297252655,0,0.000528114387506662,0.0188348418433364,0.00225653195504449,19.8562769148086,15.8156230926514,1.95032555096701,1.53594082931024,2017,18.6893856684367,1.95032555096701,1.85517837999501
43,2,3.07588505744934,1442102400000,55,1441929600000,18724983,5630.5,0.0110538471490145,0,0.0121729721550352,0.10883150645445,0.00229582645893223,25.3667839501495,21.734604771932,6.88231474613775,5.72777984414713,2015,22.4496583302816,6.88231474613775,5.67969988903179
43,2,67.34326171875,998784000000,56,998438404096,1263872,3922.5,0.111472077667713,0,0.00586645486827564,0.136823835526734,0.00241164652123915,25.6368988283219,24.4524131774903,2.50361988696121,2.04926054363168,2001,24.586543973287,2.50361988696121,2.34844015445901
43,2,42.4408912658691,1163462400000,57,1163289600000,7955823,3597.5,0.22529362142086,0,0.165616203416185,0.225657079874221,0.00242467523412138,15.6024611360284,12.2487606896295,1.4135448975973,0.960824626072632,2006,11.9593826293946,1.4135448975973,1.10910920072637
43,2,3.42001676559448,1571011200000,58,1570924800000,23445150,3265,0.00931476801633835,0,0.0322922367431815,0.10349934616012,0.00256478727561815,16.1162986543444,13.7804100672404,1.53929043544029,1.4015662403249,2019,13.7804100672404,1.53929043544029,1.4015662403249
43,2,53.5708389282227,959039995904,59,958694400000,81560,7240,0.602643072605133,0,0.189273397021431,0.393311887535067,0.00258532942322398,17.1234513388741,19.8313983917237,1.33386149911602,1.02475274360044,2000,19.3278375625611,0.962403559921599,0.867734777594206
43,2,35.5361061096191,1467676800000,60,1467417600000,19711885,4638.5,0.0547755695879459,0,0.0577505740150848,0.200714883814101,0.00263441378048823,22.17512488895,24.3077803611756,3.4922000376199,2.68995532541469,2016,25.6124263763428,2.91354640267897,1.95369193621185
43,2,7.5049901008606,1255305600000,61,1255132800000,11702009,5203.5,0.00814926344901323,0,0.000282420782657056,0.000889541879789846,0.00264471566934499,26.3288351906671,25.0950290256076,1.93598267789956,1.76130101524113,2009,25.0622265497843,1.93598267789956,1.84364778573338
43,2,1752.86767578125,1178236800000,62,1178150400000,8519281,1336,2.46381497383118,0,0.151056575914922,0.409438572929357,0.00268661491438871,-0.868453682793472,1.40458768208828,0.305042768315584,0.171524142694303,2007,1.40458768208828,0.305042768315584,0.171524142694303
43,2,44.053768157959,996710400000,63,996364800000,1119818,3827.5,0.124462738633156,0,0.0297469285539478,0.163063432635976,0.0026939126009119,25.123015997145,26.1693948109944,4.2678141456243,3.52452460087957,2001,25.8326936721802,3.7254157953983,3.25264464789919
43,2,50.6672286987305,1508112000000,64,1507939200000,21193266,3510,0.1209866553545,0,0.0726019823040218,0.151447770470146,0.00270923970591974,16.3274986479017,14.1037275950114,2.72505005744894,1.7680973656366,2017,13.6560967127483,2.72505005744894,2.09209614702156
43,2,44.7953071594238,995673600000,65,995500800000,1070745,4911.5,0.102916017174721,0,0.0448888109535588,0.172115168195706,0.00271597051438965,22.8609892527263,26.7051459842258,3.35446115585121,2.57793907620526,2001,26.3365449269613,2.83670270657449,2.18967803638228
43,2,93.19580078125,1281225600000,66,1280880000000,12656008,5934.5,0.155410975217819,0,0.0420691972064269,0.198139851593094,0.00274574221395796,26.2732095902966,31.6230508168538,4.42108855601916,3.75599972581924,2010,31.0646600087484,4.42108855601916,3.89196966378092
43,2,52.9631881713867,1153872000000,67,1153699200000,7371735,6723,0.0326450802385807,0,0.0494733431043279,0.171606835383681,0.00275813726037943,23.8580658170912,26.6789184570313,2.35884956764364,1.53956184173766,2006,26.5230267206828,2.35884956764364,1.66252997244426
43,2,3.06595373153687,1318550400000,68,1318291200000,14093384,4776,0.0348584428429604,0,7.4457052601673e-05,0.0390107479198534,0.00277079777880396,25.0557803048027,24.6336621602377,1.46453456922896,0.791632309011901,2011,24.5426469802857,0.521079620793837,0.443368453658422
43,2,1124.2666015625,1315094396928,69,1314835200000,13993255,2551,0.100529670715332,0,0.0133674625703257,0.0847922016773097,0.00277874783192622,19.4107687222059,17.7664918263753,2.94161774670567,2.54478580493863,2011,18.7613696416219,2.94161774670567,2.39325091266779
43,2,273.632141113281,967075200000,70,966988800000,276699,2176.5,0.449285358190536,0,0.00423006997784725,0.0473474247569641,0.00281627896582948,26.0434822246592,30.7062609354655,1.83423521204139,1.79176648443315,2000,30.7062609354655,1.83423521204139,1.79176648443315
43,2,56.8370895385742,999129600000,71,999043200000,1220622,3695,0.111610934138298,0,0.0140169683815685,0.0952165757356198,0.00282652781365067,25.8066965000604,19.1985533396403,2.93927016270631,2.13559486230275,2001,19.1985533396403,2.93927016270631,2.13559486230275
43,2,764.443115234375,1086998400000,72,1086652800000,4612298,5580.5,0.108476065099239,0,0.0745175451548867,0.269264270762065,0.00287431673833305,16.4829513262677,23.3543408711752,1.77340418278326,0.997647458666147,2004,22.4195428848267,1.77340418278326,1.57203242744498
43,2,90.3863143920898,966038400000,73,966038400000,298966,2898,0.0753132849931717,0,0.0138284649962301,0.102862568928551,0.00288326332699396,24.4707101883427,23.8815456390381,4.38947629843772,4.38947629843772,2000,24.3569850285849,4.38947629843772,3.65969386448388
43,2,649.374206542969,1503360000000,74,1503273600000,20923742,5405,0.694810390472412,0,0.00368022269795532,0.108382201293846,0.00289041130027512,23.1642707783689,20.8424542109171,1.94932190735905,1.87415337893001,2017,20.8424542109171,1.94932190735905,1.87415337893001
43,2,8.40833854675293,1571356803072,75,1571270400000,23445443,3138,0.0173338875174522,0,0.0414806096177749,0.0799541415447749,0.00292364859744731,15.7420000924005,15.563457107544,2.30144660803737,1.32223291470858,2019,15.7971667607626,2.30144660803737,1.49131744639487
43,2,154.679275512695,1438214400000,76,1438041600000,18443340,5966,0.105259358882904,0,0.0319692334563975,0.0944426782527295,0.00303789906652707,24.0986092249553,26.6988504621717,2.48577305744299,2.13281287814862,2015,25.9915478388468,1.96279607551415,1.95633278850143
43,2,631.751586914062,1003795200000,77,1003622400000,1451130,3329,0.523083448410034,0,0.00338574565518002,0.0419912355704675,0.00314136836146806,17.2428251902262,14.182575056288,1.49891717594438,1.38459341486001,2001,14.6611604054769,1.49891717594438,1.36099198840358
43,2,89.1087188720703,1218499200000,78,1218499200000,10143282,4735,0.11448609828949,0,0.0398483022829019,0.123973054025114,0.00315122611206997,24.7302082307878,25.8877826690674,1.29500333523601,1.29500333523601,2008,26.6984919865927,1.6899934078692,1.49249837155261
43,2,340.599182128906,1289088000000,79,1288915200000,13025925,5134.5,0.291462898254395,0,0.0603451692691515,0.11190830867006,0.00315262867495369,9.3765131304342,13.0453203413222,3.13078386042338,2.28211624473531,2010,13.544437344869,3.13078386042338,2.68520612837995
43,2,139.132507324219,1089417600000,80,1089244800000,4720726,3603,0.140373632311821,0,0.00292518925014207,0.113864775537152,0.00317133865853003,27.7644334157308,24.6058422088623,3.20320263028593,1.73356266590289,2004,24.1138483047486,3.20320263028593,1.70499424831268
43,2,44.9662666320801,994636800000,81,994464000000,1109129,4769,0.0258667133748531,0,0.0420127794352716,0.177210048595452,0.00324659372414371,20.6308159510295,27.307124710083,2.88518372100283,1.88481877800434,2001,27.2859687169394,2.88518372100283,1.69609531831569
43,2,5.61299610137939,1037577600000,82,1037491200000,2683534,4586,0.00844733882695436,0,0.089028349846906,0.226723060248858,0.00324973924067085,10.1753935947212,13.0263827006022,3.84491818601634,2.7515847046284,2002,13.0263827006022,3.84491818601634,2.7515847046284
43,2,852.577941894531,1095465600000,83,1095206400000,5043902,2357.5,0.240633755922318,0,0.0711305042180399,0.121034457733291,0.00329015653070486,19.0155338861609,14.3473487854004,3.60996126571702,1.73215539536845,2004,12.8047281265259,3.60996126571702,2.8888738142387
43,2,81.8876190185547,1468540800000,84,1468281600000,19712217,4697,0.203880429267883,0,0.0661204903203192,0.243798141617116,0.00330491230480112,23.4916086620755,24.8977072397868,2.08361372306694,1.70789852307617,2016,23.8507378260295,2.08361372306694,1.99372989087559
43,2,58.7424583435059,1311724797952,85,1311465600000,13719704,6165.5,0.394143432378769,0,0.128854264503119,0.204704368670988,0.00336511430418229,22.1999930063885,24.1630512237549,2.40701990347645,1.9870488428778,2011,22.9838094075521,2.40701990347645,2.2479359828871
43,2,324.594879150391,1155513600000,86,1155254400000,7521409,6142,0.419244319200516,0,0.0847055704981052,0.237031192245247,0.00346291202600013,22.5621020901588,22.807709312439,3.40942343419539,2.12963946794853,2006,21.3803866068522,3.40942343419539,2.15825448830277
43,2,32.4283676147461,1218153600000,87,1217980800000,10202900,4878.5,0,0,0.0520251401163669,0.108202452907957,0.00346969732587443,24.75364380293,22.2223576863607,4.90954259852795,4.8124552644174,2008,22.9003187179566,4.90954259852795,4.86459209873699
43,2,357.378387451172,1394582400000,88,1394323200000,16940699,6643.5,1.90167331695557,0,0.175541501436346,0.515903981382827,0.00348298373536715,7.26814440772654,10.0327448209127,1.49072392678349,0.810278348675802,2014,10.8139778137207,1.49072392678349,1.007492537343
43,2,246.879516601562,1380758400000,89,1380585600000,16478428,3021,0.112734764814377,0,0.0231209775030692,0.0250512252481556,0.00371708314704933,24.5794842825997,21.8770627339681,2.86491934633986,2.56096214606788,2013,22.0735733668009,2.86491934633986,2.84039675568569
43,2,743.770751953125,1315785600000,90,1315699200000,13969262,4287,1.04998385906219,0,0.0222825171480814,0.0326561229783167,0.00375535750346445,25.7106143459197,23.4360716501872,0.620677535959443,0.596289874154182,2011,23.4360716501872,0.620677535959443,0.596289874154182
43,2,39.2518501281738,994636800000,91,994377596928,1120476,5240,0.0778708532452583,0,0.067021809539046,0.163963032523167,0.00385215690596219,20.9767170800104,27.0957186381022,4.29395503603924,3.51252434862214,2001,27.1025100708008,4.29395503603924,4.26944457884453
43,2,1017.49291992188,1377043200000,92,1376870400000,16268723,1879.5,0.353810399770737,0,0.000667655966783087,0.0101315602999996,0.00386479591189848,21.3027442686019,20.9804516262478,4.52243685866572,3.99116058748022,2013,21.1650364557902,4.52243685866572,4.30067842902647
43,2,4.25896263122559,1412208001024,93,1412035200000,17526110,5325,0.00734670460224152,0,0.000223198257117474,0.00110462270277978,0.00387791408888205,26.9015642473775,24.1177221298218,2.50208171239459,1.98559548433555,2014,24.1079997380575,2.50208171239459,2.13311231324892
43,2,8.71502017974854,1217721600000,94,1217635200000,10205245,3268.5,0.0471017397940159,0,0.063861458396115,0.137169169372257,0.00388125981392451,23.8938089678364,22.1277503331502,2.60133294294118,2.56144648301284,2008,22.1277503331502,2.60133294294118,2.56144648301284
43,2,23.7047519683838,994896000000,95,994809600000,1123483,5068,0.182188332080841,0,0.0308360791777886,0.230032176533665,0.00390175220719668,21.8601132710776,25.343382136027,4.39712428792146,4.02249519532457,2001,25.343382136027,4.39712428792146,4.02249519532457
43,2,206.639358520508,1185148800000,96,1184976000000,8697665,5704.5,0.514731168746948,0,0.0107234162319578,0.173406152089541,0.00400780212171026,26.0793569140965,31.896591228909,2.31553068899112,1.32695953905883,2007,31.6983982086182,0.976292557920402,0.832673964092687
43,2,18.1238842010498,1192924800000,97,1192752000000,9167909,3825.5,0.0820013508200645,0,0.0479834785625854,0.0666035874065294,0.00402958294325306,20.8478627098931,20.5770414564345,3.65022338628999,2.87576531100687,2007,20.6496187210083,3.65022338628999,3.50432690249469
43,2,320.945129394531,1570492800000,98,1570320000000,23445518,6591.5,0.705576241016388,0,0.0265453495488046,0.0917028606195451,0.00406077599003885,17.3920634587606,12.0642721811931,2.51974583337342,1.97734913385645,2019,12.6716260274251,2.51974583337342,1.7914940288379
43,2,0.690246999263763,1410998400000,99,1410652800000,17524357,4422,0.00380460335873067,0,0.00824197618971212,0.0996603178295388,0.00407210110076772,25.0131148963845,19.6674382527669,7.55727844662565,5.3331706899207,2014,21.0216365814209,4.25584035131395,4.049518468481
43,2,34.4679374694824,1441324800000,100,1441152000000,18723568,5584,0.0381935574114323,0,0.0200874355924832,0.117880673884091,0.00410354033413718,24.7473289612801,27.4576265970866,3.6782787931259,2.48937197359021,2015,27.1219402313233,3.6782787931259,3.1189844766779
64,2,96.9746475219727,997488001024,101,997228800000,1220256,5324,0.279008239507675,0,0.0259324867243294,0.151011622349284,1.42099250667327e-05,25.636741420787,27.2866025288899,5.75061144520017,2.53499100947014,2001,28.0350573221842,1.61077083958218,1.27278211586056
64,2,61.8062515258789,1158969600000,103,1158796804096,7693799,6523,0.537747502326965,0,0.0285673122101926,0.105331187678402,0.000137242060610276,22.1206936867006,17.4933080037436,1.19748867536391,0.793041630352211,2006,17.4933080037436,1.19748867536391,0.793041630352211
64,2,76.5277099609375,1281744000000,104,1281484800000,12620895,5486,0.231833681464195,0,0.0673700438286033,0.246023053506249,0.000154669408539032,25.0056453294652,27.3090589205424,2.21840563803831,1.72436322990728,2010,26.1371061960857,1.32510879595834,1.23916780579139
64,2,9.09593963623047,1253491200000,105,1253232000000,11584448,4919,0.0110196433961391,0,0.0232505190896291,0.101975333675352,0.000237313143374052,21.878746451101,17.6000092188518,5.59595101133088,3.16667752396976,2009,18.8741858164469,1.33295531610126,1.12831367698393
64,2,3.67335557937622,1254787200000,106,1254528000000,11700903,3982.5,0.00975323747843504,0,0.027203643320906,0.11586811721239,0.000380593791878048,18.8610532972548,17.5261771837871,2.38526395605684,1.73902681251368,2009,18.2758537292481,2.38526395605684,1.52526046378125
64,2,38.5783996582031,1219190400000,107,1218758400000,10141919,4786,0.260237485170364,0,0.0203166698695405,0.106982358975941,0.000380788735868443,24.4477753875078,27.3415186564128,4.03041725855146,2.33801200629229,2008,29.5849592844646,2.48798904188833,2.02810897160342
64,2,20.7845783233643,1248134400000,108,1247875200000,11305696,3780,0.0577791556715965,0,0.0197504442046252,0.116210921404992,0.000489141886293454,25.3947430716621,27.6177011489868,4.83754168865191,3.09495698416077,2009,28.913630104065,2.87567888479453,2.78604107176281
64,2,96.9746475219727,1124409600000,109,1124236800000,6252811,6065,0.279008239507675,0,0.0503171556543407,0.198466985055809,0.000554175781848909,24.1662127053867,23.3906483544243,2.18835862731923,2.0225086314367,2005,24.37938524882,2.18835862731923,2.09872567635038
64,2,98.4669570922852,1219276800000,110,1219276800000,10205330,2848.5,0.0829474776983261,0,0.0477092391450284,0.154450582709387,0.000605178020840813,23.9368596723002,26.6130144755046,1.87436142971639,1.87436142971639,2008,26.8072353363037,2.8962077561448,2.3852845929306
64,2,150.916839599609,1121558400000,111,1121385600000,6129157,5974,0.092465415596962,0,0.0401359031103183,0.190231011634836,0.000608517971149136,20.6670696258545,23.085824584961,2.29826127446151,1.99440370794798,2005,22.5966529210409,2.29826127446151,2.01355069308237
64,2,51.0355262756348,1442534400000,112,1442448000000,18723276,4145,0.124113894999027,0,0.012635693964679,0.142919830077794,0.000634771045815663,21.5751712224817,19.9931665420532,3.2183230568941,3.13966785537626,2015,19.9931665420532,3.2183230568941,3.13966785537626
64,2,141.097579956055,1475107200000,113,1474848000000,19957480,4228,1.85119211673737,0,0.0581060522935957,0.11304530923065,0.000782318207912081,23.2904968959029,18.7767848332723,1.68728802138463,1.13005134221183,2016,18.516382153829,1.68728802138463,1.40873495859624
64,2,147.805053710938,1440460800000,114,1440201600000,18546244,4635,0.264734119176865,0,0.0320621929658529,0.14987975206887,0.000798757529806626,26.6269951974193,20.1669202804566,2.21170920941854,1.39112886899629,2015,18.3361119588216,1.78028505440023,1.33388400285419
64,2,54.1364059448242,1339545600000,115,1339459200000,14843705,4382,0.285364627838135,0,0.0795325947223873,0.285960398791822,0.000859794107106793,21.1143529830441,25.650391515096,1.60126176440492,1.59252301420096,2012,25.650391515096,1.60126176440492,1.59252301420096
64,2,19.8210220336914,1186272000000,116,1186272000000,8901678,3570.5,0.0259160902351141,0,0.017033420123763,0.0601196319574235,0.000865308228257589,26.9729136272144,26.1893751780192,4.37837319810973,4.37837319810973,2007,27.5965120951335,5.88292687403718,5.13065003607346
64,2,67.9556732177734,1438473600000,117,1438300800000,18444142,4179,0.135968893766403,0,0.0373502101466698,0.088729063921555,0.000888467850907126,24.9535207317722,23.8218697865804,4.00979875607985,2.70545962104651,2015,23.9980833689372,4.00979875607985,2.85203872394561
64,2,17.765754699707,1126137600000,118,1125964800000,6468866,2937.5,0.0639246553182602,0,0.0135795599633006,0.0602353185288997,0.000936456162596522,23.8910580378707,21.5462127685547,1.94094088037115,1.43892470757939,2005,21.4893626530966,1.77254092921012,1.18791662118351
64,2,74.0281753540039,1407456000000,119,1407196800000,17401869,5957.5,0.801952481269836,0,0.0879726617904133,0.202521072148983,0.000987919725894737,26.0123082724951,25.0336598714193,1.96119419999883,1.39902031050745,2014,24.6121161142985,1.13302524723198,1.04440973612648
64,2,44.2267456054688,1153526398976,120,1153526398976,7371724,6732.5,0.0552137345075607,0,0.0659679362572021,0.169827235272152,0.00110466415406263,23.6644722832573,23.1218105316162,1.25003089602708,1.25003089602708,2006,23.6449657440186,1.33317408234866,1.29160248918787
64,2,98.608024597168,1124323200000,121,1124064000000,6296043,3096.5,0.181985914707184,0,0.0429915570567978,0.0992476600711214,0.00110663544914935,25.4711520984609,28.2598706245423,5.789859559346,5.03214902815737,2005,27.3024246851603,4.8024658572952,4.27899661920382
64,2,213.865737915039,1061078400000,122,1060905600000,3559545,3407,0.182539477944374,0,0.0166490724112869,0.0778632033219431,0.00126664045028912,23.1139051457887,26.2363037957086,2.2288215509519,1.49825640237583,2003,27.025368309021,1.25723570904646,1.1329738280878
64,2,13.7235670089722,1287878400000,123,1287792000000,12931000,4268,0.0301338061690331,0,0.0661370037962961,0.106199991968591,0.00129985405589861,14.6797167460123,11.3191343307495,3.3979097300477,2.44133300750004,2010,11.3191343307495,3.3979097300477,2.44133300750004
64,2,189.992385864258,1091145600000,124,1091059200000,4721852,4919.5,0.472614169120789,0,0.0478213880953682,0.21812480446809,0.00134361987284737,23.2408041636149,18.8316033045451,1.54423414345169,1.50402100061638,2004,18.8316033045451,1.54423414345169,1.50402100061638
64,2,5.40250492095947,1149552000000,125,1149120000000,7304094,4621.5,0.0225366689264774,0,0.0149918937730114,0.16602339627396,0.0013487017427205,21.3803254281322,25.8743678622776,2.61417085066634,2.05451644079359,2006,25.245147005717,2.09891037430837,1.90055425089793
64,2,43.0508460998535,994464000000,126,994464000000,1116810,4267.5,0.103886343538761,0,0.0397224262562936,0.180053070941948,0.00136191509522021,20.318934440613,25.7414852142334,1.5234328021322,1.5234328021322,2001,26.1556790033976,1.95988830573507,1.74166055393363
64,2,500.701110839844,1316649600000,127,1316649600000,13970620,2393.5,0.438603818416595,0,0.00856877243998611,0.0101712520705348,0.00138363498070004,24.0125303453015,20.3678178151449,2.28557183490301,2.28557183490301,2011,20.2260484059652,2.28557183490301,1.45214477029424
64,2,113.633941650391,1594425600000,128,1593993600000,24207419,5353,0.356189340353012,0,0.0724581099918673,0.173472095078203,0.00144996713177103,22.6197244008382,24.3827005386353,5.30453627395111,2.59363389495346,2020,24.1572964350382,5.30453627395111,3.21614108303057
64,2,22.4605808258057,1489017600000,129,1488671997952,20519423,2716,0.268541097640991,0,0.0440973672310925,0.142554752158897,0.0014630970032985,2.61990236554834,8.18602727254233,4.29003776803044,2.99103639333682,2017,6.92010936737063,2.31076788951201,2.11979711768974
64,2,2.2920618057251,1566950400000,130,1566604800000,23215944,5528,0.00446347845718265,0,0.0324609890406578,0.127946482613059,0.00149839707889698,25.0544868264147,27.3854344685873,4.16500794076844,3.77104712544956,2019,29.2699647903443,4.1564964295377,3.73867147703419
64,2,86.9910278320312,1282435200000,131,1282348800000,12621021,5683.5,0.0315301604568958,0,0.0566820966033248,0.21106090909603,0.00150244951316181,25.7636869574106,23.1599937438965,3.20683801071024,2.86209343616714,2010,23.1599937438965,3.20683801071024,2.86209343616714
64,2,87.6133041381836,1341964800000,132,1341964800000,14929447,6359,0.0595719218254089,0,0.0278194477643083,0.204683308199339,0.00153978839460289,25.7116080390083,27.1555229187012,1.53892581877067,1.53892581877067,2012,27.7260709762573,1.53892581877067,1.28977902737591
64,2,202.983215332031,1057276800000,133,1057017600000,3416788,3518.5,0.18443788588047,0,0.00426059563888259,0.0852344209835891,0.00157672830458733,22.729742664761,20.0049010276795,3.26225528414601,2.86395869004652,2003,19.695498085022,2.84197365731817,2.74929233145047
64,2,681.658203125,1443744000000,134,1443571200000,18750176,1802,0.375370979309082,0,0.00211343242587958,0.00254623942041121,0.00167917027301956,27.2009934743246,22.8387890285916,2.46395561383482,1.3355872743803,2015,23.4883237838745,0.878680253100729,0.771403104653039
64,2,11.6449947357178,1284768000000,135,1284595200000,12808533,4419,0.126317784190178,0,0.0121196339924268,0.122640065593426,0.00169281055644854,22.0240122354159,20.3917658487956,2.6639429572622,2.10465669989101,2010,19.8489194869995,2.2031963390149,1.82501357120541
64,2,24.7636394500732,994464000000,136,994464000000,1110811,4591,0.11445564031601,0,0.05228900762474,0.173286706963562,0.00183432739362677,20.8092501958212,27.2268367767334,3.02150158131321,3.02150158131321,2001,27.3415920893351,3.02150158131321,2.10272744717077
64,2,141.230209350586,1217721600000,137,1217635200000,10141613,5992.5,0.377914696931839,0,0.0494967688075683,0.151335300987895,0.00190974863297599,22.8124891383674,23.5309485753377,2.02468845271318,1.91441128354637,2008,23.5309485753377,2.02468845271318,1.91441128354637
64,2,8.16184234619141,1219536000000,138,1219363200000,10206254,4476,0.0146941589191556,0,0.00966465693260687,0.139876627173464,0.00193994555850618,27.0038536112796,29.8954824235705,5.10713238467328,3.60762961805538,2008,29.4861049016317,3.41787740073395,2.85787823474642
64,2,636.943542480469,1437955200000,139,1437955200000,18492920,1799,0.579468369483948,0,0.000150411430144715,0.0255673793620268,0.00202271345380345,30.3280882729425,31.210029856364,1.77632714367784,1.77632714367784,2015,31.4369016647339,2.01035118168013,1.89333916267899
64,2,4.50167417526245,1098662400000,140,1098576000000,5209363,3667,0.00967978872358799,0,0.0249882955856542,0.175118255957226,0.00202609315499047,14.4333383984037,13.154396947225,3.82044276561726,3.49606752280803,2004,13.154396947225,3.82044276561726,3.49606752280803
64,2,60.2762222290039,1121644800000,141,1121472000000,6128090,4895,0.0440270267426968,0,0.0497085819146754,0.127679695015871,0.00207629184929603,20.5169446309407,24.5308490753174,3.32683679955632,2.3062075523744,2005,24.5099909464518,3.32683679955632,2.45241796279968
64,2,28.3437614440918,1501545600000,142,1501286400000,20839444,3675,0.112205989658833,0,0.0238147733367668,0.0676821425638394,0.00232828564573095,24.6109321806166,24.0189960161845,4.58265124087784,3.79720842355633,2017,22.9717565536499,4.58265124087784,4.50439992664126
64,2,161.535507202148,1154476802048,143,1154476802048,7521809,5149,0.139675185084343,0,0.0274396244234296,0.110136972004728,0.00233903932850177,23.440594363469,27.4020350138347,1.92014418125417,1.92014418125417,2006,27.8347440719605,1.99711430598091,1.95862924361754
64,2,79.1269683837891,974160003072,144,973728000000,577320,2980,0.00749841006472707,0,0.015316650594098,0.0462064235548496,0.00237796751758823,13.8635935096331,10.785526529948,3.96177535136426,2.38794763794833,2000,11.6196104049683,1.98448513115198,1.76110448433732
64,2,171.932983398438,963359997952,145,963187200000,186060,2417,0.213123515248299,0,4.885955808831e-05,0.111320412926805,0.00240086313390242,27.1664225684272,25.7513847774929,4.29809112301577,2.46786865119401,2000,24.8492465972901,4.29809112301577,3.00660627060805
64,2,124.407295227051,1501372800000,146,1501200000000,20802556,6528,0.415878713130951,0,0.0573611599977539,0.1715048208914,0.00244925411742192,22.5826919343737,20.633804151747,4.76293444025566,3.59031764719768,2017,20.0578221638997,4.76293444025566,4.28540025356353
64,2,22.4941291809082,1248825600000,147,1248480000000,11306732,3035,0.0739971995353699,0,0.0268572989568412,0.0645969060877434,0.00246613601621704,24.9418353822497,23.5066070556641,5.74930834044515,2.7957455514904,2009,25.2272910435995,5.74930834044515,3.3061452138955
64,2,1007.22106933594,1110758400000,148,1110499200000,5720628,2971.5,3.57546973228455,0,0.105020340594042,0.323128683086001,0.00247720646688199,0.162127067929248,5.19698184331264,1.31156922321155,0.82052275702024,2005,3.06264743804934,0.781722464651585,0.655791395847068
64,2,97.9653472900391,997574400000,149,997574400000,1219659,6284,0.0150670763105154,0,0.046145774793299,0.249249300308996,0.00248143953141378,23.7036671464161,19.5195753733317,4.87081290600773,4.87081290600773,2001,19.8152630488078,4.87081290600773,3.42948140830497
64,2,44.9587516784668,1467158400000,150,1467158400000,19606766,6212.5,0.178251653909683,0,0.0883363733246867,0.188917241296547,0.00250108688793105,21.984509999265,24.0307403564453,3.63700567266977,3.63700567266977,2016,24.5798129399618,4.73528602949016,4.18614585107997
64,2,2.10748839378357,1186185600000,151,1186185600000,8902416,3514.5,0.0272146873176098,0,0.00266936824897002,0.0227310403976055,0.00252749161002819,26.4887664425759,24.4342978159587,3.07047898799805,3.07047898799805,2007,24.9040402730307,4.87307685730073,3.97177792264939
64,2,1029.0283203125,1252281600000,152,1252195200000,11586127,1918.5,0.252245187759399,0,0.00034694235902677,0.0177985638678813,0.00253022602003383,21.8120771715718,21.6859241485596,1.8648687977465,1.6559497661913,2009,21.6859241485596,1.8648687977465,1.6559497661913
64,2,252.043640136719,1591056000000,153,1590883200000,24084140,2899,0.12074513733387,0,0.0152588911044838,0.0911628567138081,0.00258194930080213,23.5835728265906,22.7111575232612,3.55864181322659,3.32092552790277,2020,21.9748741149903,3.55864181322659,3.32361125649591
64,2,42.0754051208496,1190246400000,154,1189641600000,9058790,6758.5,0.488637536764145,0,0.0229953044821904,0.0685420710221116,0.00259446244726336,27.6205908949657,25.029810444514,2.5161690866402,1.07551081588241,2007,24.6266672770182,2.20071703661099,1.62579390562113
64,2,57.2550010681152,1096416000000,155,1096156800000,5069178,5888,0.0318857207894325,0,0.0311727269304427,0.20003789422146,0.00265855527553294,17.9633580976916,19.7326622962952,3.28423035214273,2.23175924885251,2004,20.6911935170492,3.28423035214273,2.53566466683989
64,2,1592.52880859375,1349222400000,156,1349136000000,15330601,3470,0.682838261127472,0,0.00387877821612648,0.016183809311535,0.00266168207499951,18.3932202233209,15.6753033955893,0.921017117708592,0.919695814172962,2012,15.6753033955893,0.921017117708592,0.919695814172962
64,2,19.6487846374512,995155200000,157,994982400000,1111309,4745.5,0,0,0.0863811712313804,0.23403365771809,0.00273476733207034,22.3739134258694,26.6897206200494,6.15876218116681,5.29160138116897,2001,25.9844470977783,5.28786165982034,4.85802098117005
64,2,54.2978210449219,963273600000,158,963187200000,204947,3877,0.189768299460411,0,0.0414145426368542,0.12407644765867,0.00277591993888526,21.0312717437744,21.9788038889567,3.41453933007109,2.54718907284859,2000,21.9788038889567,3.41453933007109,2.54718907284859
64,2,499.403381347656,1060214400000,159,1060041600000,3558740,2194,0.680767178535461,0,0.000262459197145404,0.0216141244530625,0.00280652810746174,25.8910240542504,26.2547633277046,3.79495368876741,3.24301909273323,2003,25.9323834737142,3.79495368876741,3.54819687912948
64,2,72.2460708618164,1154476802048,160,1154390400000,7557426,5358.5,0.0293272566050291,0,0.0194574767080304,0.139230564388345,0.00283323854796458,22.6973057900706,24.500825712416,2.69146770259876,2.23674789578582,2006,23.7639661788941,2.29094379288904,2.00938799237935
64,2,60.4588394165039,1501286400000,161,1501286400000,20838947,2785.5,0.072655662894249,0,0.0394361374534355,0.0769676968536572,0.00287320919485168,24.1116591771444,22.3391414642334,3.78168437681679,3.78168437681679,2017,22.8148555119833,4.59970008449617,4.19069223065648
64,2,986.648010253906,970790404096,162,970790404096,493225,5094.5,0.727876424789429,0,0.0537613168277069,0.106433155325288,0.00295666896167368,15.614582739936,13.6378888448079,2.56449443263375,2.56449443263375,2000,14.3155135472616,2.56449443263375,1.5759011933098
64,2,135.073104858398,998265600000,163,997920000000,1220745,4938.5,0.130732163786888,0,0.0492499146460226,0.234064365610458,0.00305268393200187,25.2114813896917,25.4906352996826,3.26712659906705,2.58248667705122,2001,24.6839929580689,3.26712659906705,3.07076325895911
64,2,217.888656616211,1343174400000,164,1343174400000,14929950,3468.5,0.400043725967407,0,0.0102879861583141,0.0366620694611655,0.00313256323268329,27.9400910271539,23.2946907043457,1.68159197305784,1.68159197305784,2012,23.8561934789022,1.72844551489479,1.70501874397632
64,2,215.892822265625,1376265600000,165,1376265600000,16268607,6148.5,0.0879670083522797,0,0.0281579802796337,0.194169155604612,0.00321940511010843,23.2243009464715,25.135270690918,3.3371533498453,3.3371533498453,2013,25.4847414652506,3.3371533498453,2.09385364398431
64,2,59.649974822998,1089072000000,166,1088640000000,4754994,6031,0.0464598573744297,0,0.0450848833621436,0.189431056566885,0.00324196161151535,19.4969229380291,20.7634098688762,4.34392530759372,2.61336123175612,2004,20.3479740778606,4.34392530759372,3.53892880851836
64,2,31.4902381896973,1119312000000,167,1119139200000,5994243,4786.5,0,0,0.0344367594662884,0.0727830669471707,0.00326573102952232,21.034173358384,18.7419444613986,6.88499864128387,5.49771865435823,2005,19.0727233250936,6.88499864128387,5.9456259914935
64,2,246.879516601562,1380412800000,168,1380412800000,16383002,2993.5,0.112734764814377,0,0.0165537161536626,0.0175367772591386,0.00329056421769847,24.9747342222481,19.648796971639,2.97644843251198,2.97644843251198,2013,20.6352643330892,2.97644843251198,2.90645442515709
64,2,7.61950349807739,960854400000,169,960422400000,136347,6174,0.0407032668590546,0,0.0278108844566773,0.102929585285437,0.00337887285117722,18.7171858797792,21.8746506796943,5.54166072280737,2.93630272760965,2000,22.2277399063111,4.81629138787142,3.55315912187814
64,2,165.254440307617,1318550400000,170,1318291200000,14098882,4595.5,0.234492689371109,0,0.0480883826049698,0.287907376538094,0.0034417247849744,19.0246415244209,16.3667961120606,2.57997461921603,1.3497365076565,2011,17.545658047994,0.826497291400401,0.671704921295622
64,2,122.160415649414,996710400000,171,996451200000,1117345,4833.5,0.208195388317108,0,0.0471718583301595,0.190462389398657,0.00345321411509636,24.3626962449816,25.1835968653361,4.10884192439915,3.75288663367545,2001,25.1397087732951,4.0278938333455,3.97412347258115
64,2,55.887092590332,1566345600000,172,1566259200000,23183876,4662.5,0.127278327941895,0,0.048950717143061,0.180683048379205,0.00347893503519681,25.399895030196,27.1545310974121,1.50242202901041,1.48891650645275,2019,27.1545310974121,1.50242202901041,1.48891650645275
64,2,121.541862487793,1025740800000,173,1025740800000,2056061,2592.5,0.147979483008385,0,0.0035259765154656,0.0652593049166263,0.00364432242617307,25.5822288725111,29.64541015625,0.730483188148695,0.730483188148695,2002,29.0750906626383,2.74842579539843,1.73945449177356
64,2,127.08861541748,1375488000000,174,1375488000000,16232504,5860,0.0706087872385979,0,0.052114850752254,0.27317094966752,0.00367044015967188,21.6405490834226,22.064184443156,3.2375579712916,3.2375579712916,2013,21.7417474746704,3.2375579712916,3.15749072970457
64,2,116.588653564453,994204800000,175,994204800000,1125095,4347,0.269896060228348,0,0.0309032806525629,0.140668460423736,0.00378958927265671,19.6273442162408,23.2699403127035,3.57724184863774,3.57724184863774,2001,23.7189912160238,3.57724184863774,3.54868729179733
64,2,203.200042724609,1063411200000,176,1063411200000,3732750,3549.5,0.34630486369133,0,0.0304112807326149,0.0728184739049311,0.00381597115801013,23.0356640231225,14.2766796112061,4.12665921264393,4.12665921264393,2003,13.6504805246989,4.12665921264393,3.78655411285875
64,2,769.148620605469,994377596928,177,994377596928,1159129,1358,0.13994525372982,0,1.97217075488254e-05,0.00178666190243959,0.00386955912314313,29.0884765201145,28.7391696929932,2.05649008074299,2.05649008074299,2001,28.4076044718424,2.2560647498125,2.15627741527774
64,2,40.5405082702637,1154995200000,178,1154649600000,7558233,5260.5,0.0320364497601986,0,0.0208336486272422,0.12146574490713,0.00391364782077208,23.4631125624463,28.1755043029785,3.55731723881778,2.18356398160989,2006,28.0571599960327,2.326582597221,1.88857854791786
64,2,18.8222503662109,1280966400000,179,1280880000000,12658361,5089.5,0.109566584229469,0,0.0280765896128905,0.134033133887367,0.00406514869871,26.5032268113988,30.0619744618734,2.34461854624029,2.30326657638365,2010,30.0619744618734,2.34461854624029,2.30326657638365
64,2,455.1494140625,1095379200000,180,1095120000000,5044067,3969,0.465958297252655,0,0.0320886532316464,0.0656243885062153,0.00407332195264631,20.7098787451303,18.3772545814514,1.50640804992125,1.10824189229239,2004,17.4910306294759,1.50640804992125,1.41818453956675
64,2,38.4196510314941,1287792000000,181,1287792000000,12931718,3875,0.165401771664619,0,0.111390831964211,0.145206284788568,0.00411727029154352,22.2585470411512,19.8563190460205,0.265751074322102,0.265751074322102,2010,19.5929787317912,0.275270762888292,0.270510918605197
86,2,37.9961280822754,994636800000,182,994291200000,1071109,5217.5,0.0545691400766373,0,0.0385645170424596,0.159089777627962,2.75545997551196e-05,20.7114491144817,25.330821355184,3.2795207012993,2.27549149995693,2001,23.457837677002,3.2795207012993,2.7187020697243
86,2,113.733909606934,1185235200000,183,1184976000000,8697294,6673,0.0938060656189919,0,0.0499872756231703,0.19057723697037,5.6457078176253e-05,23.6073137283326,30.2735742886862,2.21953355299638,1.68663105572446,2007,30.9452243804932,1.58702452039841,1.38235286044211
86,2,84.3059158325195,997574400000,184,997228800000,1220129,6305,0.0258556306362152,0,0.0423809546942238,0.291701874534152,7.55064787687498e-05,23.4251345029441,24.7016253153483,4.77460339350074,2.58575343116849,2001,26.3908922831218,1.32974579041179,1.27656474084535
86,2,500.701110839844,1187740800000,185,1187395200000,8866591,2035.5,0.438603818416595,0,0.000475703694515772,0.0491459451473517,0.000173047992298558,25.6779603117257,25.6852340698242,2.83815830933376,2.04535670477138,2007,24.4551661173502,2.48974785279482,1.89325797171104
86,2,7.37018728256226,1157587200000,186,1157328000000,7715129,4874,0.0300742592662573,0,0.00604359200820781,0.0369035361629884,0.000246325040425543,28.4480943249118,27.6152974128723,1.37379610681982,1.1218998468705,2006,27.2448373794556,1.21564983120124,1.134028399617
86,2,73.8174133300781,1095724800000,187,1095206400000,5047156,5993,0.0370893701910973,0,0.0452735473784784,0.173573299696105,0.000259389885539862,20.4599380780292,18.7703988029843,3.21109038093344,2.04181603733741,2004,21.38289381663,3.09776958183572,2.42635482245516
86,2,17.1889572143555,1159228800000,188,1159142400000,7714432,4736.5,0.208955347537994,0,0.11646284267243,0.196157559728292,0.000313898011917169,18.8883539507466,18.6985765457154,2.79746611601174,2.21845019642652,2006,18.6985765457154,2.79746611601174,2.21845019642652
86,2,1532.27905273438,1064361600000,189,1064102395904,3750634,2303,0.37038442492485,0,0.0275955934259535,0.0325049644342243,0.000437828938675056,15.7710117504161,13.0343361854553,3.54599553931733,1.80098757203179,2003,11.0715798695882,3.54599553931733,2.8091330269599
86,2,171.932983398438,994377596928,190,994204800000,1068552,2866,0.213123515248299,0,0.000805289424459232,0.0654151079008862,0.000442913639698173,27.107831954956,24.1184311336941,3.51451998838904,3.15488702391342,2001,25.2350638071696,3.51451998838904,3.19617140367459
86,2,888.152099609375,1442966400000,191,1442620800000,18750194,1915,2.17452144622803,0,0.00105235992156949,0.00346965269184807,0.000474882133834287,27.6386418988627,24.8795145670573,0.801662989645712,0.522282405379949,2015,26.4333702087403,0.744497420074975,0.524412725582567
86,2,105.313690185547,998265600000,192,997920000000,1261651,3977,0.13379630446434,0,0.0054578605889013,0.122364501342155,0.00056284965655351,26.1464034747053,25.8686138153076,2.64069631858258,2.10045509157359,2001,25.4642663955689,1.9240754883179,1.71092170155869
86,2,272.759918212891,1202428800000,193,1202342400000,9572585,3112.5,0.672105848789215,0,0.0169481354368131,0.20207355857271,0.000568106718041417,1.34624217453836,4.59007987976076,0.799615357963328,0.642685503603485,2008,4.59007987976076,0.799615357963328,0.642685503603485
86,2,22.6113300323486,994377596928,194,994291200000,1110527,5459.5,0.13984552025795,0,0.0778676111910954,0.167694199839609,0.000770673949008649,20.1227691014607,26.1109545389811,4.38422925365571,4.3359787978244,2001,26.1109545389811,4.38422925365571,4.3359787978244
86,2,616.682373046875,1058659200000,195,1058486400000,3488753,1655,0.0869797542691231,0,2.36210961901406e-05,0.00132347596680304,0.000948684235401509,30.1781892988417,31.0402423434788,4.69513651195738,4.158331088713,2003,30.7413539250692,4.1937177580494,3.88992837709081
86,2,128.976150512695,968889597952,196,968544000000,420212,2600.5,0.252664357423782,0,0.0105640062593864,0.0270526967434428,0.00117240711263722,22.5431617285616,19.3106246948242,4.2086924283505,3.28525129110155,2000,19.3424856821696,4.2086924283505,3.6841968442952
86,2,331.394958496094,1500940800000,197,1500854400000,20801300,4947,1.1944226026535,0,0.00476869312933559,0.0232592768761464,0.00121545930833333,25.8746658537123,25.7128800710043,8.66208362521821,7.12382160598623,2017,25.7128800710043,8.66208362521821,7.12382160598623
86,2,30.9891052246094,1499817600000,198,1499644800000,20840047,4094.5,0.0353526920080185,0,0.041847432498308,0.128880764170393,0.00124568078876008,23.4242730034723,23.3324208153619,1.06283984777218,0.984619069277703,2017,22.7314719518026,1.06283984777218,1.02163449315222
86,2,1.36377143859863,1155513600000,199,1155340800000,7563242,6838,0.0053860479965806,0,0.00022273928482619,0.00158240562888778,0.00125459482804102,26.5490393361738,26.7774978637696,3.26665905417316,2.96652005088375,2006,26.8027689615885,3.26665905417316,2.95313311961077
86,2,76.1469879150391,1393027200000,200,1393027200000,16884859,1779.5,0.0603915862739086,0,0.0385427068916897,0.0866110862794827,0.0014708290073675,-3.64484939985374,4.51511726379397,3.45549665913832,3.45549665913832,2014,3.28167813618984,3.45549665913832,3.22871772900028
86,2,79.1835632324219,1539302400000,201,1538784000000,22275569,3312.5,0.0138666676357388,0,0.00818463984925444,0.140615497961953,0.00160971182219261,17.6130089441936,16.9562669299898,3.44641817094603,1.94655444312122,2018,17.3977151870728,3.44641817094603,3.28815750892849
86,2,11.5768327713013,1569888000000,202,1569801600000,23341679,4162,0.0218018349260092,0,0.0194893256499959,0.102181522056366,0.00180526132146397,20.0832508128176,17.44694480896,2.62288786243868,2.60844547430791,2019,17.44694480896,2.62288786243868,2.60844547430791
86,2,50.659740447998,1027641600000,203,1027382400000,2102320,3299,0.251903921365738,0,0.0163091078264657,0.0666241932705454,0.00193933864873963,25.3156264411078,23.4126247723898,5.91063729215222,3.8963829880345,2002,22.6945301055908,5.91063729215222,4.57902241105434
86,2,8.39193916320801,994204800000,204,994204800000,1121529,5862,0.0175460912287235,0,0.0597116806874674,0.28283236294487,0.00195022137745082,20.3549755096436,25.1194683074951,5.34656545767586,5.34656545767586,2001,25.4324921925863,5.34656545767586,4.88946381624794
86,2,2.75732827186584,1240185600000,205,1239926400000,11041124,4235,0.00507181463763118,0,0.0489044995886729,0.213767650636917,0.00201303928715835,7.77416303901271,9.89902712504073,3.55394783576191,2.0231875147936,2009,10.6579818089804,1.96769847663392,1.83664171960626
86,2,258.864318847656,1343692800000,206,1343606400000,14930044,2452.5,0.62043297290802,0,0.00484846158245844,0.0170009832129452,0.00212959704642224,26.2929882685344,27.8156006495158,2.99440954195519,2.9744791215817,2012,27.8156006495158,2.99440954195519,2.9744791215817
86,2,490.717895507812,1572480000000,207,1572307200000,23458654,1643,0.363477647304535,0,0.0179789099123013,0.0180533875224462,0.0022501308617584,23.1764629152087,16.3101609971788,2.88228895580408,2.36346081455934,2019,16.0886674880982,2.88228895580408,2.41966731697153
86,2,143.174743652344,1508198400000,208,1508112000000,21182169,4378,0.498963445425034,0,0.00557521218966883,0.0262872105796035,0.00226053157938011,18.6570934295655,16.89820728302,3.37056145149903,2.39372505197521,2017,16.89820728302,3.37056145149903,2.39372505197521
86,2,88.1112976074219,1032307200000,209,1032048000000,2406570,6012,0.0100563494488597,0,0.0231289733736766,0.188793521116999,0.00231327435253625,21.2665075158561,14.3269110679627,3.52410252266633,2.40193521061424,2002,13.5488636652629,3.52410252266633,3.17565508375783
86,2,2.90214610099792,1629244800000,210,1629071998976,25465197,4541,0,0,0.0279113557304278,0.0467160163205627,0.00232679697628868,29.540144549134,29.114326731364,3.29594766752255,2.49854005921301,2021,29.2315069198609,2.60660325015979,2.09983625505824
86,2,44.0388984680176,1142380800000,211,1142035200000,7072818,2888.5,0.0629541128873825,0,0.0552932671499384,0.117436864256579,0.00232704195426625,-0.586006659553107,5.19385859171553,5.34215454793229,4.25372724330211,2006,5.85123755137124,4.72826192164467,3.49555590482285
86,2,31.565824508667,1150588800000,212,1150588800000,7273027,6483.5,0.193766444921494,0,0.0547063632553204,0.165088649827887,0.00234597553297744,19.5945516278668,24.301203028361,1.59787776098184,1.59787776098184,2006,24.4739929199219,1.59787776098184,1.39852280853574
86,2,85.7446212768555,995068800000,213,994896000000,1116809,5007,0.00809206999838352,0,0.0567607727351174,0.206792310634579,0.00236849090793467,20.8616469701132,25.6619439019098,1.09752976630084,0.870364540700956,2001,25.2345977783203,1.09752976630084,0.787421219621887
86,2,22.7414627075195,1191024001024,214,1190419200000,9057048,3592,0.0559687800705433,0,0.0413980970011458,0.0779554970439023,0.00245529828600843,22.8645037661317,19.3081091845478,6.69963299348893,4.03111224901352,2007,21.0863716761271,3.03245250584683,2.62938079860358
86,2,748.317260742188,1161993600000,215,1161561600000,7824346,6214.5,1.67550265789032,0,0.0228090676079482,0.0579057172282411,0.00247425002770663,19.2509271621705,21.6028227700128,3.73608391201297,2.37250606444524,2006,21.5759848912557,3.01085914257899,1.9317285296321
86,2,203.640991210938,999820800000,216,999648002048,1358796,2952,0.646456241607666,0,0.0105373387239176,0.057729937453999,0.0026425353314542,25.0379706434025,20.6881973902385,4.00711403537426,3.03798834364539,2001,20.6881973902385,4.00711403537426,3.03798834364539
86,2,55.2127456665039,1633046400000,217,1633046400000,25671687,3540,0.330870717763901,0,0.0257910037097417,0.126250421140874,0.00265521127431878,16.376637034946,10.529386138916,2.94418573173163,2.94418573173163,2021,10.8665090560913,2.94418573173163,2.81365440213506
86,2,212.493377685547,1315180800000,218,1315180800000,13969084,1961,0.213634639978409,0,0.0135586771018694,0.0241909884460689,0.00288243656045784,26.8599154441588,24.6855840047201,2.2807232427032,2.2807232427032,2011,24.4100369771322,2.87345209462111,2.57708766866215
86,2,164.955123901367,1031875198976,219,1031529600000,2403271,6251,0.628910481929779,0,0.129347018577281,0.403294687460686,0.00300143812117404,20.8516101714104,18.9431056976318,1.22367142514756,0.867564693156557,2002,20.0612776438396,0.791567459072547,0.540570744035832
86,2,9.68112945556641,1488758400000,220,1488585600000,20519470,2876,0.0235582496970892,0,0.0467830716651356,0.128031052279251,0.00303767451593229,2.55922742571141,7.55237965053988,2.2743081675689,1.91181499552737,2017,6.99257113138839,2.2743081675689,1.86062865938279
86,2,54.7151412963867,1286409600000,221,1286323200000,12931335,3275,0.280047744512558,0,0.0594121034071904,0.15961360469246,0.00304330562194033,18.5951371298896,11.4702205022177,7.02221433735867,6.48163105090424,2010,11.4702205022177,7.02221433735867,6.48163105090424
86,2,234.715469360352,1628726400000,222,1628467200000,25433994,4613,0.342811733484268,0,0.0316409138954725,0.169937616008891,0.00313527549804982,26.0359462081746,27.1672532717387,1.78351033282975,1.43145944533511,2021,27.684467569987,1.50753159957223,1.47067580583693
86,2,549.585388183594,1500336000000,223,1500249600000,20802932,4966,3.3895366191864,0,0.016253054051468,0.0993254838761217,0.00320693429576757,23.3508048587375,21.6888935724894,1.84158745418575,1.18928056591788,2017,21.6888935724894,1.84158745418575,1.18928056591788
86,2,202.122497558594,1181520000000,224,1181347200000,8583316,6321.5,0.355091959238052,0,0.0787658281047889,0.144928658435866,0.00329986733941334,18.523017501831,18.6837944878473,1.78739001778754,1.38739927121761,2007,18.4423709869385,1.78739001778754,1.70915479281436
86,2,453.152862548828,1332028800000,225,1331942400000,14596408,1171.5,0.53113180398941,0,0.029687221372626,0.105861186526884,0.0033205546503754,-3.02175533689297,6.50208530426028,2.5554646474673,2.33965759071083,2012,6.50208530426028,2.5554646474673,2.33965759071083
86,2,97.3803100585938,1596326400000,226,1596153600000,24206997,7320.5,0.136072337627411,0,0.0070130870488434,0.348204814123761,0.0033219926567517,22.5218524194533,23.9405068715413,2.17660388445837,1.89539295366523,2020,25.6299612681071,2.17660388445837,1.78600947587622
86,2,1035.74633789062,1317859200000,227,1317859200000,14112524,1942.5,0.863978803157806,0,0.00790216694133505,0.0131214258595875,0.00359221798707676,17.7352898703681,14.6812536875407,1.08401071600839,1.08401071600839,2011,15.6022888183594,1.62735029521431,1.35568050561135
86,2,82.9918518066406,1026172800000,228,1025654400000,2057403,6096.5,0.00254222424700856,0,0.0367868226531591,0.164311999356617,0.00359734961221025,23.8323494381375,25.0824075244722,3.76215781128747,1.65572524490094,2002,28.3376743952433,3.76215781128747,2.5985345549652
86,2,26.6445331573486,1218499200000,229,1218326400000,10142852,5723.5,0.129368707537651,0,0.010983914257185,0.075867437299749,0.00361609788115946,24.0337561412524,25.1890986124675,3.00100288925928,1.86248682054754,2008,24.8585147221884,3.00100288925928,2.41173774067136
86,2,4.4630331993103,1029456003072,230,1029456003072,2267123,4023.5,0.0122883887961507,0,0.123631368893498,0.219670405311561,0.00382270960097886,25.0050280253093,23.9453483581543,0.705489172119904,0.705489172119904,2002,23.3625389099121,1.83345224624547,1.26947070918269
86,2,164.237274169922,1438387200000,231,1438214400000,18404097,5132.5,0.275454103946686,0,0.00818270598092852,0.138198667962563,0.00385220889783122,26.802719730801,26.7234169006348,2.01781457204706,1.73319120180965,2015,28.5312941233317,2.01781457204706,1.73439692503666
86,2,230.209564208984,991612800000,232,991353600000,968020,3473.5,1.52048182487488,0,0.0588036573714241,0.133463516982317,0.00389701663841024,17.7177753530523,18.1815973281861,4.90928394788659,3.12423207652725,2001,19.6447355906169,2.12402878229151,1.58960457360865
86,2,150.916839599609,1501718400000,233,1501459200000,20840156,5367.5,0.092465415596962,0,0.0676019501334473,0.201917956777553,0.0039411237775836,22.4927456230246,26.2828058560689,1.5230529989143,1.26475420197994,2017,24.8540365854899,1.5230529989143,1.36959645632536
86,2,24.3097972869873,1443312000000,234,1442880000000,18723305,3888,0.115478679537773,0,0.00342213924488632,0.0787690318963712,0.00394402249215187,21.9313167531004,21.9685727649265,7.67044539683453,6.89659160271761,2015,22.6100692113241,6.70092208216301,6.39770948593792
86,2,4.21134424209595,1124668801024,235,1124496000000,6294584,3171.5,0.0129620991647243,0,0.0145168008470478,0.112579676323499,0.00400548119021038,26.0949426138273,22.3983212471009,6.07299594340436,4.48798948228481,2005,22.5645729064942,6.07299594340436,5.23604102945635
107,2,59.9253845214844,1152057600000,236,1152057600000,7414115,4577.5,0.110614240169525,0,0.0426694347137726,0.159859454550492,3.76727865584181e-05,21.7021139356826,22.6912920633952,2.11539845745759,2.11539845745759,2006,23.1832220713298,2.11539845745759,1.64652600925391
107,2,75.6566390991211,1312588800000,237,1312243200000,13858467,3770,0.0895597413182259,0,0.0520426406836592,0.2143402763087,0.000177583207084386,23.8579172195927,21.0340587615967,3.30827388493602,2.59170189847562,2011,22.2202669143677,3.30827388493602,3.23401602980464
107,2,24.9276428222656,1219795200000,238,1219708800000,10204583,5325,0.0287034288048744,0,0.0250805402347325,0.106806462472548,0.000496941710441123,26.7722902482556,23.188903427124,3.40107072596184,3.21406337385314,2008,23.188903427124,3.40107072596184,3.21406337385314
107,2,3.07588505744934,1596585600000,239,1596326400000,24387132,5684,0.0110538471490145,0,0.0461050198837043,0.156778609058556,0.000688173251084723,26.291713681785,23.6092894236247,4.46922682376483,3.40825308697408,2020,22.4207451502482,2.58058997249251,2.48050944861307
107,2,0.575748562812805,1413331200000,240,1413331200000,17656057,4169,0.00998154189437628,0,0.0273437878067639,0.0553783269030568,0.000692013073151698,14.4278751797147,15.0214763641358,1.05230892946077,1.05230892946077,2014,15.6260203679403,5.21451608019004,3.13341250482541
107,2,8.0766134262085,1154044800000,241,1154044800000,7411677,5501,0.0274737626314163,0,0.0235062361948941,0.135777893323269,0.000845367347167558,23.3097860336304,23.8447973887126,4.33724874792838,4.33724874792838,2006,22.2500244140625,4.33724874792838,3.76662354776624
107,2,34.8418579101562,1445990400000,242,1445558400000,18856895,3311.5,0.215088233351707,0,0.0864984681154475,0.11290642980817,0.00100114788898598,13.4576523039076,8.75601857503256,3.17451591482441,2.43460279539927,2015,10.210541343689,3.17451591482441,2.5381959054201
107,2,76.7124176025391,1633305600000,243,1633219200000,25661874,3109,0.274401873350143,0,0.00581648356121178,0.028135084379656,0.00117925846067812,19.6798771116469,14.1358629226685,2.71518740219933,2.55088611489407,2021,14.1358629226685,2.71518740219933,2.55088611489407
107,2,254.377349853516,1468108800000,244,1467676800000,19678268,6568,0.209047511219978,0,0.0844171735272141,0.279476551802887,0.00119476295872456,22.7083468543159,22.1668454700047,3.89592301503697,2.33282957963251,2016,21.8877969741822,2.56551583016088,1.94023052952113
107,2,183.257583618164,1219190400000,245,1218931195904,10141427,5927.5,0.17357861995697,0,0.0560919823400319,0.135105609579469,0.00133838114080198,23.519978582731,24.9629217147828,3.74955658705364,2.45646169870313,2008,26.2636412938436,3.71155603627747,2.54246238572443
107,2,511.3095703125,1129161600000,246,1128729600000,6566813,7126,0.262005239725113,0,0.0577543634531104,0.149868279998557,0.00144210070338768,15.2417968114218,15.0709680345324,4.15643398931636,2.66747220839695,2005,16.3507305145264,1.27707701368654,0.924475195920107
107,2,120.123199462891,1155340800000,247,1154995200000,7521549,5361,0.17245452105999,0,0.0850471246657065,0.261323720667413,0.00184258217717004,22.7805462580856,21.313414255778,3.47025797042847,2.20159778368748,2006,20.7451422373454,3.27135019907599,2.82168864482762
107,2,26.350284576416,1439510400000,248,1438819200000,18580065,3991,0.026397567242384,0,0.0217787755178662,0.139295681209536,0.00209182082569193,24.8671287700694,27.4190505416306,4.25062256500228,3.65829335690983,2015,26.8981506983439,3.6639343356434,3.64237309355554
107,2,447.110504150391,1245542400000,249,1245369597952,11189260,2764,1.1618789434433,0,0.00280008268263288,0.0829355427482028,0.0023237428281242,24.4707827496272,27.168958706326,2.79591010281361,2.312487661135,2009,27.5146496454875,2.37530781034938,2.0707764402957
107,2,39.9643173217773,1218585600000,250,1218412800000,10203411,4801,0.0536977834999561,0,0.0756647796641765,0.16057475703623,0.00243829811826457,23.2040665821362,27.2372748480903,2.31965693129141,1.98219717805855,2008,26.5485365549723,2.02211390542463,1.81346730144212
107,2,8.9210033416748,1441670400000,251,1441324800000,18725478,5882.5,0.0125052370131016,0,0.0182736616902091,0.151323317168803,0.00262125884552988,26.4295525786698,25.6673135121664,2.84788940089116,1.67288126704449,2015,28.818035697937,1.22900373528866,1.00224544920238
107,2,41.9003868103027,1156291200000,252,1156291200000,7561209,3312.5,0,0,0.00197532797263023,0.102832230171927,0.00263726872243175,26.0651391224195,24.1862159729004,3.61243880981966,3.61243880981966,2006,24.2549221674601,3.61243880981966,2.96556391453541
107,2,175.461410522461,1285372800000,253,1285286395904,12790377,4164.5,0.480588763952255,0,0.0251589469770011,0.150529320625193,0.00268370596167233,18.8675642403224,17.1538743336995,4.0562502147628,3.82884322322558,2010,17.1538743336995,4.0562502147628,3.82884322322558
107,2,35.9867134094238,1090886400000,254,1090454400000,4757263,5064,0.235017374157906,0,0.0408819360057429,0.179129885255588,0.00276759237683666,21.8036362542047,23.5941075642904,3.5973598051881,2.05940024276099,2004,23.762426630656,3.5973598051881,3.40563887858091
107,2,1094.65637207031,1318982400000,255,1318723200000,14112363,2057,0.648276329040527,0,0.0650302580559163,0.0678470197181724,0.00290711733578397,14.955190425449,4.59947230021163,3.55862927672016,1.78448803450034,2011,5.45176404317226,1.9261223998388,1.20951366725858
107,2,51.6466674804688,1529884800000,256,1529280000000,21842154,5473.5,0.1215815320611,0,0.0322116007038318,0.108767141857353,0.00299809184371524,21.6647103914652,22.8941018740336,4.42075483114746,2.05426604439852,2018,23.7714267730713,1.89248326311574,1.87463630426319
107,2,1236.13623046875,1207871995904,257,1207699200000,9731081,5735,1.52552783489227,0,0.13049484254153,0.234176390402926,0.00341876421247111,8.78976492522861,14.1850329928928,2.34902381241159,1.25970710932898,2008,13.132496770223,1.02340555774563,0.715048757787684
107,2,71.518928527832,1414022400000,258,1413676800000,17655607,3315,0.282898873090744,0,0.079864956379982,0.100394944787272,0.00347974339022383,12.4158660888672,8.94728965759282,7.11826125650821,5.21591371823932,2014,6.02729473114016,6.70205520386704,5.65759126656832
107,2,129.334213256836,1186272000000,259,1186012800000,8866283,2808,0.404429018497467,0,0.00415521965612342,0.0960473227764176,0.00350827936807119,27.69156551156,24.313373819987,5.86424718563603,3.3414443398522,2007,25.4804791768392,1.20020933660407,1.14327780653959
107,2,8.23347282409668,963187200000,260,962582400000,203778,4808.5,0.0396378636360168,0,0.0604036519730826,0.156523587045829,0.00367763934105247,20.8760697682699,23.3904081344605,5.32452177126538,3.76720460041459,2000,23.0072717030843,5.12751866215489,4.50792391885759
107,2,59.788932800293,1565136000000,261,1564876800000,23183922,5872,0.103444047272205,0,0.0722890031472438,0.252143976451801,0.00368200316118394,24.3743479410807,23.7619644165039,3.94947036866926,2.30559154891334,2019,22.6553649266561,3.94947036866926,2.93232401018771
107,2,5.10355377197266,1309824000000,262,1309564800000,13720501,6285,0.0177295096218586,0,0.0728116870988238,0.256428094207148,0.00368255794641337,21.8891946368748,22.8132096290589,2.32128819878952,1.88246514036582,2011,23.0297695159912,2.32128819878952,2.26906998818448
107,2,333.542602539062,1188518400000,263,1188259200000,8865566,4934.5,1.02639639377594,0,0.008345101619323,0.0247968138908483,0.00371573311529372,26.3405471391575,28.4386438687642,2.92267431034499,1.89300912632726,2007,31.2010011037191,2.06254930937396,1.65648809410009
107,2,1168.40661621094,1347062400000,264,1346976000000,15216850,6638,1.50892972946167,0,0.021618492320723,0.0656087317304781,0.00378732920718217,21.4564671752273,18.0300788243612,1.5334328616749,1.42669420827718,2012,18.0300788243612,1.5334328616749,1.42669420827718
107,2,17.6962699890137,1029542400000,265,1028937600000,2267513,3916.5,0.0878344997763634,0,0.0898182477446454,0.142688829870501,0.00381775735771284,25.6210186332785,21.8537633577983,5.7126996269852,2.87072575276589,2002,22.073552385966,3.58693785324495,2.6782275568611
129,2,11.6449947357178,1254182400000,266,1253664000000,11583794,4796,0.126317784190178,0,0.0198601017956435,0.0760683786854308,9.76840769355558e-05,20.8941871150848,17.7355938684373,3.90917385649716,2.98852019730738,2009,19.9518788019816,3.90917385649716,3.5134925806521
129,2,76.9667053222656,997401600000,267,997056000000,1259147,3935.5,0.00907210726290941,0,0.0173973320215026,0.143097187436961,0.00011829445422995,27.1420077744351,27.6865086873373,2.90471980553726,2.07950644097172,2001,27.3694737116496,2.90471980553726,1.70304696929374
129,2,77.003776550293,1280620800000,268,1280188800000,12515571,6478,0.193079739809036,0,0.0640423698101245,0.159233306505143,0.000320336044689284,25.1194589614868,29.0732447730171,5.54593207883955,3.17472881266866,2010,28.9211224873861,3.09534611904259,2.28578555114827
129,2,30.3413505554199,1225843200000,269,1224892800000,10484732,5836.5,0.224924623966217,0,0.018916210346184,0.105889069373173,0.0003687316155222,13.744565349155,12.9007347318861,4.97537819093572,2.41813080509672,2008,9.60495624542239,3.63365589243341,3.2981725665932
129,2,281.978363037109,1596844802048,270,1596240000000,24357696,6132,1.13188982009888,0,0.00198745940963008,0.0205631189558169,0.000460488333445253,26.7230774335964,26.2295563026711,2.26856141222311,1.26347026712735,2020,29.8640266418457,0.604318276386396,0.550677569512428
129,2,250.216522216797,999561600000,271,998611200000,1266350,4307,0.0238398443907499,0,0.0133426445042275,0.0945127512562109,0.0013620828833536,24.5957005080357,21.128016726176,4.14467778932884,2.26716738372488,2001,23.4826313018799,3.24545935894309,2.90639018053262
129,2,12.8948059082031,967075200000,272,966729596928,301098,5232,0.189724206924438,0,0.00447925414837869,0.0281650526420556,0.00143049558637753,28.5115726511966,28.9088581085206,2.08274884346572,1.62436777553553,2000,28.8388639450073,1.6694000106505,1.48667079006105
129,2,237.514907836914,1154563200000,273,1154390400000,7521374,5649,0.319318354129791,0,0.0700586759773252,0.19373165086181,0.00161201724233995,22.5421793619792,26.0713009728326,2.22402206860252,1.69381279245903,2006,25.4861341476441,1.63907097981144,1.42870815438728
129,2,44.9587516784668,997488001024,274,997228800000,1262536,3175.5,0.178251653909683,0,0.00391469485707319,0.0938168529668069,0.00161401484009527,26.438782751432,27.1800921122233,4.02639785874852,2.61352485468935,2001,27.003237660726,1.78740273241018,1.71928980265123
129,2,4.71755886077881,1382054400000,276,1381622400000,16496623,4759,0.0143068507313728,0,0.0764893778560953,0.123645174695572,0.00181768305429109,13.4070112864177,14.1400404400296,2.7324311579498,1.63130520243247,2013,12.8837495803833,1.57848114381238,1.10794758549327
129,2,10.5402402877808,1089072000000,277,1088726400000,4755413,7074.5,0.00635766750201583,0,0.110885201484088,0.250411426580623,0.0022368729463611,19.0866654925876,21.0479574839274,4.75973906212515,2.45509352593563,2004,20.4174448013306,4.75973906212515,2.99221997010262
129,2,19.4537181854248,1124841600000,278,1124668801024,6293749,4172,0.0717105716466904,0,0.028347313440559,0.119391997679777,0.00246316300916816,25.5815072705669,23.7456152598063,3.6655401816579,3.64222471912547,2005,23.7456152598063,3.6655401816579,3.64222471912547
129,2,45.327808380127,993427200000,279,993340800000,987245,5823.5,0.15986630320549,0,0.0901480324691875,0.208190919318341,0.00270250341556377,18.0544358202207,18.9801485697428,4.19567724088654,3.93087999695186,2001,18.9801485697428,4.19567724088654,3.93087999695186
129,2,38.2494316101074,994636800000,280,994291200000,1119247,4648.5,0.126662388443947,0,0.0751176763985768,0.185577217498796,0.00302570928733747,19.7066422568428,25.3381944020589,2.61036623648907,1.98798610590091,2001,24.2691576639812,2.49453517127367,2.4322902069154
129,2,1.16665852069855,1204070400000,281,1203897600000,9594270,1974.5,0.00615131435915828,0,0.0349870514468194,0.116744556005091,0.00305012534302218,0.325148498371163,4.98995276557076,5.35282096087564,4.93369777001091,2008,4.72578805287679,5.35282096087564,4.99337505058818
129,2,56.331413269043,998697598976,282,998524800000,1259782,3290.5,0.0430567115545273,0,0.0209286231088228,0.133675264869957,0.00306634841656517,26.7628543894779,24.0642109341092,3.90118017286637,2.85140533074915,2001,24.953975613912,3.90118017286637,3.32974158383983
129,2,350.723571777344,1121472000000,283,1121212800000,6083292,6510,0.458133906126022,0,0.0288602296552831,0.192971316342181,0.00310467374344714,21.0701572418213,21.3934837341309,1.42011307992461,1.02835591187856,2005,22.6189441045126,1.30987171808589,0.777190857160901
129,2,83.820915222168,1091491201024,284,1091404800000,4871238,5387,0.124049223959446,0,0.0461153489590025,0.218135988590319,0.00313774674178369,23.6494365897231,23.7887991163465,3.45246721578198,3.35827352481246,2004,23.8546898523966,3.45246721578198,3.37383278152852
129,2,2.64317607879639,1535414400000,285,1535414400000,22058660,5130.5,0.0075053172186017,0,0.00455880220870952,0.0656091430290004,0.00347133302206415,26.6427498355988,27.4180923461914,5.3152689928749,5.3152689928749,2018,27.6101989110311,5.3152689928749,4.53944139365972
129,2,647.770874023438,1346976000000,286,1346630400000,15217062,3804.5,0.638671815395355,0,0.0265988097987844,0.0421355967313133,0.00381540190397733,24.8905449815976,19.7323253631592,2.89089669902473,2.02857784874137,2012,19.2811288197836,2.27404830791566,1.49579965459507
129,2,74.3744049072266,1088121602048,287,1087516800000,4638418,7116.5,0.216128930449486,0,0.0993605480716155,0.186899754963896,0.00388570021593804,17.2574034126857,20.8311289751972,3.71661258838644,2.3077107940038,2004,17.78492603302,3.48133139448564,2.52382265120979
150,2,71.9544448852539,1318636800000,288,1318636800000,14100894,3227,0.0421914607286453,0,0.0335492529523016,0.145998757019598,0.000335929546519176,18.4201430002848,8.82539901733401,0.646046004701429,0.646046004701429,2011,7.62226670583095,3.97948746519372,2.31276673494757
150,2,4.04268741607666,1189987200000,289,1189382400000,9057633,4371,0.0613416358828545,0,0.0275056558415763,0.0511064727467989,0.000347565027500107,24.6529975480931,17.5736424287161,4.84484495606926,3.05589431235249,2007,18.8795743942261,3.15664150501662,3.04518208138414
150,2,0.270207673311234,1297209600000,290,1296777600000,13331300,2827,0.00621179630979896,0,0.028604352558034,0.104509330355821,0.000667365077527404,0.827619560815947,3.45658921135799,4.67751997990685,3.73787767272698,2011,-0.283152961730934,4.59480132137582,3.71804273407515
150,2,1473.71044921875,1031875198976,291,1031875198976,2425101,4589.5,0.193289443850517,0,0.0129929450172348,0.0446862180937515,0.000937724016028429,17.2070003919705,14.3253907521566,1.30943818692146,1.30943818692146,2002,14.7769507726034,1.37590770376434,1.3426729453429
150,2,74.3763122558594,1142985600000,292,1142380800000,7073181,2600.5,0.352767705917358,0,0.0701644039661851,0.118238205465651,0.00100259466446673,3.07471707207816,5.41779392560323,3.75056116276761,1.97212399061764,2006,2.19449259440103,3.75056116276761,2.99536364372206
150,2,697.048156738281,1008979200000,293,1008460800000,1575084,5970,0.572120904922485,0,0.0108199000744058,0.265975865878531,0.0016223628728006,4.06346912384032,-0.250556328183109,2.05312752395921,1.6557148978508,2001,-1.24430758158366,2.05312752395921,1.97756166662066
150,2,497.430603027344,1001116800000,294,1001030400000,1357204,3589.5,0.189521282911301,0,0.0138655908340475,0.0596040840303083,0.00164433866526104,21.2378748698902,15.9175957997641,2.91994899473753,2.08716510865026,2001,15.9175957997641,2.91994899473753,2.08716510865026
150,2,78.1138305664062,1348185600000,295,1347753600000,15216051,4507.5,0.00801853183656931,0,0.0173469965479427,0.102436486955028,0.00192635840965394,23.9917707012546,18.3415327495999,3.63334987483136,2.45553306181882,2012,19.6468371709188,1.35276888607682,1.10890801023024
150,2,870.377258300781,1391644800000,296,1391472000000,16850827,3905,2.08651471138,0,0.182686461384606,0.449963243833828,0.00197696220444621,5.97601126393965,6.29618352254232,4.97768471071188,3.82529826319647,2014,4.72728850046792,3.69348396518328,3.24910503943877
150,2,3.42001676559448,1087257600000,297,1087084800000,4638813,6427,0.00931476801633835,0,0.124483311089062,0.23534687804738,0.00200259532580171,16.1333965260496,19.4575335608588,2.82692973484492,2.21036969824814,2004,19.302875773112,2.82692973484492,1.92427095877073
150,2,26.440486907959,1184025600000,298,1183680000000,8741802,3210,0.0590213686227798,0,0.00631577573746256,0.0529801794602136,0.00212324708971123,24.3405218336318,24.0539368947348,4.62623384064006,3.52389708722836,2007,23.6249080657959,4.62623384064006,3.87708461714721
150,2,528.570861816406,1092182400000,299,1092182400000,4871467,5371,0.165623068809509,0,0.054027713251795,0.232979756471849,0.00227048473683611,21.7617432666082,25.0131889343262,1.01648446419672,1.01648446419672,2004,24.7760559082031,1.17374276772324,1.09511361595998
150,2,1370.65319824219,1108252800000,300,1107820800000,5623909,5674,1.67415952682495,0,0.0257447461734408,0.108646680460122,0.00239241288096326,1.72287053754258,2.73522105746804,3.11388056074215,1.39508676969513,2005,1.11519298553469,1.31947182419022,1.29224067577786
150,2,514.471557617188,1408060800000,301,1407887998976,17364874,3543,0.572347819805145,0,0.00194667627452816,0.0317444932141022,0.00245634733338129,26.4023546075307,24.5613588121202,3.26694827420051,1.68377806020947,2014,24.0354775746663,3.26694827420051,2.07155535671304
150,2,488.867431640625,1321574400000,302,1321574400000,14223013,2508.5,0.289615154266357,0,0.0328352560939571,0.0699983530881561,0.00269394402701451,5.55402227422246,2.68182080586752,1.68384127978317,1.68384127978317,2011,2.98771883646646,1.68384127978317,1.49618807001934
150,2,872.757446289062,1499472000000,303,1499299200000,20801475,5361,1.15295839309692,0,0.0078869532423127,0.0812731905044402,0.00288498386391511,22.9946986516317,27.2364936828614,1.55976138018901,0.979270496809219,2017,28.1931549072266,1.55976138018901,1.33024483519196
150,2,133.284027099609,1065139200000,304,1065139200000,3854306,3915.5,0.122440487146378,0,0.063702633454767,0.158201076045064,0.00297813553342274,18.4241084204781,18.099760945638,1.1942516022532,1.1942516022532,2003,18.0410626093546,1.1942516022532,0.972898608682454
150,2,3.73046231269836,1189987200000,305,1189555200000,9058205,4495.5,0.172154098749161,0,0.019519987427298,0.093723689453018,0.00332474802287053,26.4325672970024,17.7674414740669,4.93403212615235,2.82128591470207,2007,20.4504625956218,2.31595518064803,1.39245092051012
150,2,37.4774894714355,1093392000000,306,1093046400000,4870690,6496.5,0.268095344305038,0,0.0804689138587733,0.247913978905192,0.0033408444738624,22.3212543487548,22.232695388794,3.88837172041566,2.57332962043447,2004,25.5966904322307,2.65942165041593,1.8934555367341
150,2,65.9131164550781,1629071998976,307,1628294400000,25464031,5493,0.0801778361201286,0,0.0194416768233516,0.24137398426565,0.00345612793677696,25.2601964273761,23.9759908676148,4.8600967212216,3.82282696016252,2021,22.067160542806,4.38441750324899,4.28439237913131
150,2,67.34326171875,1120348798976,308,1119571200000,5996905,6156,0.111472077667713,0,0.0702012833358552,0.18295641649355,0.00353359899974115,20.3651609400268,21.9403699239095,4.79691944813563,2.42167837763078,2005,19.1941225687663,1.96211549891788,1.48247892655958
150,2,31.6441745758057,1444953600000,309,1444780800000,18857001,3643.5,0.0250683575868607,0,0.0110690934601685,0.0590916009309197,0.00357342319149767,17.0288299772475,8.38281190660268,3.24871046700785,3.19527364748836,2015,8.49416090647384,3.24871046700785,3.21699297202168
150,2,167.072509765625,1315699200000,310,1315440000000,13969665,6364.5,0.15149699151516,0,0.0147111582292752,0.143930839066506,0.00373439976079848,22.802839041269,20.1648374557495,2.25501768189063,2.12216279331645,2011,17.945440864563,2.25501768189063,2.14515008093683
150,2,50.6672286987305,1439337600000,311,1439164800000,18546169,5135,0.1209866553545,0,0.021874012170592,0.116155137510408,0.00378912522292285,27.0116008307344,27.5802036285401,2.12183984558917,1.87508008274967,2015,27.3152614593506,1.95358579821153,1.75170020132992
150,2,75.7431259155273,1538956800000,312,1538611200000,22289009,3876.5,0.115420304238796,0,0.0457582233975664,0.0878064314919058,0.00404248098265358,17.2944208568997,12.4414049784342,3.88513242023647,2.02470837020455,2018,11.5623619715373,3.88513242023647,2.24453075591852
172,2,49.5473556518555,1219104000000,313,1218758400000,10205988,3800,0.0573275201022625,0,0.0500789677382691,0.134170689864689,0.000151742638915375,23.5851740560224,27.2848541259766,4.14472927673337,2.46080927291342,2008,28.8004540761312,2.60792581384058,2.17901617240068
172,2,139.566909790039,1412035200000,314,1411862400000,17499952,2455,0.858697950839996,0,0.0287284043651326,0.0297070051516819,0.000156310029967854,26.2577999156009,22.7772592332629,1.20001673004511,0.965343944141502,2014,21.9803027470907,0.886968491757705,0.848007551189697
172,2,141.439239501953,1184889600000,315,1184803200000,8698057,4555,0.109889388084412,0,0.00387628497952619,0.124001403089846,0.00055108193683806,25.7548361460368,28.4721268971762,2.05784722365116,1.72951654249405,2007,28.4721268971762,2.05784722365116,1.72951654249405
172,2,90.4497833251953,1437350400000,316,1437091200000,18403985,5190,0.149736806750298,0,0.0402528319430289,0.0936379542569412,0.000721563074082443,22.2195485221015,26.5857900937398,3.01485312387231,2.22849148285724,2015,26.6054804484049,1.64970228899839,1.54676982207279
172,2,82.895751953125,1343779200000,317,1343174400000,14929635,4417,0.06786248087883,0,0.0218766490210918,0.159566221139251,0.000750401732418027,27.0605879889594,28.8862515449524,4.92767450365469,2.32598241302669,2012,29.4694340387981,4.92767450365469,3.96181611304384
172,2,338.087707519531,1404604800000,318,1404432000000,17235977,5076,0.543435215950012,0,0.00871806380675011,0.0713641423877611,0.0012135775755624,23.3738965564305,25.0057403140598,3.04142675802977,1.61584106495929,2014,25.1565811793009,3.04142675802977,1.6585457142883
172,2,5.24125337600708,1501632004096,319,1501459200000,20840859,1872,0.017397940158844,0,0.0384395432120606,0.0759969607076449,0.00124246364706893,24.6468797376079,26.8203628222148,3.129954015207,2.77816307262037,2017,25.2809571584066,3.129954015207,2.76375058420867
172,2,1066.71984863281,1348531200000,320,1348099200000,15215085,4744.5,2.36575031280518,0,0.032600543580628,0.0405288182419028,0.00137822711648417,21.6897004117247,23.2696102354262,2.06147342545263,1.33376775146181,2012,23.3519219716391,2.06147342545263,1.65746172782065
172,2,59.9538383483887,1154822400000,321,1154217600000,7410744,4987.5,0.14036338031292,0,0.0247383953326654,0.130340121089706,0.00154532828552623,23.4069004270766,24.031761821111,3.26394480731414,2.42113680387215,2006,22.7820739110311,3.26394480731414,2.45380219279832
172,2,296.053802490234,970012800000,322,969235200000,413458,3167.5,0.081685334444046,0,0.00677744774267097,0.0186314054671683,0.00164622540271397,24.9981182549589,22.18239625295,2.52442348209287,1.74438532615391,2000,25.5813540776571,2.19320783479182,1.94155771638312
172,2,713.98193359375,1030838400000,323,1030579200000,2308504,1487,0.260058730840683,0,0.000483821710155041,0.00144975102097078,0.00173918066337242,29.3662217335034,26.2662230491638,3.31438080296745,2.76444207959628,2002,26.6976374944052,2.91315011673865,2.32911035235641
172,2,109.109954833984,1001462400000,324,1001030400000,1357273,3485.5,0.251791685819626,0,0.00118196084442346,0.00609651757828189,0.0022554276116431,23.0581768692181,18.1887302822537,2.8293115994087,2.34741655288614,2001,17.8934665679932,2.82716308314439,2.64045741368293
172,2,10.0084400177002,1506211200000,325,1505865600000,21094687,2957,0.0228402689099312,0,0.0145817632189136,0.0641349629749115,0.00229737565007271,24.0138899977489,25.8532642364503,6.40197490038183,4.16119893150315,2017,28.3934926350912,4.22577743736937,4.1059527680545
172,2,219.488693237305,1125446400000,326,1124928000000,6253615,6383,0.334797263145447,0,0.139198841354812,0.562279494628065,0.00276079983281607,22.0746584943546,21.5050854274205,3.20613030729204,1.86988268043461,2005,20.5846804936727,3.20613030729204,2.51381082070295
172,2,598.841613769531,1087776000000,327,1087603200000,4673591,1953,0.0640120953321457,0,3.62174838528517e-05,0.00225671976196651,0.00290397993799862,27.8714309077109,31.6952915615506,4.94929482511841,4.15099708242866,2004,32.1582211812338,4.36251483777105,3.75184821108378
172,2,268.294982910156,1503100796928,328,1502755200000,20923886,2980,0.0855744257569313,0,0.00294035621195832,0.0161082090052709,0.00305789121355449,28.1533898876559,27.9827397664388,2.65566438919832,1.52709821018371,2017,27.1262056986491,2.65566438919832,1.93291358399852
172,2,140.076538085938,1593216000000,329,1592784000000,24112429,6399,0.394469827413559,0,0.0618348137911227,0.187855820344947,0.00316443903741626,18.8874614346413,22.4332889344957,3.42368290806779,2.30800479681072,2020,20.4746557235718,3.06265152565124,1.79327483967218
172,2,72.3917236328125,1154649600000,330,1154044800000,7409869,4543,0.0358618758618832,0,0.0182195873253796,0.132687362689342,0.00347348423530736,23.3138821707832,23.8009211381276,3.92778689040187,2.35204137676024,2006,21.49697265625,3.92778689040187,3.33131554840232
172,2,143.255325317383,1223337600000,331,1222905600000,10484893,3225,0.319537580013275,0,0.0549365316503518,0.0940671659195296,0.00362116204816809,17.0164788140191,15.3404315736559,5.61295182792225,3.81815545586261,2008,17.253125445048,3.74007968848107,3.20673720366415
172,2,118.804252624512,1567987204096,332,1567555200000,23342105,3973.5,0.158345311880112,0,0.0162295262235581,0.078752600839529,0.00388825992174102,28.1363384780065,27.2045572190057,1.84837330591321,1.47331462042363,2019,26.8257712682088,1.80860923245162,1.79537703517781
172,2,1264.46447753906,1051401600000,333,1051142400000,3136482,3996.5,0.59417200088501,0,0.067303490526637,0.1728566444447,0.00393373545617526,2.8532457126085,7.18985392252608,2.29564475542012,2.08349452790966,2003,6.11590474446615,2.29564475542012,2.12364149703515
172,2,32.0672950744629,1119398395904,334,1118620800000,5994465,4973.5,0.00827501248568296,0,0.0295278769037566,0.0819465070967951,0.00395670668179537,20.9302536010742,19.6548492431641,6.1050772891903,3.50471733329024,2005,20.058935101827,3.20365703154283,2.81065183457772
172,2,22.4605808258057,1128124800000,335,1127952000000,6469645,5384,0.268541097640991,0,0.0168695459442034,0.0904507049554155,0.0040385609096576,21.2407244897658,20.5621800316705,3.30178508331524,2.93833513919758,2005,20.5195063908895,3.30178508331524,3.12645476096928
172,2,781.166625976562,1278720000000,336,1278720000000,12560510,1992.5,0.130250945687294,0,2.48814008045883e-05,0.00107641193625341,0.00411492777585443,29.4542029274835,33.941464360555,3.96314415956163,3.96314415956163,2010,34.7611960728963,3.96314415956163,3.32332241238595
193,2,626.78564453125,1214870400000,337,1214870400000,10086032,1985.5,0.0770437195897102,0,2.53214903764842e-05,0.00268423564310538,3.55162062843917e-05,29.6840993669298,30.8130889892578,4.4467766298801,4.4467766298801,2008,30.6465361277262,4.4467766298801,4.18979266008874
193,2,22.2488498687744,997315200000,338,996969600000,1260701,3598.5,0,0,0.00511689169104912,0.0956469877136605,0.000110917920984499,26.9595928684357,26.630348332723,3.33724223338438,2.05386788542575,2001,25.4774216969809,1.61136456019485,1.25435687747493
193,2,34.6955642700195,1218672000000,339,1218067200000,10204074,4643,0.0445755124092102,0,0.0997641900603554,0.181355651196455,0.000209246069051261,23.34062443805,24.4366037209829,2.90766456240652,2.18569067035935,2008,21.0205176035563,2.90766456240652,2.44225077932032
193,2,853.855163574219,1115164800000,340,1114992000000,5931600,862.5,0.0376907922327518,0,0.00834277472593925,0.0176451384746024,0.000263751173635862,18.5486376868354,14.400938712226,5.78214610485352,4.88971056237796,2005,14.4359457651774,4.97062909189689,4.44349279114017
193,2,12.8948059082031,1347148800000,341,1346976000000,15234913,4966,0.189724206924438,0,0.000888816431707795,0.0203939297037294,0.000411546348777048,29.5905843837288,28.1227455563015,2.02973962442605,1.7136703344707,2012,28.3025804519654,2.02973962442605,1.85125209570656
193,2,88.0081939697266,1470528000000,342,1470268800000,19817003,5155,0.238711133599281,0,0.04156674082056,0.157346408211851,0.000440193967817692,25.3220218822521,27.0705499013265,3.27867560224087,2.43453221249743,2016,26.3971076965332,3.27867560224087,2.70526429575336
193,2,86.6929092407227,1437868800000,343,1437523200000,18443432,4835.5,0.13970211148262,0,0.0418711308313,0.0861381719813004,0.000740409565336497,22.7062021043566,27.4203792572022,1.88580311375366,1.46442954297221,2015,26.1863491694133,1.88580311375366,1.58114633126041
193,2,4.88977766036987,1537228800000,344,1536624000000,22181976,4207,0.010182861238718,0,0.0280301929570506,0.0905478062675158,0.000813317827675131,25.8921186877835,20.4305098215739,3.84960277893543,2.65612440328048,2018,21.1170259475708,1.72603107379797,1.37573809124125
193,2,1200.71130371094,1600387200000,345,1600041600000,24524031,2259.5,0.601091027259827,0,0.00207430345291826,0.00980889993445189,0.00101940220505359,22.7889665254983,22.1904373168945,1.87211492314753,1.55295113605019,2020,21.1815010070801,1.87211492314753,1.85808535484359
193,2,60.258960723877,1154044800000,346,1153526398976,7410237,5394.5,0.146738812327385,0,0.0241665581262893,0.130023670723659,0.00129845159710407,23.5860516018338,25.0368311564128,3.42337601638865,2.32322770255137,2006,23.6904572804769,2.14593315558911,2.04482552035637
193,2,90.1309356689453,1122854400000,347,1122336000000,6127947,5149,0.057313185185194,0,0.057646606051037,0.150061852927067,0.00137654603508131,22.2870708041721,26.8446409861247,2.55188518322098,1.22113978374875,2005,23.8565940221151,2.55188518322098,2.09837810293429
193,2,32.1584053039551,1279670400000,348,1279065600000,12516325,5401.5,0.0471954606473446,0,0.0502332927379356,0.154159021817257,0.00186272487669237,25.2859849082099,28.9352699279785,4.95762374959583,3.48349573560312,2010,27.4144957224528,4.25333231444671,3.10309573764368
193,2,8.9210033416748,1442361600000,349,1442102400000,18725446,5882.5,0.0125052370131016,0,0.0186931964085417,0.136751058820458,0.00188474737604449,24.7522059491886,20.0943151473999,5.40808209958847,2.96998811010129,2015,20.1423701604208,5.40808209958847,3.38741747546569
193,2,864.591857910156,1405987200000,350,1405382400000,17236067,1505.5,0.355602860450745,0,0.0112479816445692,0.0762108469641269,0.00208126674971976,24.4686438242595,25.3440074284872,2.31409730143244,1.31643794362765,2014,24.0535808563233,1.85339132581968,1.79212094088082
193,2,862.752685546875,1193011200000,351,1192579200000,9174740,5985,1.41198492050171,0,0.127537878841068,0.318310113089762,0.00249274950040912,10.695699013604,1.98118161095516,2.82891713721505,1.87731822856631,2007,8.47047894795742,0.575995413150052,0.307902175235425
193,2,98.608024597168,1023235200000,352,1022976000000,1990753,6351,0.181985914707184,0,0.0147349912422747,0.0766696102149496,0.00290956056537062,16.9437229279549,18.2236608823141,4.71760810907306,3.03675563690126,2002,18.6568879445394,2.68838414008303,2.13770794517863
193,2,7.37046766281128,1443916800000,353,1443139200000,18725235,4511,0.0119177279993892,0,0.00198445606057618,0.0837627167053654,0.00296249689876604,23.7820171110092,22.275035794576,3.66074516726769,2.3029912070675,2015,24.6545676549276,3.66074516726769,3.2619161729851
193,2,1047.2958984375,1001030400000,354,1000771200000,1380104,1984,0.460318505764008,0,0.022254345559606,0.0314336146269945,0.00365921953228909,19.7203454950805,19.6150658289591,1.52863453285372,1.34540248497444,2001,21.1755154291789,1.49552735427826,1.41505883472342
193,2,45.4412231445312,1501891200000,355,1501459200000,20841171,4187,0.136709988117218,0,0.049157322610025,0.147475446768741,0.00368484173110895,23.3094248904977,28.4699730767144,2.06562287415976,1.20655508684387,2017,25.4978761037191,1.17591700458375,0.922080723041787
193,2,866.659912109375,1493078400000,356,1492646400000,20581125,6173.5,1.26827311515808,0,0.0711070076737848,0.515117634795704,0.00385607613267591,10.6228310861896,14.329998588562,3.4787540105174,1.42240920251388,2017,14.7761646270752,3.4787540105174,2.66758458596042
215,2,45.3557624816895,961718400000,357,960940802048,121404,5339.5,0.0256667137145996,0,0.013797868242893,0.113322997082907,0.000163620712122836,21.2866433338453,21.0761227501764,3.60528588486659,2.08758311687123,2000,25.8823336919149,1.87522461282853,1.82242160584382
215,2,864.591857910156,1632787200000,358,1632614400000,25566467,1380,0.355602860450745,0,0.0141648117498008,0.0324852301099234,0.000182077156368421,25.2445648029287,23.5179022047255,1.61698918347607,1.2493852132917,2021,24.5909137090047,1.61698918347607,1.24383336659464
215,2,611.575988769531,1115078400000,359,1114905600000,5880975,4284,1.0300350189209,0,0.00958007178403975,0.0534852087221616,0.000316574785042656,15.2078961266412,22.8025282118056,0.504403055737984,0.442528951682982,2005,23.2024335225424,0.426582558958638,0.411591899655481
215,2,5.7547607421875,1024963200000,360,1024444800000,1990360,6045,0.00779168307781219,0,0.119958835234211,0.198717746989434,0.000451656647507015,18.5857620731476,22.897233581543,5.16757539511027,2.32155138814645,2002,19.8340621948242,5.16757539511027,4.14256377802846
215,2,594.366882324219,1034640000000,361,1033862400000,2586580,1725.5,0.439888894557953,0,0.00172413948657635,0.00376161247914197,0.0010473047379066,22.9128258811103,20.443660736084,1.34859725414504,0.736551078550432,2002,19.7030435562134,1.34859725414504,1.07682310177109
215,2,943.048950195312,1317600000000,362,1316995203072,13993716,2116,0.521613419055939,0,0.0046668244392265,0.00978953601381249,0.00112933883479005,20.9561085526661,14.4722561427525,3.46025925132302,2.44258143063665,2011,15.4651065826416,3.26160763768538,2.96021651423183
215,2,8.82071399688721,979776000000,363,979084800000,752528,3985,0.0492165461182594,0,0.0157920545711718,0.0546365749784741,0.00123817614709643,3.77605514936556,0.318300642790632,6.52418075601873,3.60444704888323,2001,5.6963417689006,6.52418075601873,5.14451308945633
215,2,872.908935546875,1076284800000,364,1075939200000,4261301,3453,0.485257506370544,0,0.020740253649592,0.150235871750017,0.00127928771650665,5.0487954826765,8.07910855611163,2.14569458818981,1.10436006304115,2004,10.2218194961548,0.825640011391596,0.539277485668071
215,2,234.560592651367,1498867200000,365,1498694400000,20708775,2432.5,0.66007387638092,0,0.000673883046509616,0.0428046521797114,0.00211403883348926,25.0350195033577,31.009618165758,2.17527441364405,1.65719084479273,2017,31.7741749445598,2.17527441364405,2.0443495298296
215,2,60.7521743774414,993340800000,366,993340800000,989954,4303,0.117208890616894,0,0.0707864470905406,0.184654863038205,0.0021359319880544,18.6875659655499,20.0846127827962,4.51578326332498,4.51578326332498,2001,20.551966603597,4.51578326332498,3.55497957144206
215,2,3.64866542816162,1119398395904,367,1118880000000,5997308,5084,0.0662704408168793,0,0.0274797214504332,0.102836753400016,0.00229295224357018,21.2653925987982,20.3799421946208,8.24485070650702,4.88478997387861,2005,21.7813297271729,3.20509267205342,2.68282454217276
215,2,8.9210033416748,1566950400000,368,1566345600000,23216129,6587.5,0.0125052370131016,0,0.0457830058967694,0.128436297949488,0.00249445414670491,24.7265559042655,28.0741350809733,4.5973707601353,3.82483697072831,2019,28.763490931193,4.23957946656591,4.04486656718815
215,2,977.851867675781,1510704000000,369,1510185600000,21308565,2232.5,0.142987430095673,0,0.0232275043397507,0.0262203087167308,0.00324040701157435,11.4668186638946,9.01278857276554,2.56171094947741,1.49792468359621,2017,6.93778063456216,1.48160890953568,1.07446372387554
215,2,8.29177665710449,1280534400000,370,1280016000000,12516823,5311,0.0764502510428429,0,0.0654670015513261,0.166933376666464,0.00372308022751722,24.0547807481555,25.4619307563419,4.12408208711212,2.87195962315986,2010,25.4245086669922,2.01732762669249,1.2779788616771
236,2,1200.71130371094,1158105600000,371,1158019200000,7715037,2210,0.601091027259827,0,0.00816924090040771,0.0280159378210918,8.83194885628047e-05,22.3696431067683,17.2906795501709,2.18161044256429,1.87219660732196,2006,17.2906795501709,2.18161044256429,1.87219660732196
236,2,737.874633789062,1493424000000,372,1492905600000,20581070,6859,1.03685176372528,0,0.0302862353316833,0.254070795149055,0.000239626621546529,9.49785688666884,8.47947718302413,2.48340463197579,1.60912669417238,2017,13.4735516866049,0.915119848232642,0.470849947230974
236,2,8.23612308502197,1411171200000,373,1410652800000,17524975,5125,0.00929025374352932,0,0.0103665539504085,0.0949286627086892,0.000384176274106585,25.3898973854641,18.7284574781145,6.84388682867116,4.62430268805897,2014,21.4204809824626,3.16007671325663,3.08215410974057
236,2,79.2534637451172,1030492800000,374,1030233600000,2269215,7084,0.269923388957977,0,0.135242575025607,0.229628917126547,0.000907029678187121,22.6699629014539,20.780055141449,2.09172146402322,1.71296315688988,2002,21.198429997762,2.09172146402322,1.83894938175146
236,2,351.2802734375,1060732796928,375,1060300800000,3559530,5935.5,1.22319424152374,0,0.00984647792538951,0.0701813044954314,0.00102317079410519,24.228935106339,25.4687438964844,2.03551204983912,1.3925673785889,2003,25.2519994735718,1.54696964844714,1.50050428653484
236,2,80.7914428710938,1538006400000,376,1537488000000,22164041,4191,0.212373927235603,0,0.0165578254642789,0.243452868242656,0.00118381676001034,22.6790306009273,16.8873341696603,3.84418146877575,2.11562626117655,2018,20.434101041158,1.96960139308786,1.53284042388275
236,2,753.185485839844,1094342400000,377,1094083200000,5046822,7094.5,0.513897776603699,0,0.1364239285842,0.396665915210743,0.00137293069483979,15.9898976848972,14.33281844457,2.53188115119126,1.12074435809382,2004,15.5706528981527,0.424056786512764,0.315065018358144
236,2,45.8508033752441,1218672000000,378,1217980800000,10203441,4541.5,0.064220517873764,0,0.0763922937609287,0.152923847685255,0.00304176542348211,23.7746293960079,24.6124913674814,3.75061790808429,2.53167100276242,2008,22.5460706710816,3.75061790808429,3.55349064982494
236,2,825.979248046875,1537315200000,380,1536710400000,22163634,3920.5,0.90640515089035,0,0.0178161175109182,0.026051717699044,0.00325131525109401,24.5691082944153,21.8983148892721,2.42352702808148,1.19983411014904,2018,21.1581137339274,0.495634319976156,0.417991656397093
236,2,98.7772598266602,1222819200000,381,1222473600000,10362854,2979,0.290310710668564,0,0.0752385172720942,0.119134842003955,0.00363637662705008,19.1037211141279,14.3505146026611,6.52216550578415,3.69468072541919,2008,13.1084129969279,6.52216550578415,4.71400840042854
236,2,1.28515458106995,1507420798976,382,1506902400000,21203748,3997,0.00800362601876259,0,0.00400756074128594,0.0265248476486413,0.00412178953669429,22.0966679679023,14.6975392659505,6.38504321999505,3.77216556881071,2017,11.3094058990479,6.38504321999505,5.89167768180937
258,2,23.3199710845947,1130198400000,383,1129766400000,6595969,2684,0.0450827032327652,0,0.0165587190110514,0.0626569796973833,4.25578235848656e-05,15.8403331544665,10.7859612994724,4.05438443831418,2.81650143912593,2005,7.89045613606777,4.05438443831418,2.60707553364343
258,2,1179.41003417969,1280880000000,384,1280620800000,12659624,3831.5,0.699527561664581,0,0.000568773282132895,0.0366751902332325,0.000204411423083695,25.3593781255907,29.6029425621033,1.83058843648065,1.65615709756146,2010,30.4004290262858,1.70104993463408,1.5140587727029
258,2,87.2572479248047,1595980800000,385,1595462400000,24207462,5326.5,0.0569562651216984,0,0.0378527703557374,0.241974126028722,0.000405494641553261,23.7585196601021,25.0545500619071,3.33862111025899,1.73434678228991,2020,25.4600289026896,2.82018132419214,2.46242368548871
258,2,50.5858383178711,1498608000000,386,1497744000000,20729799,6966,0.115937598049641,0,0.0487598694598681,0.172357266586857,0.00079886089172676,18.9266704313216,23.0382803945831,4.17647001683202,2.43896520666899,2017,19.1705404281616,3.33078551483606,2.60915754572245
258,2,60.4588394165039,1441065598976,387,1440806400000,18579271,3330,0.072655662894249,0,0.0277377683278743,0.151604654072464,0.00107624257838035,24.446755940427,23.9540517489116,4.04690350131762,2.31836324670556,2015,23.8168677647909,4.04690350131762,2.35546949544339
258,2,1067.81213378906,1095379200000,388,1094688000000,5070761,1676.5,0.534554898738861,0,0.00614802419526939,0.0311149404646081,0.00159734313381898,22.4833917392198,16.5925126676206,4.15326774874643,2.42979278166737,2004,16.7734968821208,4.0787510533482,2.81029106010933
258,2,1307.76391601562,1157846401024,389,1157587200000,7714907,1791.5,1.08411860466003,0,0.00754071710775506,0.0387241287971527,0.00183520972630347,24.6640166908182,20.1300735473633,3.24715437213223,1.80421123700158,2006,18.8393077214559,1.58841022833846,1.39357244160612
258,2,494.657135009766,1435795200000,390,1435276804096,18367047,1831.5,0.289476931095123,0,0.00350263306753007,0.0662043014782867,0.00207729157744829,26.8830522598759,28.3879671520658,4.28339560145669,3.56321969398501,2015,27.6170167287191,3.97111151789238,3.37162185248636
258,2,83.960205078125,1593302400000,391,1592956800000,24112499,7112,0.00580034172162414,0,0.112917737799492,0.181011639522676,0.00217414555867124,19.2879957670807,23.4022780100505,2.68576165294406,1.87302109968032,2020,22.6531667073568,2.46508535971648,1.87356005217336
258,2,166.672210693359,1319673600000,392,1319500800000,14111953,3572.5,0.192184522747993,0,0.0890606928479691,0.127688791640896,0.00313716018643229,12.8564999262492,7.95652732849123,3.02674369296564,2.75798908029031,2011,8.44084161122646,3.02674369296564,2.93723690426589
258,2,37.7786598205566,1435449600000,393,1434931200000,18331022,6466,0.0332415364682674,0,0.0669600445951879,0.157655848392416,0.00322738257013555,21.5725642870832,20.6248115176247,4.86907791820534,3.03651713736547,2015,22.8380507787069,1.97973174348745,1.41953343265113
258,2,932.236267089844,1317168000000,394,1316995203072,13993852,2280.5,0.157157942652702,0,0.00580491552656781,0.0119094199087328,0.00361392279185124,20.0550826370075,14.3804304758708,2.26230737966577,2.05030817877146,2011,14.3804304758708,2.26230737966577,2.05030817877146
258,2,452.19091796875,964137600000,395,963532800000,187572,2628.5,0.87151437997818,0,0.0209356611555478,0.0815386931988584,0.00363147488565196,24.4723125033909,20.9689726193746,3.74965262344552,2.09587515966043,2000,20.2403433481852,3.74965262344552,3.64675134058039
258,2,61.4363479614258,1382659200000,396,1382400000000,16484696,3210.5,0.736074686050415,0,0.0202179484146789,0.115733082729236,0.00381666928790858,23.124450132582,24.2584618886312,1.21891557355294,0.750419192491682,2013,24.1198701222738,1.21891557355294,0.895018885920972
279,2,340.801605224609,1406073600000,397,1405728000000,17236010,3934,0.681579232215881,0,0.000255589177211135,0.0900021859398201,0.00122122624959964,23.6450287501017,25.8203421274821,2.89604016360697,1.52453726967611,2014,27.7972602208456,2.89604016360697,1.90048295229016
279,2,136.97819519043,1219104000000,398,1218672000000,10204654,3947.5,0.034041304141283,0,0.0816360598469679,0.171269890351837,0.00128929919861775,22.6999895116335,26.4263292312622,3.95886290542973,2.06457096554881,2008,27.7166067123413,1.63102590661997,1.40458274420317
279,2,56.2893524169922,1026432000000,399,1026172800000,2056065,2780,0.114156387746334,0,0.00200549416329565,0.0341830795398224,0.00131546114308045,26.0992510477703,26.7007424990337,2.39942055258626,1.77865602139544,2002,25.8069174448649,2.39942055258626,2.14599549450635
279,2,64.9622497558594,1092700798976,400,1091664000000,4914385,4743.5,0.041319128125906,0,0.0475994178778869,0.272175636765546,0.00182118156828337,22.8375760847522,20.6887466821915,4.28697729860254,2.62487797475945,2004,20.2272888183594,3.45461021787064,3.11245274308196
279,2,132.953536987305,1118102400000,401,1117584000000,5998186,3690,0.767318844795227,0,0.0241528369976258,0.0940671864920013,0.00213571392339851,20.6985640248944,22.4491374424526,2.44260336264042,1.86473528577332,2005,20.2377789179484,2.44260336264042,2.39748695104673
279,2,126.765701293945,1173139200000,402,1172793600000,8343571,3602,0.098295234143734,0,0.0504365462751331,0.0999687997169723,0.00329284680674913,5.51971292949861,7.12786687215174,4.7960356403144,2.90137408223071,2007,7.5026314417521,2.55661227170346,2.44014059244738
301,2,22.7414627075195,996451200000,403,995846400000,1113335,5825,0.0559687800705433,0,0.041811469160848,0.192491641130299,0.000262348198227236,24.0698847876654,30.2964733600617,4.87944968914968,2.06805669374397,2001,30.1410528182984,4.87944968914968,4.17475772416935
301,2,4.9646053314209,964915200000,404,964310401024,204114,4933.5,0.0220981184393167,0,0.0192130565675761,0.136051311692633,0.000891406860324628,23.8594798617893,26.1741618928455,4.83625420639847,2.77224984878822,2000,24.705102856954,4.78978030656523,3.45577150469397
301,2,79.7652816772461,1426118400000,405,1425600000000,18097072,4481,0.0513269677758217,0,0.0383586909191536,0.187554011837012,0.00159745018149959,2.71790475391208,3.80753615243094,5.71009908643769,3.15901861271411,2015,3.13095658620199,5.71009908643769,5.66047134794385
301,2,778.170043945312,1110758400000,406,1110499200000,5720638,2964,2.41156268119812,0,0.104578565868128,0.326442448015772,0.00184341315858816,0.211452193487276,5.25392764409389,1.25665880687392,0.795230472538235,2005,3.16734307607021,0.796033861987551,0.610597692547973
301,2,22.686918258667,1184025600000,407,1183248000000,8743047,3436,0,0,0.00837316564964397,0.042114374349616,0.0024491720512918,23.5156529320611,24.7687232335409,6.1887087384741,3.82118943548895,2007,24.431423441569,4.76090653198333,4.28265500933566
301,2,47.484992980957,1505260800000,408,1504915200000,21093564,5379.5,0.100372076034546,0,0.0303604765257113,0.0853955741602448,0.00357037624437839,23.0685757339642,22.2953221638998,3.5724804645204,3.1052836086383,2017,20.4910579681397,3.09501469114016,2.64009570381492
301,2,223.496002197266,1314316800000,409,1313539200000,13860081,5497.5,0.227740839123726,0,0.0519703429089198,0.192556161918535,0.00367663126480633,22.6857665564424,22.8378605524699,3.65698369024398,1.86045384953281,2011,23.9320976893108,2.43895682106693,2.07123170801749
301,2,120.7041015625,1526688000000,410,1526083200000,21770167,4774.5,0.513334274291992,0,0.0926597897709875,0.333579313883185,0.00406302938726011,19.3409702512953,21.6375849405924,0.94242825355322,0.627551230149112,2018,17.692937151591,0.497940161461846,0.449755188832841
301,2,698.351135253906,1468281600000,411,1468022400000,19677095,4720.5,0.306656569242477,0,0.00433019362210629,0.0364374937131267,0.00412194979569025,23.2390135659113,25.351157283783,2.0065276662789,1.44216330625823,2016,25.3123394012451,2.0065276662789,1.6150123167589
322,2,132.347091674805,1096675200000,412,1096416000000,5047179,4761,0.373541682958603,0,0.0473365380180333,0.180672958385522,0.000906985487012402,17.3025994946881,14.2321487426758,2.26369568204227,1.38342444375474,2004,15.0030237197876,2.26369568204227,1.77868482920324
322,2,97.5152893066406,1255910400000,413,1255478400000,11693230,4835.5,0.0938806012272835,0,0.0524586655024564,0.110902654331365,0.00150884301309051,18.7905512068007,6.43071984185116,4.79114148653382,2.28289170247358,2009,6.20630067189541,4.79114148653382,3.38479029741368
322,2,853.807678222656,966038400000,414,966038400000,300890,826,0.292345494031906,0,0.0181151416415091,0.0660600088375318,0.00175538460068025,26.2841604991626,26.5963893890381,3.02902473324561,3.02902473324561,2000,26.5907496770224,4.00711802325043,3.51807137824802
322,2,4.71755886077881,1347148800000,415,1346889600000,15234101,5389,0.0143068507313728,0,0.025129238005885,0.0949412526136229,0.00194497709788299,24.1941224457116,19.8886102994284,2.63701730713058,2.31885954199357,2012,20.8617899576823,2.63701730713058,2.38645101493768
322,2,39.2366142272949,1628726400000,416,1628553600000,25465174,3407.5,0,0,5.62139590840616e-05,0.00124923866900062,0.00286475606638159,27.7860608541837,28.5369089338515,8.39675368077134,7.99282177612373,2021,28.4788048426311,8.39675368077134,8.11053741416166
322,2,155.871322631836,1570320000000,417,1569888000000,23434639,4202.5,0.143902465701103,0,0.00969763255869438,0.103633669816485,0.00289579928461414,18.8007903840807,14.9788587782118,2.20959278261072,1.26733001601448,2019,18.8853387196859,2.20959278261072,1.31566810541543
343,2,99.2427749633789,1470614400000,418,1470009600000,19854096,3980,0.0813602432608604,0,0.0161398967700457,0.190312482383614,0.001130856726137,23.643489989414,25.4265101114909,4.46833113534196,2.75206552769421,2016,26.6830475489298,1.90437226682254,1.43287841546355
343,2,511.571166992188,1586217600000,419,1585958400000,23973210,4431,0.734327554702759,0,0.0914606573412975,0.189966028020237,0.00124723650106795,5.665745487008,6.74783461888637,2.77859344134235,2.36655100022135,2020,6.21870225270595,2.77859344134235,2.46318560539602
343,2,152.74365234375,1348444800000,421,1347926400000,15233093,3212,0.0649529919028282,0,0.0194141126495353,0.0790970907404045,0.00149887020407469,21.4967230191795,17.6170768556141,4.86228919918215,2.26597308051718,2012,19.8992115020752,2.01609977675176,1.8001835099458
343,2,37.2835845947266,1351468800000,422,1350604800000,15329787,2824,0.140332669019699,0,0.0314035623127502,0.119805869257608,0.00191848918075799,16.5548173692492,12.6645173968691,5.73718670402728,2.69034420686693,2012,14.0873568216959,3.56989454844694,2.30632541410131
343,2,76.1869735717773,998179200000,423,997747195904,1259524,3082.5,0.0516798906028271,0,0.00888119441540525,0.127792286821283,0.00364146456709769,27.8516306190081,24.4689067628649,3.93024173869775,3.39820588703912,2001,22.7731831232707,3.93024173869775,3.6325422177178
365,2,957.276123046875,1252886400000,424,1252540800000,11559223,5625,0.819747567176819,0,0.00602963284039149,0.103800509751647,0.00187146316242714,19.2821832349223,18.4571680704753,1.23241145400895,0.872497576177334,2009,20.9958422342937,1.17911872396537,0.973326799070897
365,2,460.484222412109,1027468800000,425,1026777600000,2055761,7260.5,0.231805592775345,0,0.0327355678077375,0.165693865985698,0.00252431631215078,18.2734625710381,21.194131399084,3.47477934299798,1.43087640611746,2002,22.8457389831543,3.47477934299798,2.99284563548001
365,2,327.353973388672,1120608000000,426,1120348798976,6083496,2505,0.528900921344757,0,0.000649214240112883,0.0227256747769005,0.00356110793754427,22.4846771876017,24.4965740203858,1.70537006154602,1.29439465260968,2005,24.9292926152547,1.34207953856649,1.30210116895524
365,2,43.4688987731934,1000857600000,427,1000166400000,1358980,4484,0.77223151922226,0,0.086926998212892,0.12483562334792,0.00387359946277077,23.7480866503972,18.7911870461924,2.45232968864348,1.34191737256223,2001,17.3578891118368,2.20735511080147,1.70106579500714
386,2,82.895751953125,963446400000,428,962928000000,187098,4660,0.06786248087883,0,0.0398638364976946,0.134556282334447,0.000155480020138654,23.652598868476,26.2690550304594,4.89978762951921,2.89125475600024,2000,28.8365051905314,3.28516730800311,2.19648916619612
386,2,97.3063507080078,1153612800000,429,1153094400000,7371615,6819,0.343721836805344,0,0.0545233252674109,0.162679049968997,0.00104748454419479,23.2037348005506,22.4580178760348,3.82547790105613,2.50856441264572,2006,18.9510382970175,3.82547790105613,3.69403529179928
386,2,67.34326171875,1024704000000,430,1023753600000,1989967,5271,0.111472077667713,0,0.0360137302502181,0.14240531292343,0.00114389927716008,18.5623831472089,23.2201906204224,5.00867450370883,2.50970633765084,2002,20.1743465423584,3.46188684795128,3.30768640732702
386,2,134.067687988281,1412726400000,431,1411948800000,17523065,4230.5,0.0145122334361076,0,0.0213767655438346,0.0662919993486746,0.00291857968377152,18.831763716667,12.6262233734131,3.63909545126339,2.19773009748082,2014,14.9991791407268,2.18493565648003,1.7846618399657
386,2,1134.58923339844,1317340800000,432,1317081600000,13994115,2625.5,2.02921342849731,0,0.00597280690973889,0.0086087829019732,0.00339418340778197,21.703871909521,16.2510060628256,2.46503721507288,1.75740801661092,2011,16.81284421285,1.71449033499982,1.50143363803365
386,2,76.5277099609375,1437264000000,433,1436832000000,18404099,4443,0.231833681464195,0,0.0503353011216419,0.13872722063153,0.00364005781952714,22.8692188686794,27.9179912567139,4.52422720311386,2.41198515641653,2015,25.6720491409302,4.52422720311386,4.21589723895413
386,2,61.7975769042969,960854400000,434,960681600000,121188,3464,0.449509799480438,0,0.0349983105469569,0.145426504917548,0.00376037688767739,20.326657272667,17.2777625613743,1.46803738266335,1.07666733034331,2000,17.0410629272461,1.33517691947288,0.88098230418329
408,2,74.6908264160156,1093996800000,435,1092355200000,4870444,6849.5,0.0491499602794647,0,0.0791494413412543,0.240791542706319,3.05546142878033e-05,21.9400092586395,22.2071103731791,3.99987585666063,1.87833887747437,2004,24.127169863383,2.48268343683231,1.67382000266271
408,2,23.8762989044189,1281571200000,436,1281398400000,12620867,6087.5,0.145312577486038,0,0.0297874705835426,0.176977505121968,9.82424939401927e-05,25.7702214928084,29.1757749345567,4.00115199935477,3.19308977983799,2010,29.0793612162272,4.00115199935477,3.79976473582535
408,2,47.7425651550293,995500800000,437,994550400000,1071962,5177,0.146487757563591,0,0.11338340791146,0.283713028589272,0.00249243774362817,22.198644955953,27.19198835161,4.47130194085008,2.45301437776202,2001,26.5163360595703,2.52658728314621,1.92479822711721
408,2,789.173034667969,1025568000000,438,1025568000000,2056483,5492,0.492397725582123,0,0.0125705462457404,0.125642258202802,0.00336603924069401,23.3919725206164,22.2425043741862,2.50020088509404,2.50020088509404,2002,22.7269604365031,2.50020088509404,1.75023701195971
429,2,72.3917236328125,1122940800000,439,1122249600000,6128167,4298,0.0358618758618832,0,0.039329276167468,0.117765022511307,0.00146121677145428,22.2600127538046,26.336821351228,3.01052799893252,1.86548455891381,2005,22.3621370951335,3.01052799893252,2.49237543635791
429,2,21.8569526672363,1124668801024,440,1123804800000,6293300,4963.5,0,0,0.0369698817937625,0.13961550104144,0.0018715331590512,24.810731731948,24.5393134117127,8.16117441258523,5.26928117520022,2005,24.0895118077596,3.07811366319951,2.67998535342078
429,2,1042.09887695312,1254009602048,441,1252972800000,11585911,1916.5,0.52933794260025,0,0.0113795182655849,0.0284826138343526,0.00220062627717399,21.3824654938072,15.6439063026792,2.70002869315291,1.65572413013753,2009,17.505569712321,2.27839078331281,1.63074783060202
451,2,241.295776367188,965433600000,442,964656000000,207376,5642,0.162423983216286,0,0.0361884717424736,0.106425227248696,0.00116402743411381,22.454331694709,22.9855398813884,5.05151854042734,2.81999920297574,2000,26.150443649292,2.53519883080748,2.01733245744832
451,2,953.542663574219,1316995203072,443,1316563200000,13993815,2063.5,0.78664755821228,0,0.000411307056964461,0.00725108045210732,0.00141523564550505,21.3019922194943,17.8191617148264,3.02949241929059,1.89519431180681,2011,21.5836158752442,0.934077312144102,0.759455846143597
451,2,13.7235670089722,1634428800000,444,1633824000000,25672194,5253.5,0.0301338061690331,0,0.05808819082689,0.188634506475523,0.00350974679695248,15.4934457567003,14.323884900411,3.12911375091845,2.19074517040526,2021,12.7400480270386,3.11698512055056,2.64135731172977
472,2,218.524917602539,1344729600000,445,1344556800000,15066169,3412.5,0.693792343139648,0,0.00849565388364582,0.0274983900667998,0.000393154748282276,26.8018893457228,26.4149443732368,3.44177660962102,2.45056646370238,2012,26.5897295633952,3.44177660962102,3.28608900176696
472,2,51.3324661254883,1534032000000,446,1533513600000,22058284,5808.5,0.125547721982002,0,0.0593274301259008,0.106850850004598,0.00364326154838313,25.3317327889064,24.8616530827114,3.95525519359,2.7776268876678,2018,26.8258377075196,3.23422178520701,2.3086123408413
494,2,19.8210220336914,995760000000,447,994723200000,1112460,5895.5,0.0259160902351141,0,0.0636987126445092,0.193514675656342,8.84101308664675e-05,21.8116415023805,27.5882813967191,6.17211715548879,4.49358026819007,2001,23.9536930084229,4.98790331371705,4.58436806009908
494,2,495.713775634766,1026777600000,448,1026172800000,2102524,2479,2.0700421333313,0,0.000430590436717893,0.0416484569898117,0.00106870055572983,22.7004907396105,23.7031500498454,2.44837740683571,2.05144039223939,2002,24.4739503224691,2.07145388662188,1.96418074367915
494,2,9.09593963623047,1348704000000,449,1347580800000,15234196,4741,0.0110196433961391,0,0.0149661873601801,0.0803554158167437,0.0011835046703047,22.2385415805284,21.1971950349354,4.09598566787135,1.83252544729772,2012,22.4887910842896,0.953899089879208,0.858172066600229
494,2,399.306457519531,1501718400000,450,1501372800000,20801352,5439,0,0,0.00357869979203684,0.0293974146327827,0.00187728918473518,25.3748700247871,30.4122882843018,2.71509775531841,1.97620248345331,2017,29.4346964518229,2.19482909061479,1.62645511662774
494,2,761.877197265625,1317772800000,451,1317427200000,14093320,4900.5,0.824808597564697,0,0.0362968894822266,0.0612903681305568,0.00287486148440619,18.8338865280151,20.6502504984538,2.64732323830913,1.54714203609816,2011,20.2296882629395,2.64732323830913,2.00490151953084
515,2,2.2920618057251,1285286395904,452,1284163200000,12808775,4847,0.00446347845718265,0,0.0288576616901359,0.148297373725253,0.00211925382611222,24.9038357560352,20.4179410752797,6.66896891730027,2.72596381252592,2010,20.384901936849,6.66896891730027,5.84986121755593
537,2,92.1407623291016,1002153600000,453,1001376000000,1380075,2965.5,0.0964201837778091,0,0.00424983703102555,0.0198725410524219,0.00112437425333933,22.9236989052064,18.1322885513306,4.28818651457741,1.67516784639216,2001,23.6512437820435,2.81041771235299,2.19374711192146
537,2,1175.35986328125,1439596800000,454,1439337600000,18582133,2613,0.208024203777313,0,0.00526096444255941,0.16328761779106,0.00147947491040124,23.3479683455601,26.0970285097758,1.76574915727341,1.47970907553154,2015,25.8787885665894,1.76574915727341,1.41106629177529
537,2,90.7681045532227,1065225600000,455,1065225600000,3849774,2586.5,0.272177457809448,0,0.0363279691399327,0.0396395247433112,0.00268688391881333,23.882299571567,20.7290276845296,0.785901272767893,0.785901272767893,2003,20.8832355499268,0.8277341776269,0.806817725197396
558,2,4.88977766036987,1505347200000,456,1504396800000,21095119,5117,0.010182861238718,0,0.00793916342509959,0.0680743228691689,0.000547769922554231,27.4550678786412,23.6016520288256,3.40667973892102,2.14843120956379,2017,24.2239697138468,1.14918255431888,1.03156352947397
580,2,110.937438964844,1437609600000,457,1437004800000,18404035,5485,0.140055164694786,0,0.0491308841778491,0.153502090833605,0.000192668437571486,22.0308495203655,28.8849061489105,3.15395456074113,1.71890723540062,2015,27.228026008606,1.53897863322482,1.51358255543
623,2,19.7941970825195,1190592000000,459,1189209600000,9058452,4983,0.177542075514793,0,0.0238175491876049,0.0861416895551343,0.00029076848707621,26.6654138339464,19.2501194823022,4.36753598598832,1.91384968540675,2007,23.5427096048991,4.36753598598832,3.71273707660521
623,2,1094.88732910156,970876800000,460,969580800000,420340,2076,0.649608731269836,0,0.0156609320782088,0.0573667089164687,0.000480754489742496,19.3081413063951,16.2186389525731,2.76155500748838,1.3386118424858,2000,22.8238531112671,0.739127542480379,0.641616595936494
623,2,32.2922325134277,1222560000000,461,1221436800000,10360091,3888,0.0219224188476801,0,0.0494260575738394,0.134528959741264,0.0023630172653355,23.390321555189,14.5431413468861,5.6771702430884,3.43280807713281,2008,13.9553527196249,5.35060609600907,3.64858569023565
623,2,178.338302612305,1143244800000,462,1142812800000,7061995,277,0.187696307897568,0,0.0855907840826085,0.166622458753217,0.00286054463157659,0.583105863843684,3.82882143656417,3.67162318095784,2.27942592906838,2006,3.91577936808267,1.15994525947285,1.09380051657186
623,2,961.534729003906,1096416000000,463,1096070397952,5070785,1532.5,0.190595641732216,0,0.00124628681069794,0.0254511362039196,0.00316971937899058,19.7548839281965,21.7676329294841,2.38967131130568,1.11166587863779,2004,20.3308505376181,2.38967131130568,1.55112324621813
644,2,17.4554500579834,1602720000000,464,1601769600000,24646823,4370.5,0.0338435135781765,0,0.0436148985509526,0.0857440603795432,0.00280946481600508,21.3181595696344,19.3571355501811,5.18663869568288,2.72565080650361,2020,19.4634131749472,5.18663869568288,4.09629025752831
665,2,1050.32165527344,1448755200000,465,1447804796928,18984228,2083,0.303128033876419,0,0.0326026495794061,0.0568120162502446,0.00190930512408649,9.30252410314415,6.81753030353127,3.28437579433503,1.60965140436158,2015,5.01147359212246,0.412044910776495,0.387831868687813
687,2,155.957931518555,1332288000000,466,1331510400000,14597099,2485,0.3533556163311,0,0.0497050690964329,0.201225133119156,0.00065461940966427,-0.650362571628534,7.39453652699791,3.50833435328219,1.68667353134467,2012,2.29928805033364,3.50833435328219,2.66280909901607
687,2,657.5126953125,1313971200000,467,1313539200000,13819214,4785,0.483828216791153,0,0.0116399478064189,0.0776495081566715,0.00135651957290461,21.5916254064088,23.7548545625475,1.99034150671379,1.22214584534058,2011,21.9584648768107,1.99034150671379,1.5678559918887
708,2,8.23612308502197,1255392000000,468,1254614400000,11701155,4170.5,0.00929025374352932,0,0.0274356972172605,0.117652727960635,0.00154132267652152,18.9125865300497,17.6292744954427,3.60204062210616,2.0306909221488,2009,18.1644175211588,2.22316105179867,1.87942206876313
708,2,186.47688293457,1466035200000,469,1465862400000,19607570,2846.5,1.0326052904129,0,0.00796538242846268,0.0588619921199047,0.00159542999702689,24.6487576966645,26.6559024810791,2.31297239075179,2.04074764262851,2016,28.0990504582723,2.31297239075179,1.96023521640528
730,2,244.974700927734,967852800000,470,966816000000,276134,4378.5,0.589091837406158,0,0.0371785381059055,0.088306819216303,0.00301545749408061,25.315446800314,23.3723005734957,3.63104987653527,1.48956473924509,2000,28.2999076207479,1.72519869692046,1.59836942237219
730,2,81.4794158935547,1223424000000,471,1222041600000,10326033,3614,0.0228365585207939,0,0.0707192930649043,0.132321204510752,0.00310308210874877,19.598277397566,13.5132598802156,4.362132063617,1.85884591906181,2008,12.6175924301148,1.31096581147397,1.14330609575838
751,2,51.2892761230469,1218412800000,472,1217548800000,10202597,4058,0.0326508544385433,0,0.0675841260902068,0.124841277783943,0.000416009717222887,23.1872505967335,23.0731150540439,4.67584955274809,2.20372029604759,2008,21.9531955083211,2.24996634997236,2.19613658044465
751,2,497.781982421875,1490054400000,473,1489104000000,20507342,3695,1.6522057056427,0,0.179091223392977,0.349600539731906,0.00275000877541931,4.69888235727944,6.5872179561191,4.66550585231941,1.83295635301902,2017,4.97733268737795,4.66550585231941,4.08342301390374
773,2,1322.65576171875,1105488000000,474,1104969596928,5505937,2038.5,2.79820513725281,0,0.11555157898497,0.31862831620251,0.00201914919741819,2.06794827779134,3.04940721421013,1.91040157383644,1.3505432508116,2005,4.0161710739136,1.7353057499176,1.19206854629937
816,2,113.633941650391,1343088000000,475,1342137600000,14929438,3686,0.356189340353012,0,0.0115121193815426,0.246994723534346,0.00151690384782477,27.0118367724949,27.9375891579522,5.82397922930886,2.10236560972123,2012,29.0873774846395,0.754768775868942,0.748484231588828
880,2,616.091186523438,967075200000,476,966729596928,274914,3321,1.09493863582611,0,0.00420084085263284,0.0281601948635064,0.00197768451217473,27.3927890490461,29.6833209991455,2.28673597127596,1.13785491968501,2000,31.013587252299,1.32379977536614,1.22445822330601
880,2,128.771301269531,1186703998976,477,1184889600000,8744003,3860,0.0584880895912647,0,0.0146073889959162,0.0476307555402116,0.00282937338720712,24.7056108686659,25.0768119580818,5.32793644310645,2.48339628468468,2007,26.9439540863037,1.81048578213084,1.21038375519144
902,2,38.2660827636719,1410134400000,478,1409443200000,17366558,6408.5,0.18130624294281,0,0.0665003290948292,0.244761749471628,0.00173320504786545,23.9602113005936,20.9744443964076,4.17381948499151,2.48460593057418,2014,22.5866647720337,3.4742512453757,2.99422642975585
923,2,12.8948059082031,1255305600000,479,1254355200000,11701832,3028.5,0.189724206924438,0,0.0290453297091986,0.0507229912272393,0.00219254631265287,24.2247895346748,22.9004047605727,1.134695838982,0.576779516583712,2009,21.6524873733521,1.134695838982,0.888566261046348
923,2,9.33930397033691,997401600000,480,996969600000,1262233,3972,0.0215446874499321,0,0.00993647856410362,0.130707736171569,0.00358754368702907,27.8159410497194,27.7527118682861,3.22687846153033,2.34221524794591,2001,26.077071762085,2.79673639686833,1.83357468863394
923,2,13.1181812286377,1472428800000,481,1471996800000,19817145,6083.5,0,0,0.0213548586418497,0.225287946297033,0.00405564766831124,25.526643699728,25.4813021977743,4.00635954294976,2.23105959128974,2016,26.1009431838989,4.00635954294976,3.76990622891233
944,2,1015.66058349609,970444800000,482,969667200000,420400,1897.5,0.470171332359314,0,0.00466498078330346,0.0131904505494376,0.00150152247535484,19.8800868864982,14.9350936889649,2.65959568113868,1.62829266658641,2000,20.8123238245646,1.73147063169611,1.54716122725529
966,2,241.468780517578,997488001024,483,996710400000,1222544,5883,0.470776438713074,0,0.0456949870071739,0.224056896073943,0.000858699724609613,23.4717429458454,26.4933122230299,2.91540727341532,2.12143576393624,2001,25.350649134318,2.52291602995881,2.35412631491922
1030,2,290.829833984375,1274659200000,484,1274227195904,12326597,5949,1.44484567642212,0,0.0599330891401273,0.23522086125168,0.0017603628635704,18.0711242039999,17.1945978164673,1.94475090539337,1.48739486977477,2010,16.8779391606649,1.94475090539337,1.80248673986119
1030,2,295.841217041016,967593600000,485,967075200000,274848,3567,1.65077483654022,0,0.00395726135088736,0.0281594546395638,0.00386707229923788,25.5446980876308,27.0550244467599,6.17116859803771,2.62572847093716,2000,30.1704533259074,2.85064555864335,2.06949901098584
1073,2,597.414733886719,1471219200000,486,1470700800000,19814873,4165,1.0817699432373,0,3.79053422534525e-05,0.123673563473922,0.00364355093820956,25.0272086851059,25.0766082763672,4.9179105088634,2.16461982521234,2016,24.3461338043213,4.9179105088634,4.08687533928378
1159,2,57.0454368591309,1571788800000,487,1570665600000,23435334,3326,0.274042934179306,0,0.0883304921556878,0.141300485582988,0.00370656788263557,20.5258508470324,16.6509289332799,3.27209123195729,2.06157697321986,2019,18.5572254816691,2.68588440440104,2.27733243593949
1181,2,0.61745685338974,1411171200000,488,1410048000000,17524023,4303.5,0.0109929898753762,0,0.00309560463925607,0.115399083390166,0.00107048242781982,26.2254702332199,20.1368635086787,8.03814446198016,4.34970729072004,2014,24.3098585764567,4.09352391351353,2.79423495735688
1309,2,85.4634628295898,965433600000,489,963705600000,187012,4784,0.0277520138770342,0,0.0610744064632058,0.165967319497778,0.0039848323070244,23.1810295316908,23.6855867295039,5.08850212993076,1.87194043174257,2000,21.2275917689005,5.08850212993076,3.08224031797103
1438,2,294.769317626953,1470355200000,490,1469750400000,19678741,4572,0.564813673496246,0,0.00400527567980546,0.0955337658525188,0.000308031086934668,28.1963176515367,29.8316058476767,1.63804038056379,1.37093810123797,2016,29.9751907348633,1.26327190196783,1.19572090118565
1567,2,499.493103027344,1025740800000,491,1024790400000,1991605,3932.5,0.38868460059166,0,0.00530068832279085,0.187431413971311,0.00135780084643478,22.1151435072705,26.4305293189155,2.59439070022467,2.11231826091527,2002,26.5725580215454,1.8499705234515,1.79619786293892
1631,2,5.63558769226074,1349740800000,492,1348531200000,15235128,6576.5,0.00725982198491693,0,0.000326557124999738,0.000628683982988321,0.000398347675505284,27.1353853369272,25.4892579396565,2.13381162563949,1.70835637242664,2012,24.8845363616944,1.88153412628465,1.77443133264807
1846,2,1029.2802734375,1287878400000,493,1286755200000,12931626,3052.5,0.108275428414345,0,0.0158290431256596,0.0167665944257251,0.00156206818704097,18.1470920562745,13.9430320194789,2.71840523338604,1.13450859399824,2010,9.8742967605591,0.758886571416563,0.509955873294095
1932,2,761.3486328125,1185926400000,494,1185494400000,8696534,1761,0.764274597167969,0,0.00106797476233211,0.0392311328632502,0.00210231791941728,28.2296448601617,28.815425491333,2.00550583955684,1.06053380118648,2007,28.9375911712647,1.82157259727121,1.03254091173847
1932,2,502.845489501953,1065571200000,495,1065139200000,3849681,2018.5,0.323051422834396,0,0.025136789157358,0.0363497510099684,0.00388951516429403,22.3845874786377,17.7474857330322,2.60854675959227,2.05968055668226,2003,17.7316957473755,2.60854675959227,2.14235502896367
2125,2,1271.8466796875,1509408000000,496,1508371202048,21191385,5115,3.49070119857788,0,0.0314868161013209,0.303205129336607,0.00263574681239209,7.60960557725701,5.4008217281766,2.1898709683888,1.09698889238571,2017,7.51244888305666,0.362274333915401,0.336785243080298
2211,2,9.10112285614014,1567468800000,497,1566950400000,23215536,4583.5,0.0135782482102513,0,0.0228190202769767,0.0711836901352818,0.00320095523440755,25.2455944430444,22.8342522030785,5.64293240918101,3.30273945598713,2019,21.9350992202759,5.64293240918101,4.44329801851423
2447,2,217.416595458984,1192406400000,498,1191628800000,9174831,2630,0.431563913822174,0,0.0102495760127823,0.0608873881056731,0.00325965056620714,19.5544862959121,16.8994922002157,1.55904395585738,0.882496998130377,2007,21.0574918746948,0.642378876392635,0.611137071397724
2662,2,70.8938064575195,1026259200000,499,1025136001024,1968205,2944,0.156156361103058,0,0.00398004526618934,0.079397989160455,0.00300498999431953,24.8735463419268,26.175658944937,3.49191480689178,2.11502756048629,2002,25.453466351827,3.49191480689178,2.69162979431653
3005,1,337.978132898667,1562198400000,500,1561507200000,23017737,1997.48235294118,0.156896396770197,0,0.000924986785506539,0.101001756173297,0.0255858206795004,29.9721791619067,31.0196766797235,8.99239201723854,6.6196756580377,2019,33.5730027254891,8.28325849277999,6.79074555073354
3005,1,850.53375097068,1008806395904,501,1008374400000,1575056,6482.62048192771,1.02295682588256,0,0.0105867686854878,0.266878124151156,0.0876981689645014,4.42033015025191,-0.54893853393105,1.93285164950587,1.67772522165209,2001,-1.63486453749573,1.93285164950587,1.89782736400715
3005,1,1169.28233899568,1251936000000,502,1250121600000,11451410,2324.62337662338,0.305686029948686,0,0.0258117942082325,0.0826883328419522,0.172307325908336,20.5341891727838,20.5132514332092,4.40106375452843,2.63565037205699,2009,20.3981886182513,2.47227710689254,2.06754650351495
3005,1,1199.49977264404,1283558400000,503,1283040000000,12619524,6386.5125,1.31487185359001,0,0.00588269399623513,0.133545181345398,0.316679576404325,18.5671245780043,19.1628116244362,1.762738272904,0.811326762382216,2010,20.1440863927206,0.520166687004595,0.477751608457747
3005,1,1125.93355931991,968630403072,504,966729596928,301041,2528.67088607595,0.519612300090301,0,0.00813447824379566,0.0763372356939496,0.318671025659607,23.7501187108659,20.291528058421,2.48817352064452,1.45674458355072,2000,22.7358355711282,2.34145165176843,2.21749756487739
3005,1,1046.43706805889,1250553600000,505,1249689600000,11451404,2701.69230769231,0.359868629620625,0,0.0187931991072626,0.059637138836738,0.418179297119119,21.2189428113334,19.6171248162543,4.28744924397588,3.11577099907464,2009,19.8237812433487,3.92842280335181,3.83192175120617
3005,1,370.597847812147,1592179200000,506,1591228800000,24135323,4419.40361445783,0.5831222631127,0,0.0171327705443025,0.110032021690747,0.424650256891293,21.7079927662646,23.3562381541394,4.17063706312429,2.39824204409975,2020,20.5438247106162,2.19095660895183,1.44356660881539
3005,1,29.7594627478184,1184716800000,507,1184198400000,8743390,3122.80769230769,0,0,0.00717710045646933,0.0271145795405159,0.459274990220569,24.3269097542831,25.1990022233118,6.82558624121888,4.42123644883756,2007,25.3176952688103,6.82558624121888,4.33779803034541
3027,1,172.109360683112,1187913600000,508,1187568000000,8865339,5156.22222222222,0.375338309708937,0,0.00549863733245788,0.106041589439132,0.133098594115705,22.8475040663164,22.8116807411728,4.4020216490499,3.69187485598137,2007,21.7588992562314,4.4020216490499,4.38695931930924
3027,1,539.962964032147,1566259200000,509,1565568000000,23184109,5626.99324324324,1.1127089809727,0,0.0313617698513133,0.0620332444893452,0.27264631096957,24.4743472643905,24.0526885913777,4.37632920956951,2.58577635035944,2019,25.2333135742325,4.37632920956951,4.07921140041976
3027,1,98.0257988435676,1143331200000,510,1142294400000,7062347,1658.05421686747,0.255986656410148,0,0.0903914237243401,0.153805195848306,0.337708852757201,2.45163688604958,6.57366121119469,2.49886526738355,1.76834013920682,2006,3.053134498443,2.3337557875788,2.19283569315919
3027,1,1074.36965671974,1501804800000,511,1501027200000,20801222,5189.975,1.39939076538327,0,0.0137384065950528,0.0907384823801152,0.339433781992877,23.0545152452257,26.2916784667968,1.89156456835415,1.36404806115004,2017,25.2804238637289,1.13911661058674,1.05708199564416
3027,1,676.112254092568,1155513600000,512,1155254400000,7520024,4021.70779220779,0.528742471807881,0,0.0058606452787428,0.0730105610248136,0.36351129374732,27.6602014821563,26.6571123304822,2.26202210301932,1.59659581758587,2006,28.0665676133457,1.46035374798773,1.20021293568762
3027,1,1090.15580480239,1186012800000,513,1185235200000,8697552,6631.77380952381,0.395527759019066,0,0.0695858717661454,0.318155928511962,0.465793656221591,18.8314921949276,17.8734508756608,2.46826666203832,1.4478730264813,2007,20.1704124692886,2.46826666203832,2.39088408032688
3048,1,35.8191521167755,1219276800000,514,1217894400000,10142635,5401.39375,0.0500750672537833,0,0.0140249703553181,0.0822413062189149,0.225192502607491,23.9976126804147,26.5031177745146,3.19314073368118,1.98609975212451,2008,27.8661133448284,2.97981650282107,2.35718539646019
3048,1,108.09948941281,1568246400000,515,1566950400000,23216531,5315.16447368421,0.754388537061842,0,0.0365954122176582,0.107049302071199,0.230375313689846,27.5964783025719,27.4971533377965,2.13757138091138,1.35382603724684,2019,29.134961516397,0.718174450365069,0.679994302019954
3048,1,3.41841371422229,1537660800000,516,1536364800000,22181768,4596.89673913043,0.00796605861725528,0,0.00767037237194865,0.0690259056403309,0.342387647242351,26.2374453615507,20.3836825813073,4.60866336144929,2.2626083149376,2018,20.2385874817338,4.60866336144929,3.25729595121062
3048,1,146.670508490668,1474675200000,517,1473206400000,19957266,3539.23333333333,0.0867480124450392,0,0.0364284959540032,0.0846850508735152,0.454294166537657,23.2873250489594,20.8874041521991,3.18769174128928,1.71268464930683,2016,23.4073076248169,3.05431668048179,2.81455775835428
3070,1,42.4046589014482,1112227200000,518,1110672000000,5734638,2879.92857142857,0.0988534255599489,0,0.0660078637008695,0.156756701075415,0.0221942740146647,0.554370844352604,3.01764095919646,5.57771425901324,3.21802842254584,2005,3.03173826308478,4.58405109746764,3.60065588107859
3070,1,445.750732421875,1282608000000,519,1282176000000,12619972,3424.6875,0.625905275344849,0,0.063609729828093,0.0839911068847215,0.0763573914407717,25.5195430468488,25.1147331873577,1.94384718507591,1.40842104459536,2010,24.0921774546306,1.34579162881217,1.27146375506136
3070,1,3.48581625433529,970876800000,520,969321600000,419809,5415.13861386139,0.00857240820814874,0,0.0763748944772271,0.150229246408255,0.0948654344451806,20.9282703755827,15.5195242698395,7.08792669467453,4.08389244040688,2000,19.7947404874041,1.43924865331903,0.890148561271296
3070,1,356.86843577925,1377993600000,521,1377561600000,16231738,3454.38690476191,0.606635345033852,0,0.00187203892150884,0.0177130561244063,0.198579904292657,23.7250889969068,22.3527725835327,2.80033168365739,2.10812717622363,2013,22.6993942381844,2.80033168365739,2.53224025264395
3070,1,1206.67241657956,1500336000000,522,1499558400000,20801233,3478.04225352113,0.492581321739815,0,0.00668929588464606,0.0767168007098019,0.442333162562211,23.2763601834412,26.8596838579492,1.52136684486725,0.709220291164738,2017,23.8546529232616,0.561214300693396,0.40363995389074
3070,1,84.3181115026059,1063756800000,523,1062720000000,3732615,4761.32967032967,0.287732036541338,0,0.0105747125371623,0.0546184873746968,0.447341798019254,25.7003623591886,17.3379433402682,3.6933626346397,1.51195542977794,2003,17.9451130346501,3.6933626346397,1.96267325304467
3091,1,658.092649355039,1503532800000,524,1502755200000,20923252,4653.60439560439,1.07105496951512,0,0.0499484895722761,0.127346494576935,0.0659723524254218,23.3733578213729,20.9185122633154,3.30610282309234,1.30058228897404,2017,21.3529931120821,1.52572297835492,1.2471204976264
3091,1,1162.03169921875,968457600000,525,967852800000,420537,1926.33333333333,0.50733615398407,0,0.0108738265006896,0.0431791987027073,0.074336463537833,20.8050504445175,20.066849539015,2.96580114520629,1.91378404448484,2000,20.835533396403,2.05889160111536,1.89200635102502
3091,1,748.160128369743,1344470400000,526,1344038400000,15065038,3544.02469135802,1.07066043144391,0,0.00708652491842456,0.0295636310795919,0.200926727459755,25.4062683833669,27.483031149133,0.954735852370905,0.619022255452195,2012,27.7548090295046,0.781239054834678,0.67365275324793
3091,1,267.676422119141,1502236800000,527,1501718400000,20923917,5051.03529411765,0,0,0.00266200181699557,0.0293324537460697,0.222471496253624,26.3352095708298,28.425233404977,3.70333793148618,2.44863362366613,2017,28.0581980088178,3.70333793148618,2.91422976519833
3091,1,78.480350735313,1469577600000,528,1467676800000,19712780,5729.20833333333,0.126043467537353,0,0.0602160528116258,0.22566433747429,0.269908020646925,22.5627600069399,23.4061233925935,5.81170654743438,2.46410661643874,2016,22.2177153057522,2.29412513712183,2.17671694012497
3091,1,297.337238512541,1027555196928,529,1026864000000,2055830,2947.12,0.155010926684267,0,0.00733727971838064,0.0351643774104445,0.30673353759233,23.9561418197067,26.12676508774,2.43908633434652,1.38236056648388,2002,27.9207926305135,1.78058221630709,1.23717471310119
3091,1,786.609691273082,970963200000,530,970185600000,410603,3037.51724137931,0.671779253266075,0,0.0297674526207308,0.107470866775977,0.320259828198722,16.573345559101,11.1120030384868,3.19066205646089,1.78684900428865,2000,10.1054280767039,3.03605394246341,2.37591519447572
3091,1,121.702806454613,993427200000,531,993254400000,967476,4927.20673076923,0.123614140351613,0,0.0736508983385551,0.158214489631244,0.343692982088234,18.2189450263188,18.4498437832564,4.44195706614412,3.91335797877157,2001,18.0212428606474,4.44195706614412,4.08933869448635
3091,1,1.42726333387967,1586131200000,532,1584748800000,23898832,2986.04494382022,0.00572134651265096,0,0.0264761696140294,0.110199031887919,0.371391631254823,7.75718060236926,8.35098848017236,6.64477754837546,3.83124598365661,2020,8.83492092675482,2.84568852031255,2.6896278642646
3113,1,636.468738756682,1060128000000,533,1059609600000,3416779,3051.09210526316,0.275298240839651,0,0.00256576414670543,0.0380236724260029,0.0533636381298384,25.9011070460874,31.7646156693461,1.83816559097956,1.23843607025429,2003,32.6775444800394,1.45215318971163,1.41811511756657
3113,1,1194.85972764757,1254441600000,534,1253145600000,11585419,1867.475,0.325433827476737,0,0.0148938763208093,0.0501701866059754,0.0702962739494329,19.5907962470927,13.4946261723837,2.90838775662511,1.55295600558948,2009,15.5275725682577,1.6074642102872,1.42219261860412
3113,1,-0.534165543872257,1551916800000,535,1550880000000,22669502,3149.95348837209,0.000426137871626351,0,0.0227901942110739,0.0896190211069573,0.118981694069123,5.01936013483362,4.1328106024327,8.99129908750352,5.07361749560437,2019,-2.28367591532623,8.99129908750352,6.87571910004161
3113,1,675.63676591353,999388800000,536,998265600000,1223620,2166.31818181818,0.506957746364854,0,0.000728951544502365,0.016435131123592,0.234826667685583,23.7595242333436,23.6893982519835,1.60427789130336,1.13132500316896,2001,25.7294452204849,0.88961093590591,0.746417879294405
3113,1,739.325651192371,1185926400000,537,1184976000000,8697881,7368.1125,1.96968087002083,0,0.0347041741985954,0.306258040701454,0.279757363368377,20.7885423660279,24.0398824585809,2.13951484410356,0.832589781852864,2007,26.4838189442953,0.785255746340599,0.671792331756517
3113,1,495.642248535156,1155427200000,538,1154649600000,7519865,7003,0.954242867581985,0,0.016453807818486,0.099302093987721,0.323403589633318,21.7742530651443,23.4046566286274,3.93654420994102,2.7561468171965,2006,23.0612821429383,2.87701648678505,2.471888719285
3113,1,123.350290276023,1001721600000,539,1001203200000,1357286,3577.47058823529,0.481900982996997,0,0.0250861621084851,0.0273627333183342,0.349926354968392,26.4448131006326,19.5930293523965,4.52847875929576,2.0293004271168,2001,19.4907465429868,4.52847875929576,3.50591907417271
3113,1,68.9718831743513,991958401024,540,991353600000,990101,3086.91428571429,0.206767156933035,0,0.120082926998587,0.252746398046392,0.370879393659435,20.3265212127873,23.7852979528842,2.94169019827872,1.39838926288597,2001,26.641536185855,0.526665548816002,0.380248494834588
3113,1,558.569019232856,1378079997952,541,1377216000000,16231683,6422.42777777778,1.40882369014952,0,0.0127743528150747,0.053301303541464,0.376602100445408,20.6417962934524,21.4998046566742,2.76119226701391,2.09352247408592,2013,21.2861703378183,2.28525492874207,1.85084944880393
3113,1,49.6537262531037,1350777600000,542,1349827200000,15329802,3478.98404255319,0.0834533838515586,0,0.0165234044375193,0.0999615235664335,0.405866302962352,18.137915016517,14.3836121351724,4.10315386042439,2.74104949772612,2012,13.4604017014199,2.71369543750999,2.23368837624546
3134,1,951.860924574908,1564790400000,543,1564358400000,23051160,3224.74705882353,0.521904460822835,0,0.0132531187939126,0.0328782558950741,0.143753696894968,25.6650006115982,25.1093537075068,4.63193135138962,1.75615935004952,2019,24.8496220644782,1.45288277009852,1.10906639078615
3134,1,79.962615887324,1350518400000,544,1349049600000,15322870,3343.29896907217,0.057400167764475,0,0.0202528294648801,0.103966575492074,0.453250552242037,21.5878343009731,16.4681842324023,4.03620571811679,1.91932835478927,2012,24.1479230094202,2.7275189326717,2.64773984190347
3155,1,1068.34665909733,1282867200000,545,1282176000000,12659395,2186.42857142857,0.589827192835061,0,0.00224841610151741,0.102168057851395,0.083146574890957,25.5214751111259,21.1573848980025,4.90535907274017,3.5166251625586,2010,25.139329559084,2.84750354737913,2.58987143090867
3155,1,179.808423995972,1381276800000,546,1380067200000,16383046,3800.13888888889,0.662853294983506,0,0.0118894139465206,0.0141019437078565,0.122504460638556,25.2494492288131,21.4712927547502,4.63381720057014,2.34177223151007,2013,23.883129868684,2.20812945636128,2.11362878071607
3155,1,48.8704164293077,1088812800000,547,1086739200000,4639575,4438.6043956044,0.346525391274028,0,0.0647107531915695,0.174957704695214,0.185456033590296,20.9980162425708,26.3447145633909,2.34598577933634,1.42937122544882,2004,23.9348559948988,1.15772205537231,0.833169229189732
3155,1,1124.72154058412,1156550400000,548,1155945600000,7562784,2060.97674418605,0.263835672029229,0,0.00246447851467595,0.0386060269858316,0.2108732320357,22.3750606541636,22.8304904146712,4.22814719817532,2.87986226169419,2006,21.7909704282303,4.22814719817532,4.19442634339894
3155,1,1007.00438489412,1511654400000,549,1510099200000,21308601,2273.47402597403,0.228957948421961,0,0.0279392862595142,0.0309475296777565,0.210995772201473,12.1791158943831,7.81446196173016,5.02810126430843,1.37075409345009,2017,7.08742638212266,1.24042248478549,0.93989917909433
3155,1,4.03084760348002,1319414398976,550,1317513600000,14112878,5591.69594594595,0.00793655993416905,0,0.00160824625704467,0.00220274921408906,0.400293519526821,26.5569306977878,23.6599855227981,3.03522336356168,1.93925562444692,2011,24.5302129058151,2.32607208961657,2.21317525883275
3155,1,198.606490905026,1188259200000,551,1187740800000,8866435,4007.3734939759,0.944636079172293,0,0.00626202098910297,0.0848511917024557,0.434224549207382,25.8591478839751,28.1050282218438,1.23573419784799,0.710867234427992,2007,28.8085525328854,0.736126488327732,0.547879996057642
3177,1,356.156545066833,1627862400000,552,1627430400000,25343733,3531.72151898734,2.00422706323511,0,0.00283994879011356,0.00588746213255962,0.167059251599009,27.4732094398531,29.7875386995941,2.94895723334088,1.81583020179691,2021,29.4524133988072,2.94895723334088,2.82196576992139
3198,1,147.01134659408,1218672000000,553,1217116800000,10043933,4236.92105263158,0.179834206963514,0,0.0373698789860446,0.167114159117088,0.103315197622407,22.7912963476794,23.3093657408174,3.15103310817132,1.9857657554281,2008,22.1122298525091,3.15103310817132,2.77145995464389
3198,1,20.5506439405618,1469232000000,554,1467676800000,19713844,4961.375,0.0999574597502492,0,0.055295882790072,0.217973468668196,0.175604205690607,23.0928349671541,23.7122949165211,6.38375955305965,2.66963208880964,2016,22.9884710735745,2.33712714041719,2.18581220106211
3220,1,938.441450639205,1284854400000,555,1283644800000,12809702,1911.50568181818,0.251937045631084,0,0.000598643621635117,0.0530219458210391,0.0933713342980388,26.1757264335833,21.3127289897264,3.53083794859871,1.82675000934391,2010,23.6684495983702,1.53899291239258,1.50989459057608
3220,1,164.061775656307,1060041600000,556,1059696000000,3558639,4634.23529411765,0.269696756320841,0,0.010309661112304,0.0258525050922874,0.153273355067265,22.2268332337217,31.126336442536,2.05490177488535,1.46408683465571,2003,33.9668570013608,1.5060607502288,1.36953518036952
3220,1,5.7547607421875,1506297600000,557,1504396800000,21094832,5348.94444444444,0.00779168307781219,0,0.00926865164955299,0.0800496857660882,0.160250280849942,27.5208163782118,24.7097691454559,6.11651869229978,2.51653592680193,2017,24.2965111273307,2.16206507995325,1.44638750155243
3220,1,760.404433306526,999388800000,558,998179200000,1223601,2282.73809523809,1.04435829204672,0,0.00089423841751365,0.0198912751649052,0.248877620588344,22.4112073166823,22.3647298076165,1.59994531877705,1.07546375804145,2001,24.5710563326639,0.595250490887917,0.4816613301431
3220,1,667.294611612956,967680000000,559,966988800000,274705,6926.02380952381,2.57907711040406,0,0.0259441369757273,0.0915653603872175,0.270919320536211,22.5171145996313,24.3551016328196,1.07993957658069,0.477898956167731,2000,27.0393133133177,0.295153708985592,0.250031427098552
3220,1,470.257213245739,1186876800000,560,1186099200000,8866133,5763.44886363636,2.09380586111723,0,0.0121349618227943,0.167533185448038,0.302356585428897,23.3979687236737,20.1682319352122,4.16880171856422,1.9176363376235,2007,21.6119730920503,3.05725385894663,1.82810346478594
3241,1,110.097485012478,1065398400000,561,1064361600000,3730979,3533.12962962963,0.288064421143061,0,0.00202494382126648,0.00606358238100831,0.0531906553848341,23.0643035305301,20.5859420683385,4.57466668889067,2.35092520023677,2003,22.279769547388,1.27456796313017,1.10533591147125
3241,1,220.707106672015,1251504000000,562,1250726400000,11406286,4865.43452380952,0.906418245850187,0,0.00327041280481108,0.0183747122990566,0.139059783089452,26.2376223849811,24.3229132788522,4.609431482678,3.0329990389244,2009,25.2494892816695,4.609431482678,4.22799005617268
3241,1,1016.00014401554,968371200000,563,967334400000,300708,2186.58241758242,0.399501566806536,0,0.0278124988655817,0.0709480948057898,0.299881869129888,24.1022057852508,18.7409119380028,3.10038790055119,1.83319821270347,2000,16.7297730491275,2.70067687611421,2.50032659258888
3241,1,9.68493922213291,1507420798976,564,1504828800000,21095625,5884.27717391304,0.0231123877332566,0,0.0124160561698952,0.0865283900096772,0.324182896150196,25.8947099060587,20.6025336134931,8.67282187109435,3.29989571908826,2017,22.3122347043909,2.52537113749677,2.10566055222953
3241,1,94.9104378882875,997315200000,565,996192000000,1121596,3460.98924731183,0.185989626069018,0,0.01594099154892,0.113569894712715,0.436939288653262,26.3787115689532,27.7227111450171,6.12306356751357,4.09549845175352,2001,29.6178389224528,2.29836480265931,1.88556384442559
3263,1,406.451736638575,1402790400000,566,1402012800000,17149808,1075.99382716049,0.166341524985101,0,0.0427286230076002,0.063776111527004,0.180578653099336,21.6528631854719,27.1573104426694,4.06320374579685,2.11732162100346,2014,27.6662355815432,3.2683077540347,2.2690215317172
3263,1,70.79404296875,1562025600000,567,1560902400000,22976795,6440.99504950495,0.0643925342708826,0,0.0794838724871112,0.149621734450186,0.255848036533897,22.9019187762361,25.8839393530293,5.41675736164847,3.01177934414201,2019,27.1869304512201,2.61631603181609,2.51578433186575
3263,1,82.6714815412249,1349568000000,568,1349049600000,15322757,3298.80952380952,0.00912850655038797,0,0.0297469740989728,0.0819203362675049,0.275072490082231,21.2350565824559,19.1852639853549,3.05465922523428,1.48791008325153,2012,22.7072702105083,1.18587349136679,0.832371641079245
3263,1,970.141535317026,1064275200000,569,1062892797952,3750776,2002.83950617284,0.16967459786229,0,0.0251847467514669,0.0261960108565258,0.368531709430811,22.4983558321576,17.0341817194196,4.68496905194359,2.60324672084893,2003,13.655435361195,2.42748684023712,1.98922281016089
3284,1,0.46565957839896,1412208001024,570,1410220800000,17525884,6567.58641975309,0.00529605629513176,0,0.000533435841818684,0.00157756487061244,0.0214730044101521,27.7220688581245,25.9932258562002,4.34088182534984,2.65572575924309,2014,26.2143250014066,2.29780342961309,2.28803117330822
3284,1,782.810535249256,1625529600000,571,1625011200000,25215538,3134.05882352941,1.39913589471862,0,0.0438471236575815,0.168766651484133,0.0292575331950689,22.7218860271535,25.9313364525804,2.33559477885543,1.56646285501207,2021,27.8339646283318,1.76123484595216,1.22549316990924
3284,1,665.355815089026,970272000000,572,969235200000,413464,6576.68604651163,1.9096882107646,0,0.0134426104848089,0.033680163182449,0.0402960266219508,21.0401209126057,17.2157127066461,2.1921701087441,1.21448088297257,2000,21.4375396358874,2.1889562146478,2.11884202358838
3284,1,377.114950947378,1437955200000,573,1437523200000,18402153,3497.95977011494,0.831233593581737,0,0.000408184790423027,0.0649643080633686,0.200490853362995,25.7012804102015,27.2817137290692,1.4188804310392,0.890072923404589,2015,27.890904870892,0.588121677517824,0.462805285065871
3284,1,297.019548918072,1062633603072,574,1062028800000,3558896,6545.8947368421,0.715695368616205,0,0.0099844546789515,0.0247557637089975,0.417121921184558,27.2842881598309,22.2790625105592,6.18569156879282,3.41063242643612,2003,25.0646969008865,2.04807557537445,1.94205853816033
3327,1,639.387403270866,1127001600000,576,1124236800000,6335773,1863.48717948718,0.0967619661477548,0,1.29216264781462e-05,0.000328357760498495,0.045727565444453,31.5843528653953,30.4229230709317,4.91318642767219,3.46547932335079,2005,34.3918416373751,2.5903657287754,1.89756532486774
3327,1,7.57227794429924,1381622400000,577,1379894400000,16383150,5681.51265822785,0.091745803816409,0,0.0152857622624409,0.015443373954605,0.188804811895248,25.7791342274095,22.5311952930103,4.29360213295034,1.87937157498811,2013,25.0801866837192,1.69345913954749,1.24430136931917
3327,1,75.9019098618451,1415491200000,578,1414800000000,17759089,4083.75903614458,0.404553633577683,0,0.0385708908616036,0.316567140368325,0.26998682718617,18.4686189618131,12.207834493832,1.89075121382653,1.03442839950717,2014,13.7719865952151,0.53205747917697,0.373415852514065
3327,1,1030.2663333974,1437696000000,579,1436832000000,18404092,7567.76063829787,0.898709020081987,0,0.0478997868541871,0.220980930225516,0.333421616417915,16.0825644725321,22.7718547557877,1.50529029891984,0.770755682885454,2015,20.830253997424,1.50529029891984,0.881892051272927
3349,1,796.878522699529,965260804096,580,964396800000,186027,4849.81460674157,0.657629033719951,0,0.00636931159177886,0.147325481362695,0.0794198048666067,20.8716659231579,21.3167448830814,4.77087395732377,2.56238498643464,2000,16.5114357916157,3.17325054742722,2.95087429375737
3349,1,1460.86021839489,1200787200000,581,1200009600000,9453970,4658.51948051948,1.5739900748451,0,0.0547338824631516,0.132943461433013,0.188299375991029,2.89190436396382,3.63985201187467,2.87169123703996,1.53375046582364,2008,1.53593784844213,2.4366309966262,1.53277083810207
3349,1,103.793289478009,992390400000,582,991526400000,990071,2713.77215189873,0.459135367320134,0,0.185034529803331,0.378998248638096,0.190154654713329,19.9872166674236,24.4870000082001,1.77458974063175,0.832949199973833,2001,24.3127586396938,1.52899296356981,1.28049820484264
3349,1,182.974607987837,1337817600000,583,1336867200000,14737396,5282.20689655172,0.796456326137889,0,0.0289840155619042,0.0998374086752385,0.227713458258074,14.640272815261,17.5244276621637,8.78118797050048,3.65044317958446,2012,19.8196985843995,2.86067238332475,1.71689434794074
3349,1,49.9262943857724,1634688000000,584,1633996800000,25661818,3661.25257731959,0.117458072519794,0,0.0488085596322519,0.0797855898521707,0.306221744551183,17.1746006455481,10.4559724371503,3.57822724872864,1.78767235907305,2021,10.712073098671,3.56361308011815,2.6706543200367
3349,1,1090.21731471012,1502323200000,585,1501113600000,20802674,7741.03157894737,0.591195592441057,0,0.0684543162727502,0.295278987688668,0.318282600208555,18.9455813556248,22.6338266299064,1.70557150749263,0.856966702405227,2017,16.9545018313224,1.45644917312496,1.03255390618736
3349,1,853.39876238505,1629936000000,586,1628035200000,25434227,7653.92105263158,2.04581780421237,0,0.0515619739690801,0.162181587737632,0.419933501154966,24.3556341690468,24.1316414435159,2.1179672064378,1.05214228656789,2021,25.8809520353351,2.1179672064378,1.79966061681768
3370,1,292.048555528795,1349481600000,587,1347321600000,15234950,4985.35135135135,0.992799066208504,0,0.00468323351449523,0.0350599779597779,0.0377336574717358,26.079393657783,24.3647391475909,2.7280344904,1.69726001698829,2012,25.0832343797426,2.66358922656828,2.60240254111479
3370,1,259.799224350479,1060300800000,588,1059782400000,3558677,3665.9347826087,0.271614748698014,0,0.00155364128613594,0.0132841692594986,0.188487050665506,24.8064144077453,31.3619707016719,2.73266871311588,1.11485175289506,2003,32.0746190223142,2.73266871311588,2.05852135040913
3370,1,315.100533040365,1060387200000,589,1059696000000,3559726,2744.16483516484,0.0314468622207642,0,0.00236249073429339,0.0384465533222974,0.205711345251316,28.5075694230098,26.814470258223,3.47722000574105,2.46835311641393,2003,23.3820780093853,3.46902593691971,3.1030582671558
3370,1,599.382541232639,1152748800000,590,1152316800000,7460595,1618.5,0.0642972083555328,0,1.88453670801891e-05,0.00345027725611573,0.316177512952847,30.4813828896104,28.9096785826611,6.37798749079318,5.4779701873908,2006,29.2424191753561,4.98937790541351,4.62131495409545
3392,1,345.421615275931,1559088000000,591,1558137600000,22919724,4305.23404255319,0.266708332173368,0,0.0180136315770092,0.137415036231851,0.0134710596184403,20.0020599162326,27.2434774601713,6.04017705996556,4.27519812614091,2019,22.9090444727147,6.04017705996556,5.35627696987388
3413,1,1.69927299022675,1080086400000,592,1078617600000,4376827,2626.81651376147,0.00579258611563731,0,0.0853024586958755,0.255292911907677,0.202044032858431,2.63431656586141,5.61108504362426,7.11819844893446,3.80279950686663,2004,0.980600655115381,4.08363889074573,2.5122777330412
3413,1,76.5092990272923,1501977600000,593,1500163200000,20837790,4096.05319148936,0.0596926258190682,0,0.0413685680799039,0.145749162071811,0.241626606866552,23.1779711143909,26.1273233778933,5.22211697652476,2.89802119458193,2017,20.9032043876378,5.22211697652476,4.35303519001456
3413,1,1018.53742595295,1029628800000,594,1029110400000,2269234,2036.31666666667,0.317690541783532,0,0.0343338259505828,0.07216839708033,0.317936936290534,23.7425433483603,23.3386572883243,2.89638621424345,1.75496304687761,2002,26.3524686177572,1.75509201719783,1.67007135330244
3413,1,204.453251382579,1282262400000,595,1281139200000,12619563,6646.39130434783,0.521006274482478,0,0.00782813750544906,0.153685259522567,0.326778480563729,21.147731137376,21.1666197940677,5.65203588804868,3.20787155355664,2010,24.2200795242752,3.36262281876992,2.01248320192789
3435,1,170.613467206012,1026604800000,596,1025222400000,1968717,3724.67032967033,0.349140216688533,0,0.0178669495896834,0.167260481914364,0.0371143024746442,24.9786667811734,28.2709915753763,1.79923749402957,1.06631960141091,2002,27.1738658660498,1.3261902587119,1.06740664543276
3435,1,-0.423546184690631,1601769600000,597,1599523200000,24523015,5841.13775510204,0.00469395187825953,0,0.0530855458413139,0.142070916861721,0.261897365966533,24.9769267456611,20.3668421806091,5.67983480444128,3.51886757450345,2020,22.2208836367342,3.16948109449136,2.53469131727729
3456,1,44.1530516412523,1155772800000,598,1155427200000,7561073,4011.3085106383,0.114406472692887,0,0.018216856552532,0.118035109005601,0.0793610445144856,24.5038190139047,28.1667069329155,5.53807419941995,3.92710270558247,2006,28.2919883680932,4.99732597383025,3.14895305496217
3456,1,310.376058171304,1503187200000,599,1502496000000,20923834,5524.65168539326,0.976234715183576,0,0.0161267327770384,0.114104762281844,0.46497117627442,27.3452869740203,27.5510709299825,4.53541024844294,3.03450276918996,2017,29.2479799649243,2.29449837382337,1.64603457356887
3477,1,432.984972805447,1624492800000,600,1623628800000,25215063,3450.28333333333,0.473689292536842,0,0.00673234673199856,0.088502101607259,0.0794381790813046,22.047683163897,20.5007197755756,3.04479493160799,1.83090913100954,2021,26.2583366394044,0.671781721749931,0.586444265009457
3477,1,442.347871013891,1315008000000,601,1313971200000,13820412,6268.96698113208,0.867034147832995,0,0.0908858656431145,0.20474934448976,0.243290701059738,20.9498672923395,24.5111866713378,1.10082881787351,0.583565601224944,2011,25.2871301722977,1.10015439817356,0.686650228521955
3477,1,5.50489900730274,1161388800000,602,1159401600000,7715441,6188.57407407407,0.00682821495596457,0,0.000236275951447069,0.00130298287353401,0.379142146470029,26.4588577142895,24.4645329141813,2.89129682313349,1.95549690330303,2006,28.9358918413704,2.89129682313349,1.85265486388724
3499,1,679.547537296376,1376784000000,603,1376006400000,16231759,5470.54301075269,0.604104594347325,0,0.012767928425184,0.0601027501926663,0.241489229493153,20.5882310681405,24.2588594115336,2.73607356858994,1.66874996566744,2013,24.04978231683,1.99892074176051,1.88532558627912
3499,1,43.4246388124616,1219190400000,604,1217289600000,9992764,5326.92134831461,0.0332675751591666,0,0.0193376611434304,0.107770548728332,0.288476453925499,24.1669828348244,26.0698175098896,3.20629777588902,1.9238065588091,2008,24.3376699661941,1.97080035180311,1.65814584509594
3499,1,250.497824707031,1570838400000,605,1568764800000,23326902,3537.39,0.204033053815365,0,0.0017810532906384,0.124984682803778,0.289885748685875,22.1618969464046,15.6339247375489,4.146985622261,2.29363641972234,2019,18.9178983942668,1.66423505983005,1.18964762348706
3499,1,1441.98895928411,1123977600000,606,1123286400000,6251827,4619.26732673267,1.17807290577652,0,0.00900720956149781,0.0696814289048808,0.463807789222353,19.8608092978247,21.5303836318919,2.21396654423447,1.39006462907893,2005,26.2110078478017,0.805733839495585,0.679756448585897
3520,1,1182.34380211991,1219449600000,607,1218672000000,10210364,2322.86666666667,0.548039045896423,0,0.00017451402196329,0.0165462917921398,0.123772071309934,23.258078004297,25.6302607670538,2.50389742396311,1.37888172131735,2008,23.2266530990601,2.50389742396311,2.21407232957527
3520,1,717.68603515625,967075200000,608,966729596928,275730,5816.88613861386,1.78245103359222,0,0.00814056992589293,0.100422585868919,0.223474588974437,21.3597542986834,26.3244626426068,2.32312235058559,0.886781723968522,2000,26.7187048587862,0.497662723597767,0.489588483021063
3520,1,1286.11253986884,1587168000000,609,1586131200000,23973116,3820.26605504587,1.28982242859832,0,0.0545469561874667,0.16558477625276,0.226763593027558,1.21211376034017,6.74182504623872,2.42587638509905,1.3316635487795,2020,5.60816352797582,1.65526673209636,1.63255036522771
3520,1,700.69512185086,1091836800000,610,1089763200000,4720632,5321.74719101124,0.881547262159626,0,0.018133550105023,0.110235763715037,0.424542105127844,18.2497606303659,21.0684917315651,2.29330209119017,1.39490868004039,2004,22.0172888480768,1.61308064444858,0.951514029462803
3520,1,7.00359525071814,1255219200000,611,1252540800000,11584235,5473.0752688172,0.0108389406504625,0,0.0228322703277209,0.110982714827506,0.457687562418247,21.7700795731912,17.8837884293662,5.2136665666733,2.59716986571063,2009,23.4147853591537,5.15942631010163,4.6062347245518
3542,1,430.85140114269,1186185600000,612,1184630400000,8696484,2797.10344827586,1.03394596604095,0,0.00637720873976847,0.0638945717263998,0.0827745795108229,26.1393634394211,29.4523722246881,1.46321711176172,0.924493160244255,2007,30.3183617887826,0.86502592873946,0.688238904336355
3542,1,744.628105612362,967248000000,613,966729596928,274855,3139.46470588235,1.00855412623462,0,0.00505905149342793,0.0402623841729632,0.145972981066102,25.9641546120304,29.4180964814515,2.28028432390498,0.972410711196847,2000,30.5848136041679,0.893315947632941,0.851517606058054
3542,1,1.82071820714257,1507420798976,614,1504224000000,21094607,5763.38,0.00766012340906368,0,0.00766745678402998,0.0693148886459143,0.229888227068068,27.7876409346057,20.5586109121223,8.05743080098154,3.38558760470539,2017,19.7601287460327,2.8608951236958,2.56744246742465
3542,1,381.020490180121,1471305600000,615,1470441600000,19814809,6339.76923076923,1.24728616442945,0,0.00875527187039327,0.25030431918117,0.341132638818325,23.3599991869733,24.7838143920645,4.46011211854571,1.99937447264703,2016,27.0019919594566,2.92424506808766,2.65355577944556
3542,1,250.177748377183,1539129600000,616,1538438400000,22276196,3599.79651162791,0.487999106154722,0,0.0695534706774346,0.175119149784751,0.464131806631875,21.5002701880088,16.7950025123117,1.2346376649715,0.833780268850957,2018,18.0214408194371,0.592876972024692,0.561819047987007
3563,1,76.5286367164468,1600560000000,617,1599436800000,24497464,2886.25,0.141999423925607,0,0.0359685446206109,0.164796593456855,0.00324138232753168,25.5657496392159,22.5581631268881,4.02951620629767,2.58789987676899,2020,23.815936366867,2.09486035332153,2.01844950044639
3563,1,288.23450503142,1562544000000,618,1561420800000,22978016,4069.38586956522,0.614981849556384,0,0.0110476721574351,0.161400562402809,0.148681993772203,24.7515979115904,26.2059762330776,2.98992554113315,2.32353459759312,2019,28.5146378282188,1.95044249713733,1.81690862951022
3563,1,473.541901687096,1190937600000,619,1189987200000,9059070,5339.23837209302,0.686709453319681,0,0.00498720642932963,0.0170204478495189,0.195694871554178,24.9903155545051,23.083140751989,2.7843663588406,1.24332250729861,2007,24.6079103662062,0.814483932964062,0.610082046807206
3563,1,338.336740908415,1565481600000,620,1564704000000,23182974,5090.15217391304,0.710437277088995,0,0.00185857192381487,0.0723790229617293,0.229878592089381,29.1716283859746,32.063423306009,1.69292139844666,0.831352845388159,2019,31.7898206075032,1.40271918257089,1.15370777413758
3563,1,923.752100569479,1375920000000,621,1374796800000,16113242,4340.81460674157,0.950544783238615,0,0.00624086064688153,0.151448865824403,0.379459438807421,23.4127558249809,26.6425687420489,1.83896612120861,1.06647714524522,2013,29.0016082635087,1.18519749009164,1.05323752399333
3563,1,1219.31584983648,1343433600000,622,1343260800000,14928733,2653.32558139535,0.380293203994285,0,0.0144091460831689,0.0504312425165675,0.395680023089058,26.237092746567,25.28556705741,2.7459641546859,1.8456682071725,2012,26.3929147675981,2.7459641546859,2.17768058217549
3585,1,997.587545643682,1625443200000,623,1624233600000,25215334,2018.03804347826,0.667920599813047,0,0.0190699284005981,0.0685986197588606,0.00803578294280849,23.5772505374533,30.7794605642126,2.58605433004217,1.70807290027621,2021,30.7539110377216,2.03300715018293,2.01615440761711
3585,1,1427.24853269018,968803200000,625,967161600000,274169,5705.97474747475,1.26364259406774,0,0.0140845694727682,0.0831311031063736,0.0983198293226784,16.8524304846231,17.2305829317884,1.86382517859169,0.94165264579673,2000,14.4485434207853,1.86382517859169,1.42349859456027
3585,1,190.026853823194,1001376000000,626,1000684800000,1357281,2519.12621359223,0.185304393955306,0,0.0018460691995374,0.0079191743569449,0.116984126548882,22.9520381127834,19.5007255989029,3.2381874032215,2.30690477214798,2001,22.5233835275891,2.23007280592871,2.03659845409336
3585,1,1076.72741699219,1318896000000,627,1318291200000,14093243,5104.01546391753,1.13683915138245,0,0.00822827106853091,0.0928663418985976,0.166623677745547,17.6109992651049,19.1218900175848,1.02850572166166,0.528609973546716,2011,19.735382160698,0.505337256638247,0.498602099017226
3585,1,554.664450970818,1220400000000,628,1219622400000,10144080,2378.44117647059,0.945078935342677,0,0.00175665720618659,0.01713790700244,0.229364964707245,24.9400676210949,22.6006961613076,2.05604682229407,1.3020960800896,2008,22.9214084849639,1.99109113050671,1.95396094685377
3585,1,716.485815310011,1378598400000,629,1377475200000,16231758,6202.0931372549,0.806381621197158,0,0.00637659888697579,0.038924923891389,0.233368623030227,21.0313202901604,20.917753244181,3.25822073035778,1.8858567575462,2013,21.4061879226584,3.18945607272294,3.01886587477507
3606,1,1086.75734355662,1255132800000,630,1253491200000,11585096,2251.02475247525,0.240739243750525,0,0.0145349337247478,0.0716031509284568,0.0186323862745487,17.2950534872135,12.8007119150445,4.70373964496616,2.00624418847763,2009,11.5151495565282,1.06509403250403,0.892386025899416
3606,1,750.043457654058,1060214400000,631,1059523198976,3416714,2899.23711340206,0.332618253267541,0,0.00374158668422515,0.0761358829815336,0.142944863672984,25.0882317989826,29.0978650855217,2.24816141289131,1.41851707512395,2003,28.5493920401609,1.63598441740781,1.28950036225546
3606,1,95.1638135556821,1349568000000,632,1347926400000,15216103,3692.91666666667,0.245403740382581,0,0.0287997950160477,0.0724989495580525,0.155761274610897,23.6628435050573,19.5630114979214,3.40600662371296,1.58213941671212,2012,20.8593988724696,2.12722289806664,1.22371122308273
3606,1,1231.34199662642,1254614400000,633,1253059198976,11585021,2442.76966292135,0.43431964923035,0,0.0184780686447692,0.0880455042444072,0.29214147934673,17.3810805533782,12.3298211436664,3.24343698712278,1.76195405614101,2009,13.6742880324746,2.78441776084077,2.33572537822229
3606,1,49.4370049670734,1157241600000,634,1155859200000,7560426,4874.71681415929,0,0,0.0066911987965994,0.143513892286601,0.422723103296881,25.529389838363,24.7706073915878,5.8950054939221,3.5404799099331,2006,26.8441478858656,5.28592318710359,4.69608861928254
3649,1,3.25468377237735,1254787200000,638,1252108795904,11583904,6111.69565217391,0.00819057007117764,0,0.0307486215250809,0.107375634523866,0.374123307159958,21.8753712934554,18.6021274772244,6.08655721566122,2.98343103956688,2009,20.7312884261643,2.97559124630212,2.09348668498758
3671,1,760.029970074644,1248998400000,639,1248220800000,11265614,5726.06930693069,1.45860471524815,0,0.00295439564822395,0.0588124013640915,0.0696040033469051,21.2646518203685,21.6156920159218,4.43883048717372,2.04393259163952,2009,19.4057230549677,4.43883048717372,4.04940243623932
3671,1,146.619004022507,1219190400000,640,1218067200000,10141271,5456.95238095238,0.105962035556634,0,0.082922613847427,0.173261142605303,0.164393028203165,22.8284227571424,25.0878076873399,3.76317136828651,2.21731693823462,2008,21.2511320628818,2.35420388354918,2.27143795916121
3671,1,837.210489126352,1281484800000,641,1280793600000,12619640,5586.90384615385,1.4016594680456,0,0.00998192204980752,0.160337973782632,0.276501753223272,21.6876149129434,23.8327439832552,2.30542794076587,1.57938155088861,2010,22.808205027458,2.0171531709971,1.88627005721875
3671,1,1467.75506184896,1347062400000,642,1346198400000,15065755,5949.93333333333,1.58759945347196,0,0.0193533934756734,0.122808673160539,0.338653392180374,18.6543551728718,17.3032157347488,2.03009269676957,1.11724722450269,2012,18.4983404795329,0.685032606944264,0.51669784641744
3692,1,1186.7532089058,1187913600000,643,1186703998976,8904063,2389.50581395349,0.560775005954436,0,0.00176804176585999,0.0317146790231318,0.198743864095464,24.9420394989036,24.7662646655888,4.23321477584159,1.75863567958183,2007,26.2423411997714,1.58564393795893,1.08637119072927
3692,1,1032.08932627802,1605916800000,644,1604102400000,24647135,2529.86813186813,0.351856670301893,0,0.00211010415813942,0.00301893004718175,0.207010657404658,18.0050762321204,8.19209742690578,4.42970887290199,1.37504442300043,2020,11.7266091315301,1.50256304003968,1.34271811863922
3692,1,302.358643356635,1218585600000,646,1217548800000,10143761,2549.10101010101,1.36243464630477,0,0.00843034875939403,0.0821435022394011,0.304042157087566,26.3220224001593,28.3092551942997,3.62689362478701,1.67792418807309,2008,28.7313440181591,1.01872442131332,0.92629554346064
3714,1,145.861083984375,1091232000000,648,1090713600000,4720744,2989.99484536082,0.358923758069674,0,9.60653773969439e-05,0.0572522746381721,0.330924255216325,27.1211514008688,29.3668552192684,4.32408213471336,3.05450988245573,2004,33.5691403641324,4.32408213471336,4.14183876965364
3714,1,187.824918926887,962928000000,649,961545600000,121674,3714.3679245283,0.808825671672821,0,0.0259668473340787,0.127853478048097,0.370916971695379,22.8470499941485,26.3877748851374,5.09264327648569,1.9650359945082,2000,26.0186654840625,0.316722973596998,0.25720384755312
3735,1,813.175609499909,1156982400000,650,1155168000000,7610839,1567.27906976744,0.312053368188614,0,3.31172914656008e-05,0.000191127792575189,0.0106361186896846,29.5486446609554,30.7919221004354,3.8511969666588,2.51715272253566,2006,29.9179904582888,3.74824700088533,3.24125180221741
3735,1,241.126354773068,1348876800000,651,1347667200000,15234742,3200.39903846154,0.102879973345445,0,0.0126626270527582,0.0505430044832377,0.128182848818379,21.4888573027328,19.3667588421423,5.60648330773293,2.73625621515521,2012,22.6350774862828,3.89954365310472,3.31106172800492
3735,1,469.541380156071,965433600000,652,965001600000,187512,2638.8119266055,1.69183505018917,0,0.00925164250957186,0.0819829929627358,0.307047241855473,23.520834272162,24.4033533028263,4.19418547828957,1.78388883170063,2000,22.2126602826133,4.19418547828957,3.39013369240901
3735,1,580.1377881368,1628899200000,653,1628294400000,25433766,4796.62371134021,1.75998833278815,0,0.00463955489160702,0.0225234585743125,0.311484405281127,25.709889277306,29.5777705087694,2.1028000549237,1.37571095544638,2021,26.9285285189389,1.26254000426914,1.17565035878557
3735,1,1044.86717693622,1331164800000,654,1329264000000,14497117,2977.08173076923,2.52664740727498,0,0.0858571042243132,0.309606676642286,0.437225824104249,-0.817968391879106,3.36166003683343,2.22028036329256,0.882448175686634,2012,0.50563399975124,1.29023887908538,1.18802798167009
3757,1,1070.99008336018,1252627200000,655,1251936000000,11585689,1962.36597938144,0.584549655004875,0,0.000190491555119563,0.0181131736311764,0.0416705507657654,22.3328286521412,21.6026867499831,2.50605077983011,1.41545848660314,2009,22.3058307018477,1.21104620324838,1.02154377851239
3757,1,217.416595458984,1028246400000,656,1026604800000,2057635,3635.67788461538,0.431563913822174,0,0.01157711323256,0.132931448351136,0.0954226663294471,26.5662268548949,26.0672734578451,3.75752374763805,1.16267162371312,2002,29.9464237848918,1.1203532188232,0.995970784790887
3757,1,86.5648190232574,1349481600000,657,1348099200000,15215763,3390.17355371901,0.0279190022742651,0,0.0118089287368339,0.0803526709060858,0.13870599913817,23.9391063861038,18.8794461164536,4.24759104762741,1.94743144429382,2012,12.7948737730337,4.24759104762741,3.82779612371207
3757,1,331.354098740444,1597622400000,658,1597276800000,24423393,1596.66847826087,0.188966929912567,0,7.53849198372398e-05,0.0106386361228817,0.175252951307435,30.8275572879786,29.4843708204187,6.43074190322396,5.84086230871325,2020,29.7588487625122,6.43074190322396,6.27934456413676
3757,1,79.874623260498,1026172800000,659,1024704000000,1968219,3487.78,0.195262560248375,0,0.00254227085914636,0.073321748630795,0.268073100262602,23.7504607752318,25.545052607501,3.49623235254823,2.07223367357325,2002,27.9036916097005,2.88779949170252,2.34776735266139
3757,1,1045.35651682844,1155081600000,660,1154390400000,7562888,2273.87373737374,0.35753719132356,0,0.00100323221600054,0.0587776030867826,0.309664181803829,20.9894913384305,27.090724081945,3.01377341736223,1.85553871719267,2006,24.2766898511637,2.52440107313935,2.07879473378924
3778,1,573.963073143592,1472428800000,661,1472083200000,19814707,3755.33009708738,0.922982746591935,0,0.005866307938245,0.0556761744708667,0.266874190311832,21.367959087972,24.0620922002206,4.39945854953676,3.05333860240723,2016,26.8957595004233,3.81183287551822,3.02082587821819
3778,1,1129.13238884421,1092441604096,662,1092009600000,4917323,2477.30582524272,0.432874444653006,0,0.0153491590305306,0.0847782750670125,0.351425453855293,20.1396220564333,20.1084172714876,2.61347813831582,1.64667377591353,2004,22.6316422440859,2.61347813831582,1.96988561933504
3778,1,471.851518856582,1185580800000,663,1184112000000,8698283,5696.12903225806,2.44490220726177,0,0.00665731526504246,0.17453023130238,0.375853362930667,23.1195018809329,26.054750411969,1.93263602837537,0.632821257240096,2007,21.0961955914788,1.93263602837537,1.53881104555729
3799,1,113.93406563751,1438905600000,664,1436659200000,18442491,4357.2868852459,0.277610942844517,0,0.0429266925259435,0.0934120527940231,0.232356217777114,22.2796654630012,25.3404826762005,3.35268477330611,2.2600812860742,2015,20.4914808731914,2.72610580073325,1.94988608066885
3799,1,570.450268041308,1311638400000,665,1311033600000,13688398,5092.42452830189,0.86763450141265,0,0.00173708699780346,0.171406574023382,0.320982713592263,22.2622182742106,21.4818580654432,1.37119398197474,0.817291211665829,2011,23.8245794452211,0.885746944907212,0.606089049361292
3799,1,789.073887416295,997056000000,666,996192000000,1068461,6069.92452830189,0.729331970214844,0,0.13469848444954,0.261101675646415,0.380990904541844,17.831263970829,21.5866842571976,3.08491266575818,1.8231071504489,2001,21.0347614852138,1.32333552966186,1.30146202330192
3821,1,261.780421164184,1503619200000,667,1503100796928,20923146,4188.10964912281,0.608337082166587,0,0.0286816332620602,0.0684707178826415,0.037956183440245,26.7748591475028,23.1657830792063,4.79020617968871,2.02545305108171,2017,24.2941212380838,4.56903762819149,2.90136025410937
3821,1,160.75647172304,1317945600000,668,1316563200000,13968932,5776.64018691589,0.226238169959772,0,0.121166138919191,0.292077853801477,0.0578400508930812,22.5191109597198,18.8464153743477,3.20934684750434,1.11913816266624,2011,18.6637320283789,0.994719548569263,0.95875792353703
3821,1,1073.28482025449,1157155200000,670,1156723200000,7562856,1963.055,0.413951690539275,0,0.00343217319845792,0.027579722306284,0.189013144782687,25.5743846819478,23.3319248920017,3.79630091281544,1.82658785835685,2006,25.791266225179,2.9296570799704,2.03230537130059
3842,1,1094.09445356889,1253232000000,671,1251244800000,11451602,2242.27027027027,0.87318370829929,0,0.000479272670378389,0.0206585180812336,0.385732802379604,22.638780610575,20.2201642332851,2.29131696547421,1.36636023413447,2009,20.9640124089009,2.08235464427406,1.93847057918673
3842,1,342.777806045986,1627776000000,673,1627344000000,25343683,4706.76470588235,1.53172544795688,0,0.0156957797052138,0.101345916795815,0.45043098653302,28.507221870173,31.0869754392337,3.49204034473605,1.41273431112456,2021,31.0469988953834,3.49204034473605,2.53626270692531
3864,1,1124.98960571289,1251849600000,674,1251590400000,11451518,1783.445,0.172601740062237,0,0.000504699683523029,0.031466493739005,0.166744726949625,21.9643452133671,21.4096030553183,2.45525835754903,2.10834046608582,2009,22.5705470021566,2.39528187291149,1.78407795794179
3864,1,-0.449212431384806,1535846400000,675,1535155200000,22058650,6363.13043478261,0.003375040751212,0,0.00395302888184536,0.0675862412332221,0.262578300999411,26.6186350977158,26.2253202865281,6.46734518485421,4.68282849097014,2018,25.6458711651788,5.20224326285874,5.19602289217921
3864,1,426.539037330863,1599696000000,676,1599091200000,24524134,4350.80412371134,1.9801214626155,0,0.00485958914690548,0.0112048667237134,0.26597039783459,26.4611339198659,29.8938848672454,1.45886233004399,1.00329046990522,2020,32.136207457998,0.959879259588422,0.637619731584261
3885,1,295.808717780157,1186185600000,677,1184803200000,8697776,5907.02293577982,0.67314371247904,0,0.0259175631274424,0.154521621454535,0.0242704856127071,25.3706137525926,26.569434590965,4.31801670979069,1.52187807576406,2007,29.2212018505878,1.75195062107182,1.61492698605665
3885,1,7.21186924402693,1348876800000,678,1346544000000,15233866,5819.16964285714,0.011668044859461,0,0.02450447210869,0.102230030839737,0.0683240541595502,25.2619265390798,20.7487062188233,4.55451383574799,2.33124405092309,2012,20.5457320712861,4.02928104966078,3.55251348104099
3885,1,125.247360229492,1067299200000,679,1065312000000,3865713,5021,0.315598517656326,0,0.0162776753639662,0.0174727594382809,0.152590455891303,24.3654277377659,22.8834366957346,2.88446473717761,1.39874935305331,2003,25.19854221344,0.490844462108394,0.340620664752293
3885,1,1419.63992617546,969840001024,680,968630403072,410723,6236.73636363636,1.65718132530877,0,0.0145549410416622,0.078335764169041,0.169877666609724,16.528666999869,14.0075023782132,2.40000875329999,1.34940984169058,2000,18.2405938870979,1.04851584538956,0.889078683530541
3928,1,97.0987433977024,1164499200000,681,1162857600000,7955773,3337.52717391304,0.440697289282276,0,0.27662066511034,0.396826424490585,0.0316226718193509,17.2522076585796,9.71544335959618,1.9999062352246,1.08127387795888,2006,8.86551576973739,0.896142850486721,0.805023875758308
3928,1,53.1113485790434,1224806400000,682,1223078400000,10471517,3439.94285714286,0.203616448314417,0,0.0496609898264353,0.0796067888792522,0.0686628143086092,19.8524642445801,15.9672481487848,4.69424938091714,3.05063661702828,2008,19.3743111595275,4.69424938091714,4.36619605203836
3928,1,566.504438292306,1282003200000,683,1281139200000,12619551,6699.21698113208,1.43526651949253,0,0.0152072513295535,0.204806350266884,0.151210570680986,20.8214805520217,21.9397183328305,3.33027098306569,1.7043727899287,2010,24.9312445166726,1.38014941512709,1.0377667160004
3928,1,144.881212743123,1309564800000,684,1307577600000,13589966,5968.21666666667,0.0737493110820651,0,0.0452701162465907,0.114475616909527,0.270440717903329,17.2071469064256,18.1961738074268,5.98731929170135,2.81483682445118,2011,14.1923404057821,2.47576865904472,2.42176569710208
3928,1,872.875059339735,1154563200000,685,1153699200000,7416353,2532.0462962963,0.222830164487715,0,0.0104546694890048,0.0527403721573803,0.273188034790559,23.3624280725487,25.64872358046,2.81989133464948,1.93832785796266,2006,24.8699049608207,2.64928417050787,2.28659108803956
3950,1,138.987903872403,997315200000,686,995500800000,1072616,5217.12272727273,0.14817123866894,0,0.0995266387455097,0.255996233716079,0.0651698587160483,22.0976794210107,25.3664935950077,4.08075913949715,2.0674265066772,2001,25.1308742060805,3.24413055901232,2.06278354905927
3950,1,1106.49073775773,1439856000000,687,1438992000000,18544967,2489.22680412371,0.246223265362769,0,0.0136531574616381,0.12073765916767,0.399543333203707,26.9859864486425,24.4681370283208,1.94254892862453,0.900748862090424,2015,26.9024614176799,0.445728056301531,0.339358683293937
3971,1,117.139573113393,1348271996928,688,1346976000000,15216493,3459.99152542373,0.139081190324436,0,0.00512158926289723,0.0431538425865505,0.113064713905008,24.8229316416651,20.0735991766224,6.96730401989112,2.63831225177718,2012,22.5143089951768,3.38582855067268,3.28298535420073
3971,1,1081.83851479584,1062460800000,689,1061856000000,3585905,1806.30188679245,0.296019020507921,0,0.00392208924824243,0.027257753343044,0.208376369327733,22.5298854161528,25.4204696913186,3.1797231965304,1.92089174616199,2003,24.8984146322095,1.77933451679386,1.72905940417799
3971,1,763.949451314992,1186099200000,690,1184889600000,8697751,7433.80603448276,0.336261168122292,0,0.0135664068492009,0.222186802521448,0.218668450552438,22.3098637562603,23.9974970397365,2.35276736326995,1.34028136038989,2007,27.4381182133467,1.8252882421719,1.64735732480852
3971,1,30.1830434714798,993340800000,691,993167998976,967700,5905.16371681416,0.0753430534253078,0,0.0554132671410957,0.186685298402626,0.263684018005246,19.1368065216503,21.1064964988356,4.55158518172234,4.13452084730464,2001,21.6237265983514,4.55158518172234,4.07193096193765
3971,1,398.491407914595,1155513600000,692,1154563200000,7520025,5442.34090909091,0.586543786525726,0,0.0121119677479608,0.0536826182929062,0.290121692931804,21.4982620019252,24.3618263369859,6.63064214993087,2.69736950338453,2006,23.0299341317379,6.63064214993087,4.88418769915796
3971,1,231.93500665518,1627776000000,693,1627344000000,25343685,4618.875,0.406199340636914,0,0.00831140021393641,0.0384619229069428,0.330155198501729,28.713279078557,31.226424300365,3.33382868703356,1.77710847707684,2021,31.7621056581156,3.33382868703356,2.58090016174945
3993,1,304.595576736162,1124323200000,694,1123977600000,6251878,4670.74056603774,0.39793596219904,0,0.0218551340301716,0.0385702515738215,0.309233922314752,23.0353019817289,25.8006097085822,3.86596640905649,2.00886025439444,2005,29.0872955226299,0.942627565840917,0.861047496154214
4014,1,786.287689208984,1471046400000,695,1470441600000,19814829,7136.2735042735,1.72738364852708,0,0.0098437880316575,0.260056574127934,0.0887288933847757,23.366706859854,26.1164652998292,4.48105260519163,2.28696483482797,2016,27.0331213796242,2.93673712806366,2.68137655314482
4036,1,1301.06995221481,1252195200000,696,1250985600000,11451698,2827.59615384615,1.15592831604689,0,0.00179590717943321,0.0265972612738191,0.0246421794353453,21.199435863069,20.3275560916999,2.08657789128526,1.02870817521527,2009,19.3468866935143,2.08306270240872,1.27620491771371
4036,1,28.6268329620361,1182383996928,697,1181779200000,8613546,4769,0,0,0.0035390006566054,0.0616390212826659,0.0926922798321362,21.9999904919696,24.9792305787405,7.42139993310394,3.25216120727814,2007,25.2373745600382,3.43092143254465,1.94225436648477
4036,1,822.994132663893,1504569600000,699,1503187200000,20922088,4630.71739130435,0.77559529957564,0,0.00169629155487682,0.0374335564691998,0.372763580630744,21.4077585667079,20.9126131579699,3.06699315640803,1.68073940459144,2017,26.6154950376871,2.87293525611106,1.76203950470813
4057,1,144.216049194336,997920000000,701,997315200000,1222000,4670.18181818182,0.890792965888977,0,0.0183796660093134,0.0973729693914693,0.197382333212716,24.6342717182835,24.3253508119872,5.93977381646992,2.08822938714023,2001,27.5674981781931,1.0090238281113,0.666033857075684
4057,1,138.572143701407,1410912000000,702,1409529600000,17525679,4549.03883495146,0.877042844891548,0,0.0715423772832302,0.217503642815104,0.286616915753148,27.2489526320754,25.0580817441362,1.95595527254643,1.47391514910402,2014,27.4775933799621,1.95479203582378,1.83464788148547
4079,1,425.47630602904,1629158400000,704,1628467200000,25433828,3646.775,0.875830200284418,0,0.00620493914853,0.0313459390584363,0.289323177065134,27.0317070606192,30.1080010053847,2.8942879104177,1.03319556090495,2021,28.4529278564453,1.78537192735104,1.20568635048474
4100,1,586.539414469401,1185667200000,705,1184716800000,8698281,4889.83653846154,0.857070012887319,0,0.000522854505771711,0.165847852663901,0.376290341747588,22.6601977617313,26.8284658057058,1.17276178682576,0.458484330088096,2007,26.5366546043983,0.3646127757608,0.28071141682098
4121,1,175.360282020231,1126569600000,706,1125705600000,6433684,5025.22368421053,0.389106377036171,0,0.0129219150954718,0.0217321933233091,0.042043308521715,25.1040969657935,20.1586811148823,4.38139248689092,3.18014045323158,2005,24.1583371391073,2.87182990314445,2.49160965640863
4121,1,83.8482772163723,1632528000000,707,1631059200000,25566896,2662.3652173913,0.0830605282083802,0,0.0399414372590473,0.158306532522235,0.127777903270218,23.4657470567587,19.1245955450332,5.23666166437958,1.82694114099916,2021,18.3434011099995,3.09638504206295,3.00138193605906
4121,1,577.106090300674,1064448000000,708,1062979200000,3732816,2296.42592592593,0.670201511558043,0,0.0304222018983581,0.0602776098869358,0.179204617136824,25.9909969231086,18.7417359442377,2.27722929376358,1.23657419021489,2003,21.2615448115785,2.27722929376358,1.84329358375005
4121,1,635.563015136719,1249603200000,709,1248134400000,11265869,4445.7,1.10930366516113,0,0.00216412033763035,0.0692416030154014,0.343723770183907,25.0598416527642,27.7406734734995,1.71013168333403,0.860969209862993,2009,30.5143658574423,1.16611465493244,0.88971315788618
4121,1,11.2369159883068,1443484800000,710,1441929600000,18725503,5633.23983739838,0.011994871641359,0,0.0216802060528802,0.134752771980966,0.369690040646091,25.4104536413511,23.2091235920802,6.33817092844896,2.8783415510939,2015,22.2215886423581,6.33817092844896,5.29647104377138
4121,1,918.594343067271,970963200000,711,969408000000,410613,2790.47368421053,0.263239988842897,0,0.0282269298701251,0.0701834196379157,0.453413536252537,17.3829551279399,12.7872539643546,5.07846357366218,2.28444936399948,2000,11.2207065024572,4.32005954272331,3.45010307516523
4143,1,30.3042267464303,1185321600000,712,1185148800000,8739553,3183.25,0.0197233597471102,0,0.00109639119530769,0.0448153246406905,0.367057127891672,25.8507431787159,30.6297111935086,2.65391623534671,1.8649023350366,2007,30.7871353785197,1.5877331519983,1.47039538488154
4143,1,98.073479130583,971395200000,713,969926400000,413421,4437.84285714286,0.725350252299939,0,0.0261463246157912,0.0345807998397945,0.468539786111012,22.1711103489139,16.441774316818,3.62761000422369,1.55881885101965,2000,14.6704236530122,1.72891481326802,1.55502610217735
4164,1,533.016840569327,1500422400000,714,1499385600000,20802820,7313.93925233645,1.88394819353228,0,0.0488986269279726,0.292149640586122,0.0186241812250577,20.6474799202734,23.1902987214378,2.95953685940054,0.970069191515556,2017,24.626993403925,0.375474692271737,0.358781828636586
4164,1,631.126476287842,1124841600000,715,1123804800000,6251660,4124.92857142857,0.910239140902247,0,0.020200304044689,0.0627929720267082,0.0740924796091159,21.3632776573874,21.9880431905335,2.74751978714549,1.39980111618489,2005,23.142943364098,1.43707294044495,1.31131566261902
4164,1,815.192973340678,970617600000,716,969667200000,411150,2550.73504273504,0.165093819172973,0,0.0189154291549135,0.0510043407335303,0.1818353954382,19.3591357347273,14.9683315994394,3.65723779439512,2.04512786353061,2000,17.2047854437109,1.96743005275809,1.6253505147303
4164,1,876.643907996697,1331164800000,717,1328918400000,14497099,3754.16935483871,2.19102753614022,0,0.0774225876656411,0.275065813321544,0.325851557436056,0.752686135950057,2.78836884781549,2.59963827678577,1.04419642809579,2012,-6.71138637501707,2.05905306640771,1.89407019359803
4164,1,421.252773708767,1060128000000,718,1059696000000,3558617,4168.74770642202,0.271245747804642,0,0.00413965572762616,0.0215758130774223,0.425926362938894,25.1269374538835,32.4467247571178,1.83343676540754,1.33703482796265,2003,33.3349287173071,1.72373546508727,1.47509082687838
4186,1,1097.1138174467,1315180800000,720,1314230400000,13860468,2092.52830188679,0.403645702054567,0,0.00458859225604212,0.0641127907433894,0.36272625800693,23.9078096319731,20.8433235110477,3.51297136894367,2.80860811241801,2011,21.0247779966151,3.41838334821373,3.30040127354731
4207,1,94.9808620605469,1539475200000,721,1538265600000,22163884,3687.656,0.164245263159275,0,0.0369803811682319,0.183105604699195,0.223921916967274,20.4934051234748,15.7066243408203,5.25011814101616,2.81314434491237,2018,13.7810782063802,4.41160079311109,3.18802824579317
4207,1,757.940173557826,971568000000,722,969926400000,410579,2969.02252252252,0.497037689467626,0,0.023244984114449,0.110437666440072,0.253427282124842,16.8332202577319,11.4395012337166,6.07366311684959,2.12617282338613,2000,16.6630473174133,0.610273182389628,0.497053702699637
4229,1,1165.69070999711,1252281600000,723,1250294400000,11451382,2143.06542056075,0.746423957524476,0,0.00697051719896074,0.0523932259573298,0.330076339889346,19.1210992843587,19.2151371398324,4.40296834888584,2.88016414017231,2009,20.2909308002746,4.37408290471585,3.45237762933431
4229,1,558.729182942708,1185580800000,724,1184976000000,8698058,5928.35714285714,1.39598496556282,0,0.00443739757086752,0.1765264020251,0.451710008783862,24.3926393266708,27.5278995763688,1.60800990446337,1.04803407937697,2007,30.0801062629337,0.777499684210312,0.734362855597688
4250,1,4.86379156992273,969753600000,725,968544000000,420697,4422.61165048544,0.0198284105479139,0,0.0133862145771245,0.0152507377913075,0.37680820543339,27.6162993681083,26.0742753066934,1.4954919364958,0.966175953306417,2000,26.1397877307386,0.798124522126027,0.765423719385051
4272,1,1183.75521882047,1059264004096,726,1058659200000,3417190,2266.42105263158,0.264042883650544,0,0.0195963556324779,0.0566290186714018,0.357845541696671,26.6768890180086,28.6898509927196,2.13565530744927,1.10047578479753,2003,29.678874681707,1.36810181648506,1.25918230464212
4293,1,1.04742077340682,1507161600000,728,1504396800000,21094415,5708.97933884297,0.0059405321876208,0,0.00793762762029589,0.0688827321689011,0.247632502371397,27.1304990700804,20.7745180279198,8.39665404555974,3.67926301154996,2017,24.0138083523627,1.8161198609852,1.44706418118938
4315,1,161.926677457748,1155427200000,729,1154390400000,7519773,7028.14516129032,0.281033641628681,0,0.0112239415144026,0.0842969452736849,0.0754678290336602,20.9866289438492,21.1675991616829,6.0179282353401,4.8350224935513,2006,20.5163504877398,3.23728631852098,2.47697912191014
4315,1,482.7681640625,1631577600000,730,1630800000000,25567052,2555.43333333333,0.876237881183624,0,0.00814773620755119,0.0279997000318051,0.081713255209811,26.1226526255494,20.8181706946237,2.55562822839338,1.45668054898358,2021,21.5841717159938,2.11449100991906,1.91516986397748
4315,1,8.94804822421465,1255392000000,731,1252540800000,11584468,5884.7868852459,0.0158670863411466,0,0.0173780343878469,0.0922632540628779,0.149077409648093,21.9537089799881,17.9868159723604,5.68837174571194,2.62955851143603,2009,23.3689474762464,5.07993138846672,4.58767274445514
4315,1,171.431763191533,1160784000000,732,1159401600000,7692989,6354.77868852459,0.180831112755023,0,0.26284603974053,0.377977311657754,0.424613017623119,20.2468603039006,15.7528303746585,2.00582609781444,0.926385585776463,2006,18.3345860694927,0.895917467062402,0.565745307918349
4336,1,245.022906444112,1028419200000,733,1027036800000,2057621,3685.90082644628,0.48599462382129,0,0.0153452058810483,0.0786484000705689,0.257364834942211,28.1318181951294,26.4673061166237,2.06505289537269,0.706079882174967,2002,28.4498489548025,0.72520193013345,0.557750482007273
4336,1,342.246443518277,1500854400000,734,1500163200000,20802793,5333.19130434783,1.15782426124395,0,0.0132807308286767,0.173022800651622,0.272024348342613,23.2476239361526,23.6552365046047,4.57558905343433,1.45185954538916,2017,20.8915243499581,4.57558905343433,3.33628119873553
4336,1,284.991341255807,998179200000,735,997228800000,1223357,6211.21621621622,0.968858654434617,0,0.0120452673919694,0.0884972527970838,0.340530725188001,26.4310945566849,26.2231162770017,4.18543395616087,3.01688836910635,2001,27.993425846959,2.42224758010649,2.41220236851613
4336,1,811.01787620367,1123804800000,736,1121904000000,6083259,6795.01162790698,1.73499035835266,0,0.0269146785983596,0.118858368868292,0.440619268126077,20.8962407443156,21.1363758538442,2.21221731993296,1.22767617539784,2005,24.5272479567417,1.02551009980506,0.734835525223691
4358,1,597.438277253008,1629244800000,737,1628294400000,25433815,3683.83035714286,1.09667407833369,0,0.00567208439876308,0.0291481788297878,0.19438152766974,27.1474557041573,29.7282696496873,2.23341787046341,0.916356685270095,2021,27.838278343564,1.04892344343776,0.938205925749266
4358,1,79.9025227937767,1223424000000,738,1221782400000,10326072,2938.72142857143,0.00349711501642579,0,0.0684385589168351,0.129270718112016,0.250451078236519,21.2086034244473,13.2538845407395,4.25624664271803,1.80922111587405,2008,11.2592349915278,2.63589025995908,2.29815006795787
4358,1,243.737595745336,1628985600000,739,1628208000000,25433772,5090.85046728972,0.72473230874427,0,0.00140013214421639,0.0313081404461237,0.404026297644186,27.2475478183707,30.6529525774662,1.51263014763282,0.771209655693919,2021,29.3116833030249,1.04063628554166,0.699675180784128
4358,1,493.4015460098,997401600000,740,996537597952,1073085,2843.97368421053,1.37271953988494,0,0.00388820067894956,0.0889417669947276,0.411534217334605,24.7748973311041,27.3394833541944,4.2501676946953,2.09329429810817,2001,25.5658708739699,4.2501676946953,3.49197566013844
4379,1,607.274190775553,1500163200000,741,1499385600000,20801565,3654.5125,0.71733261346817,0,0.00481387770454612,0.0356114436695544,0.000226441393589294,26.0370331177888,30.0841998926799,2.16425088927227,1.14811580805191,2017,29.5210509406196,2.13263741160743,1.50909882027706
4379,1,1.37619894136817,1160265596928,742,1158105600000,7713267,6151.94957983193,0.00682308147977091,0,0.0347833007963337,0.134444245190967,0.261377142135787,24.5788316034029,18.6771273407693,4.47803955251107,2.68494112737793,2006,18.674125933714,3.32979582049408,2.81366484716916
4400,1,117.160182455312,998352000000,743,995846400000,1072520,5753.35964912281,0.0964692733857943,0,0.0582834856710585,0.261079503216177,0.431045869309535,22.9647903628285,25.7946220193458,3.93865392435315,1.98047132315028,2001,22.1165959241097,2.28647455630714,1.89044827869044
4401,1,809.720157623291,1123804800000,744,1122768000000,6083499,2680.81081081081,1.71668487787247,0,0.00333223813912151,0.0142973430904384,0.203956458729814,25.0711623071274,24.7626331380455,1.81607543145949,0.850508244168824,2005,22.9662164189794,1.01071498783779,0.978153957276096
4401,1,241.28275754159,1473552000000,745,1472947200000,19955814,4702.16228070175,0.618874931021741,0,0.000186561930058329,0.00186715617527897,0.223124303992747,24.2621812047925,23.9502131693545,6.33349082335418,3.31596807880478,2016,27.7958798525627,0.814579916633313,0.564628607226875
4422,1,106.115402565863,1217980800000,746,1216166400000,9992927,4490.57835820895,0.0740035217731519,0,0.0284914614453168,0.123570674977704,0.015644925723746,25.6575044277691,24.1745041979648,3.29976372740661,1.88854328958654,2008,22.2320911046878,1.88664713238947,1.81716398544471
4422,1,828.369656562805,1345939200000,747,1344988800000,15065744,6543.3046875,0.852166775614023,0,0.0259815474476568,0.132555988745445,0.0514455143622795,20.9979874682684,22.6348876317342,2.54622988520475,1.06226320302523,2012,20.7049683888754,0.833574535441358,0.786590859197863
4422,1,448.482634147712,1505174400000,748,1504742400000,21067128,5955.29824561403,0.838927098871333,0,0.0154799614136378,0.0332605493260805,0.202685959846328,22.4218199386841,19.5947701337045,5.58912403933168,3.6858865953938,2017,22.5129975134867,3.43706594853348,3.08705954872347
4422,1,100.886929960332,1092873600000,749,1090800000000,4721706,4913.72033898305,0.256472420616028,0,0.0349267324912002,0.193936537370775,0.364820002988036,23.8794192204592,22.6895216468768,4.95590326678741,2.15981081034628,2004,24.4177264100414,2.88495122271662,1.5587797198601
4422,1,854.705573647709,970704000000,750,968803200000,410699,3074.89830508475,0.22942102586819,0,0.0140855690196437,0.0393342397267894,0.44051292776617,19.4115270589248,15.381644294081,4.70747753016707,2.08853910691047,2000,21.1111627955895,1.63748043236374,1.17373582227411
4422,1,757.617903645833,1283472000000,751,1283126400000,12619621,5860.68852459016,1.17161644349496,0,0.00544725487536881,0.115616854348383,0.443535419753638,20.7946564103988,21.191810747574,1.54008520435619,1.00539035897533,2010,23.1596319990732,1.46650768719535,1.21274562428916
4443,1,352.303519509055,1599609600000,752,1598918400000,24524120,5591.0990990991,2.39241855794733,0,0.00908747154634138,0.0222069930566469,0.321372593123732,26.0832098124898,28.3048074024138,1.35022599915728,1.02585900666381,2020,28.3250132231383,1.07769496187961,0.983090267605333
4465,1,16.015913216273,1476144000000,753,1473465600000,19957378,6619.58403361345,0.177458897978067,0,0.00462329338942614,0.022578419229305,0.160505352453023,25.864212909339,20.3799432972232,5.04018735364407,2.48422566388398,2016,25.0477540798882,5.04018735364407,4.72292743558093
4486,1,3.29037678711058,1412640000000,754,1411430400000,17524265,4449.52822580645,0.00843117919596513,0,0.0134121058820269,0.0695982872606651,0.0220064114684653,22.4100486302847,13.9631737521045,7.87185260132831,3.67704148908187,2014,17.2727232266498,7.87185260132831,6.08970890910201
4486,1,154.583310687353,1065484800000,755,1063411200000,3731418,6371.352,0.204161094945101,0,0.0826592178158592,0.146600343435609,0.175685207488234,22.9564987005418,17.2482602789308,1.97056242515487,1.05729855742468,2003,18.2961999257406,1.56419981767369,1.09568702853448
4486,1,215.927778259782,1348790400000,756,1347580800000,15234645,3069.36363636364,0.108953858456336,0,0.0113989528164507,0.0526237658081007,0.295020594991706,21.5197881526231,19.5673182124058,5.22774839163444,2.80802938723632,2012,23.5875819492603,4.17835787248873,3.38037244200713
4486,1,2.02631466256248,1222214400000,757,1219968000000,10210458,6318.27102803738,0.0037066294570212,0,0.000198720721897483,0.000672828539046949,0.41065727783789,28.0381784177068,27.0440474170735,3.13909437538237,1.88009069748658,2008,28.6428459339796,2.61270510274933,2.37015361543283
4529,1,604.787265014648,1191974404096,758,1190592000000,9058777,2972.09322033898,1.0766269420584,0,0.00178519485624511,0.00716041735720498,0.115836123990324,24.4691438094762,21.8023713775798,3.08856944866084,1.1388534268468,2007,20.385985019921,3.08856944866084,2.61631667664178
4529,1,308.356563380507,1122422400000,759,1121558400000,6083428,5913.22950819672,0.524388323797554,0,0.00188436487720902,0.0854738006805174,0.124879218494509,22.7404882347649,21.3768221199957,4.01434185332121,2.86874233216267,2005,19.5757628831707,3.61183214512001,3.57589291157564
4529,1,5.84904515956129,1221177600000,760,1220227200000,10362982,3867.72767857143,0.0327079966414853,0,0.00500194566708804,0.0150130675576829,0.47334705016804,29.5156213136314,27.853027121226,1.65859638282045,1.31369359798888,2008,28.3218392235893,1.5927718416055,1.5779694450224
4572,1,230.378287421332,967507200000,761,966902400000,275997,3914.35185185185,0.765719012679341,0,0.0022408804148326,0.0414892139239392,0.00690193791074134,24.0604678117152,25.3635267463732,3.08873881958091,1.6093636518023,2000,27.7991610421074,1.2479716251715,0.974605707138924
4615,1,621.124800583412,1151712000000,762,1150243200000,7337831,1814.53879310345,0.0790017455944727,0,0.000362623164272495,0.0075905523156094,0.00886574941437646,29.2074180864697,30.8837478642567,5.7180850257114,4.18965815659532,2006,31.315123647931,4.20030696555374,4.10705087028658
4615,1,1050.33958257631,970185600000,763,969148800000,420624,1625.83720930233,0.192788212336311,0,0.0085340732323307,0.0134158967280603,0.353663026215033,20.8332264201546,17.660131858533,4.38735979765786,2.30121798569616,2000,18.9370010070406,1.78591117565281,1.01852372132389
4658,1,98.6313556761254,1142726400000,764,1141430400000,7062333,78.2265625,0.410384584834256,0,0.0708072463423441,0.146777241668051,0.0204736738073189,-0.573856258392311,2.89038488864901,3.34934506746885,1.57606126668295,2006,5.33127810160323,2.1858521425173,1.62720533267735
4658,1,368.287038442251,1378771200000,765,1376956800000,16233041,2860.76126126126,0.364134624734655,0,0.00300565894864558,0.0181730143863299,0.191995797205887,25.9721647191438,23.1702779157026,1.68765280515526,0.90185711108852,2013,23.26124760854,1.68765280515526,1.29991544074524
4658,1,291.219428567325,1592697600000,766,1591920000000,24135335,2727.07983193277,0.384882318622926,0,0.0140114961669561,0.107458533533921,0.312552142660191,24.3057319652144,23.296331144381,4.28995406723508,3.26420337182027,2020,22.302791601336,4.08972197947084,3.49109820553913
4701,1,251.091760459066,1375401600000,767,1374883200000,16146448,4766.45378151261,0.784217496540235,0,1.84648839844179e-05,0.0214084487456216,0.2749490331765,24.9421903403644,27.426521475442,7.10305833824054,3.66734071537385,2013,27.5919683285454,7.10305833824054,5.39426581275445
4722,1,1155.33168697357,1156809600000,768,1156118400000,7562860,1763.93359375,0.227421832852997,0,0.00514558382352703,0.0476946146123822,0.368701737033449,24.8997581112769,25.6972581792762,3.05376502637187,1.75865641801277,2006,24.0253377914428,3.01888427096652,2.14947114697423
4744,1,337.802131190444,1056672000000,769,1055721600000,3364117,1798.2196969697,0.134053012102165,0,0.00272285474649899,0.0739774032855648,0.0276144811340537,25.4988159523992,28.3313649469754,9.20511088418004,7.09621882530819,2003,28.8827062028827,7.37092819466033,6.49816853208565
4765,1,491.130962848663,1186012800000,770,1185408000000,8696286,4316.30859375,0.840806572232396,0,0.000107652991346185,0.0917973755790911,0.304282945314787,26.6422167460124,30.968108590444,2.8435461152138,1.77373852064555,2007,30.3107470830282,1.50209247774139,1.45250030969612
4787,1,163.972822062174,1065484800000,771,1063238400000,3731307,6425.78102189781,0.236780653176484,0,0.0893613594139566,0.179420185998478,0.26308481514074,23.4895492103109,17.2332256952749,2.1203720306173,1.1733346783759,2003,19.2557549548555,2.08399129189137,2.02477126441448
4808,1,738.137450225594,1346544000000,772,1345766400000,15064639,3328.57364341085,1.47730406864669,0,0.0259578680913093,0.0796741715319532,0.331692282545559,23.0727151631772,18.8294766561622,5.41219322457701,3.10385990309387,2012,21.6837421984019,3.13042432707848,2.33915305046255
4873,1,839.491247793344,1282435200000,774,1281225600000,12619729,5608.50384615385,2.80596258273492,0,0.00171755496986224,0.130529136432512,0.165133845757692,22.6587804477209,22.8904883203751,3.4023565049343,1.48894422054172,2010,26.5475604375204,0.602017204173259,0.443288651357444
4916,1,42.1728568651997,1188086400000,775,1186617600000,8903374,2720.30081300813,0.109874008395148,0,0.010295126572647,0.0231443398489647,0.0777283193846718,26.4059832165499,27.2862255334232,7.61892504980544,3.32035521683697,2007,26.3001973273049,7.61892504980544,4.5955975847551
4916,1,0.671802336519415,1316736000000,776,1315872000000,13992974,7225.43661971831,0.00413565251949257,0,0.0105206699676278,0.0700830028542371,0.212338505680914,23.2202667536166,22.1256740913603,6.14562378646846,4.20862755749988,2011,23.9280302728286,4.96243033812477,4.89207286356255
4937,1,1179.95219273721,1249084800000,777,1248739196928,11265949,3313.77419354839,1.07268611654159,0,0.0141633698133523,0.0695053514936636,0.227666243733859,26.4769967841418,27.946058704007,1.55296286506171,1.1303301570472,2009,29.4046063966648,1.13750208117792,1.02905792804797
4937,1,568.637493196081,1065312000000,778,1063584000000,3730918,2008.04918032787,0.161944434779589,0,0.00972275060167691,0.0162641588611802,0.326634758903752,23.679758992591,21.0389473693991,4.40803770834875,2.2672919957939,2003,23.5081801951257,1.74900718601772,1.56611201361004
4959,1,9.52426953749223,1443225600000,779,1441670400000,18725399,5774.24590163934,0.0115021086213264,0,0.0175104943093474,0.135964963144218,0.140232574158532,26.1129123888129,22.8775451521919,6.39929812001448,2.94630998406722,2015,21.0622186702458,1.76711112909757,1.40518096711144
4980,1,83.2506402707567,1317340800000,781,1316563200000,13969740,5049.82467532467,0.019573142444654,0,0.0179167738014617,0.154216633686257,0.373874883222684,23.9637800625525,18.7619022270302,2.76187192716969,2.14403281232575,2011,19.5010968724371,1.86658732824254,1.81076855821977
5002,1,3.79026238841395,1411171200000,782,1409961600000,17524089,6038.69032258065,0.0100149115397325,0,0.00268178151414519,0.11856803170747,0.0910815156678673,26.564701755271,20.6585671450161,6.98225873689446,3.58794677269445,2014,25.7887023987309,6.1895064296502,4.69332983064806
5002,1,150.908223320456,998352000000,783,996192000000,1072301,5287.08088235294,0.162076269468183,0,0.0574927221886295,0.203492885552334,0.210335673699619,24.5174931731879,26.9111558025239,5.00558331706536,2.26868792420266,2001,26.3332308339138,4.73561912562959,4.59777460415892
5023,1,535.347677847055,1628640000000,786,1627948800000,25434424,6522.02692307692,0.973512196540833,0,0.00269418121843816,0.0539761222993293,0.426475999656621,27.0227850226946,29.5620082692204,2.60313434329845,1.20628519996196,2021,33.244058970916,1.68963169465526,1.51566324552894
5066,1,81.5189336140951,1064275200000,788,1062460800000,3732610,4702.15862068965,0.245559283842643,0,0.019527927944925,0.0872039293520635,0.327102297133207,26.2337852916499,18.3244873614894,5.17733702912823,1.92839787786317,2003,19.3469865141244,5.17733702912823,3.60138236399705
5109,1,762.73032475861,963619200000,789,962150400000,121630,7017.50352112676,1.04163014028274,0,0.0593339564781666,0.251291325226058,0.091067367584548,18.670677042188,20.4267686945359,2.48525906770662,1.17052397788381,2000,18.2216145681103,0.442076409834857,0.360315986752666
5130,1,82.2674319618627,1350259200000,791,1349049600000,15322819,3144.41776315789,0.085907816690834,0,0.0208007879573367,0.098165654260663,0.367414525811237,21.5430094055265,16.4237289517944,3.93374697655696,1.79449956878474,2012,24.0262737307633,2.52251001127519,2.39194027071465
5152,1,237.155891367931,965347200000,793,964483200000,187364,5447.41390728477,0.489708263353007,0,0.0107164687305969,0.100831039762617,0.307403994686945,23.737603489172,25.390473687656,3.10534943946345,2.44895898645196,2000,29.9084315853667,2.94245210163956,2.39004085754611
5195,1,1109.84577636719,1315785600000,795,1314403200000,13860210,2217.48518518518,0.445688898033566,0,0.00583688043265698,0.0780872307794789,0.345894047763252,21.109390930273,18.7064032386331,4.57209751292293,2.78921552862035,2011,18.123536898766,3.91638282353844,3.83736629916343
5216,1,739.817828838642,1440979200000,796,1440115195904,18544911,4460.1338028169,0.852468542285732,0,0.0078161315299604,0.039999834994658,0.234527096974745,22.5967277939349,21.3924726960805,3.770079115664,1.83390857428411,2015,23.6871110432585,2.73410977546713,1.6933208528268
5238,1,767.772607374561,1188864000000,797,1187136000000,8865668,4672.77131782946,1.17946092980777,0,0.00182538858543452,0.0204249153322625,0.072085489880761,26.0327203809913,25.2875742551687,2.95762849329978,1.52604559767895,2007,24.9552097916911,0.668767700659708,0.486552770881626
5238,1,497.723124504089,1562630400000,798,1561680000000,23017539,1942.47674418605,0.197713111178018,0,0.00139541700805044,0.132053410176146,0.180648343015991,29.6192215021147,31.50097097525,5.33104357427175,4.01877132497428,2019,32.3922378362612,5.30982263689435,5.24533130125935
5259,1,4.26371418209526,1507680000000,799,1506038400000,21096582,5803.8203125,0.00730470553275168,0,0.000152016138585509,0.000347235940374446,0.283462571816576,27.6664387979816,25.0710865974427,3.34135846461378,2.34061803927823,2017,26.3378425598145,3.09149600760014,2.81471534829458
5259,1,783.056294462106,967939200000,800,966902400000,276658,4805.24632352941,0.655069225460943,0,0.00679151095403378,0.0409382512104551,0.32109251857546,23.560688057163,21.5916570096714,2.43240228158733,1.26875009575724,2000,27.0797719880647,0.580626048764209,0.535075312915347
5259,1,58.029201701536,1112227200000,801,1110412800000,5734569,3172.9375,0.061643521832881,0,0.0548844852003311,0.131581170168507,0.323046849742928,-0.022772476889827,1.84425067849071,6.2147854128163,3.396695764714,2005,-4.29861615498857,3.52215840498224,3.27285799024678
5324,1,649.180305626742,1346889600000,802,1345507200000,15065608,5130.8949044586,0.668578496784162,0,0.0416103778551864,0.124944302853232,0.423469120301575,22.0712184357093,21.8191096327644,2.69773012176212,0.795740579981761,2012,24.9423909877769,0.336210963300765,0.319274430500577
5345,1,157.236600616275,1318463995904,803,1316563200000,13968953,6192.73668639053,0.158881764351969,0,0.0941476993871003,0.237228956664577,0.0823783164293568,22.8356997184901,18.5513186499019,1.89712298298179,0.957690492685088,2011,19.5332518793893,0.852642623135152,0.823915077638074
5345,1,752.35950088501,1283385600000,804,1282780800000,12619723,3962.09027777778,0.183900136811038,0,0.00161451108598282,0.0441166469795427,0.190597024933647,23.8639515169205,22.8759699644866,2.87293859058363,2.05132170777609,2010,23.0860395148949,2.85767006227312,2.46450153814577
5366,1,82.5605652768847,1182383996928,805,1181260800000,8614012,5176.78368794326,0.442971448978068,0,0.062541400044582,0.221224479096389,0.129578295663286,21.9929242291404,23.9570262582993,2.83843679240843,1.46824782161591,2007,20.8953035138177,1.12369123680329,1.11456004469282
5366,1,256.597765470806,964224000000,806,962582400000,187537,2584.63805970149,0.691565177942577,0,0.0271726587991773,0.138412696603963,0.237528058670708,23.8198913099754,24.2866469743833,5.05614097947683,2.75544896162424,2000,29.80020583613,4.04207683555643,3.6370761716208
5388,1,4.05667260102928,1161129600000,807,1158624000000,7715356,6084.58139534884,0.00778798422470572,0,0.000239805254251283,0.00115170023310168,0.379280307541421,27.2696285278964,25.1092698093123,2.85994828181605,1.83335868235627,2006,27.1873284475441,2.23229178571738,1.6831372777704
5452,1,1033.8365311296,1189036800000,809,1187827200000,8866342,6192.13945578231,1.70586922152402,0,0.0342589005315995,0.0937298089355213,0.271589641487274,21.4363456455411,20.8436764080599,1.9892955591094,1.21398681618066,2007,27.4328166451314,1.06050418500699,0.778885719366883
5474,1,0.956880356638859,1253491200000,811,1251590400000,11450330,5271.72435897436,0.00849156332267926,0,0.0183159673651339,0.0801250789473538,0.362454027731438,22.4648339974378,21.1703720665475,6.98139339706566,3.57448439349145,2009,24.2523848802616,2.97785828110072,2.3548199373997
5474,1,55.0649060312907,1438473600000,812,1436832000000,18444052,4596.86,0.105496723453204,0,0.0546734131977654,0.0927152454226119,0.424692400547737,22.3086797700105,25.6017325151232,4.23742426181245,2.16281375902631,2015,22.3903548049927,2.32251953063054,2.2001445920438
5495,1,617.836725335372,1473552000000,813,1472860800000,19955767,4086.25,0.393937241874243,0,0.00613882670887097,0.0288747306003953,0.29616920736567,24.4798005870998,24.9429284532632,1.85917103924717,1.11313254517874,2016,27.1502264792459,1.04390104805797,0.702491995610073
5517,1,492.200846354167,1098316800000,814,1097193600000,5197204,4679.00709219858,0.607225795586904,0,0.00943765976223268,0.0541105193956079,0.16964291646611,17.3346915856039,15.6501722270111,2.13570931918303,0.916250636434467,2004,16.019565214333,0.5929077599246,0.444867690120566
5538,1,0.0721699889749288,1552867200000,815,1551916800000,22752829,3010.10625,0.00357607217415808,0,0.010318153075842,0.0748140422145966,0.101351362081879,4.15597001030335,8.17280196083914,6.83146210250774,4.10456890889492,2019,7.57830740610768,6.81757877858528,5.10372247058413
5560,1,10.8186062714149,1507593600000,816,1505001603072,21095641,5874.06551724138,0.0258840843778232,0,0.0138407221491095,0.0695353806650586,0.047488894618871,25.1040483831874,20.1544581447616,8.3918708498951,3.30405137594794,2017,25.6082078911793,2.20326906304253,1.81185219617888
5560,1,131.580242994355,1570665600000,817,1569024000000,23326958,3472.64634146341,0.16388682207865,0,0.00450740525538862,0.141108736409112,0.243555214732622,23.3414695530654,17.0600748062135,4.54258649549424,1.71690012120422,2019,15.0760041120577,1.62812815572121,1.04196194709262
5560,1,21.7599891446671,1027382400000,818,1024790400000,1987490,6982.4465408805,0.0205745268378805,0,0.0438794668281162,0.0999969620613757,0.248370358006736,20.2397752407768,26.9735058554177,7.11490774142018,4.078177575328,2002,24.7890744163305,4.36713900183791,3.75871925284856
5603,1,828.625308819671,1123718397952,819,1122940800000,6252142,3134.41044776119,1.15278611877071,0,0.00613777950115765,0.0224942323537714,0.0104933631531822,27.0204710414142,25.8938696828055,2.40648673490461,1.18634535523474,2005,23.2310117778493,2.40648673490461,2.29247577615941
5624,1,534.593722829511,1503187200000,820,1501891200000,20923753,4478.25483870968,0.854209026982707,0,0.0368200162198868,0.170795289422378,0.0423752691725403,23.9836040846142,25.2043060925699,1.72137002119159,0.483728277534697,2017,27.0997045660532,0.266139666007214,0.15806795641009
5624,1,827.209106445312,1188864000000,821,1188172800000,8865308,2898.23958333333,0.402392983436584,0,0.0164585711339227,0.070320428499789,0.0868014520805793,20.1087882558077,19.1002754195728,4.9552389191017,3.31791385220937,2007,24.6674737294515,2.54222616104717,2.11945764738412
5646,1,376.673227566392,1558915200000,823,1557878400000,22890370,4465.39552238806,0.207637394208517,0,0.0169718373439572,0.121101847095192,0.409254151742797,18.2427711376108,26.7711854376284,4.60155859541015,3.25058951472321,2019,30.3544671575821,2.75253277358018,1.98354272438684
5667,1,6.55555765810069,1186790400000,824,1185321600000,8739497,6702.45321637427,0.221072658199316,0,0.026850702134607,0.0566108373842847,0.187602322985631,25.195292648826,25.0595260748182,5.15571324727163,2.8619323565276,2007,26.7116366098267,4.03500293545693,3.05982719331405
5688,1,368.743000454373,1155427200000,825,1154736000000,7520041,4571.50347222222,0.303777396678925,0,0.00494382886260899,0.0552903858589977,0.468599905453941,26.5070093617502,29.0925236172146,2.96145386625638,1.41433132111102,2006,30.0574260005245,1.16695941840243,0.94849087134518
5710,1,-0.223827598391065,1599696000000,826,1598400000000,24387019,6496.2753164557,0.0106245570157649,0,0.0459392730609503,0.109292755460958,0.357970252768791,24.7827210098835,24.3695724521509,7.37128166656415,3.93622885013652,2020,23.8454351553938,4.22990438808146,2.92974322408341
5774,1,442.405125437219,1504137600000,827,1503619200000,20922051,3739.86688311688,0.486680954110389,0,0.000923286217585019,0.0362966206576803,0.354930982674017,24.2958471390642,21.3456022037278,1.51568706851321,1.17378592869392,2017,23.537885887179,1.23871707856893,1.19189591804151
5817,1,151.637536291983,1088985600000,828,1088294400000,4612319,3622.30263157895,0.55740486757428,0,0.000920067853643309,0.106335997528638,0.0491813206453786,24.0010716510075,28.2209568707799,5.02888054798625,1.94051746461751,2004,29.7198287763094,1.31451860659954,1.07600097670798
5839,1,941.162067320289,1629158400000,829,1628208000000,25434111,5344.84146341463,0.853757241150228,0,0.0385367440671362,0.164116165264314,0.301700437584739,21.8893862110281,22.8282125452347,2.25281689340937,1.39359801498627,2021,19.7822465726031,0.92911337445878,0.889496683169507
5839,1,3.49588639663927,1317945600000,830,1315008000000,13992512,5725.69018404908,0.00876767449363163,0,0.0460772721791131,0.134141942995048,0.417452237763911,23.5830425455463,18.162487935616,5.20063091344712,2.8254428723572,2011,20.9489414850871,3.30269982399205,2.43631453272527
5860,1,206.426734280874,1314576000000,831,1313971200000,13820568,6713.50606060606,0.954165104282908,0,0.00703391074072379,0.0783838895475163,0.411972711217185,25.7608188247557,24.5369600522399,5.40900598605463,4.42116537476731,2011,25.460739022072,3.80751127759548,3.75651492517118
5860,1,120.330226923456,1117843200000,832,1116979200000,5896646,4129.71523178808,0.465891406236105,0,0.0503401583173096,0.290079183937729,0.472064402882987,19.7232936696326,20.7783923612836,2.13273940412357,1.04179544062893,2005,21.2056148747998,2.13273940412357,1.72489862882034
5925,1,101.00501469868,1440633600000,833,1439856000000,18546221,4291.21296296296,0.235918250843519,0,0.0164147702136649,0.14954938784658,0.0190012733871406,27.5302443794626,20.8628213081831,3.30636366389596,1.67361091079422,2015,23.4124940032331,1.27499889836979,1.10680372232079
6161,1,400.053683868236,1123632000000,837,1122249600000,6084922,3125.56285714286,1.45214743196627,0,0.0288364355878901,0.0671066578747495,0.0229589030593079,24.6698060015723,25.6667458059273,7.16632594094393,2.47430131859628,2005,27.5366374206543,1.95417643923919,1.46509473697182
6182,1,601.735915675308,967593600000,838,966816000000,274908,3012.24545454545,1.10810776768309,0,0.00247630102004295,0.0259053773929505,0.426127711485636,27.2422832723938,29.278736524871,3.28265965625072,1.50471198082747,2000,29.6012592720264,0.502042604358692,0.367853427468887
6204,1,46.4747329905063,1054944002048,839,1053648000000,3240054,6594.10062893082,0.42176662819295,0,0.0419296708343782,0.247621532199052,0.18668313633521,19.8877450236568,20.6172415345353,2.36334195539176,1.18462647582226,2003,21.44278676095,1.65622375440536,1.04763040825216
6225,1,3.22882157952889,1602115200000,840,1599263997952,24523290,5303.0652173913,0.0106882891901161,0,0.00313515500020238,0.097095844738807,0.0750722057058237,25.8557048744106,20.5423542762555,5.09430357369223,2.885155204814,2020,22.7724860979163,2.81470185720568,2.08396600643744
6290,1,807.951327592899,1561766395904,841,1561334400000,22946680,4461.13870967742,1.54601176083088,0,0.00682757099089964,0.09889810549532,0.262120712587435,21.1140392643521,30.0034794052015,2.18113472436427,1.05388098716607,2019,28.7980291920323,0.847596237798535,0.606790521954913
6311,1,605.844030928938,1090108800000,842,1087603200000,4673602,1977.13265306122,0.067702942004759,0,3.46268102375194e-05,0.00244909872003281,0.222662937255954,27.8925520808945,31.4394127663391,7.0538607619892,3.862950867025,2004,32.1111006565916,4.32870113907,3.63218498605417
6311,1,4.23613710836931,1347926400000,843,1346025600000,15091700,6277.39095744681,0.00896819791990646,0,0.0151333451953161,0.104624134384247,0.430829236690385,26.4492961369507,21.2820352891329,5.33722063954487,3.01882839786941,2012,28.2181647794467,3.60610114265869,3.53953483349731
6354,1,885.091251531296,1096070397952,844,1095638400000,5044030,2395.13905325444,0.127911103591764,0,0.0315000379324887,0.0707534183592477,0.0634467973488155,19.3286463834147,17.2362802523049,3.67349068927847,2.67014390349443,2004,18.3572334485177,2.36658792917853,1.96556307227125
6375,1,1194.3423128995,1283299200000,845,1281744000000,12659645,2569.84415584416,0.582695080475374,0,0.00128479788212834,0.0893381503831783,0.263942205844102,25.3482712211231,24.5876572306267,3.10199188885397,1.78634994533844,2010,26.9276722606643,1.7691151462464,1.68618166200295
6397,1,785.310626579734,1156377600000,846,1154390400000,7519899,6212.66470588235,1.32670265962096,0,0.0244636438253176,0.117875176469256,0.406163586679252,21.0029684318914,20.3516233843137,3.28403241099645,1.96154539130306,2006,21.0731705198102,2.39966521361429,1.91813893597891
6461,1,243.62580871582,1223251197952,847,1221955200000,10326869,3039.44047619048,0.504316610744201,0,0.0327226825978839,0.0411615897452951,0.132708444119913,24.521448611383,15.6150787924963,4.03048122506126,1.08951022409374,2008,14.0917654612707,0.62542576111357,0.509495353125983
6461,1,42.4907715335969,1568246400000,849,1566172800000,23216537,5248.07467532468,0.28365244990395,0,0.0266051172818674,0.100307177934714,0.390347935238735,28.019304821748,27.9392093552759,1.99037703287747,1.18260573630788,2019,26.0746529343841,1.22448459774423,1.0150605511875
6504,1,5.13040484915247,1319068800000,850,1317168000000,13994359,6599.77083333333,0.00750349516739378,0,0.00115619768197285,0.00170486313283252,0.19498255558213,26.8809462940395,24.6382518553312,3.13411113934711,1.92974016148838,2011,26.3123053868612,1.82402977634151,1.68063866159532
6504,1,607.034139550251,1471737600000,851,1470441600000,19814734,7002.61413043478,1.58189364198757,0,0.00498289274830616,0.262224120705528,0.197031190181694,21.7275571401346,21.5607075729231,3.4080460619877,1.44546724277745,2016,25.5262126977893,2.08878538918976,1.83123917544598
6504,1,612.827536149459,1629849600000,852,1628035200000,25434369,5193.59322033898,2.92869815127603,0,0.0257796762007765,0.0749148679763031,0.368210376685935,23.4980357961097,24.4542085259648,3.60213123285817,1.78546945635026,2021,25.9705388677996,2.9623307285397,2.4853315277248
6504,1,456.767760207533,1500595200000,853,1499644800000,20802811,6457.34636871508,0.824685685794447,0,0.0182912740522412,0.213417372541382,0.448896346941665,22.3583166784267,23.963398371684,4.42393967193951,1.71289133411678,2017,26.1282156978017,1.43685199622508,1.31232072677788
6547,1,1062.59141767786,1281398400000,855,1280707200000,12659432,2422.74603174603,0.392410522445719,0,0.00497695667254546,0.0923150684324693,0.0357793492790658,24.2233888735589,28.8959443476768,3.42268611467902,2.00923553213383,2010,28.5040356355159,2.26362316230126,1.90198362028452
6547,1,74.6562953202621,998265600000,857,995846400000,1107394,4742.85597826087,0.0825913987000999,0,0.0249011631042915,0.179766076843539,0.28445910242089,24.4014626968311,25.9695963583609,4.88847197856323,2.57663250908234,2001,27.7305894022403,2.11867640129905,1.73546488633427
6547,1,9.658689179234,1348790400000,858,1345852801024,15091981,6830.50277777778,0.0227167383980984,0,0.0136270338844903,0.0873267170290431,0.404678034622478,26.7114071275171,21.5237480674695,5.02315430593046,2.45694329892522,2012,28.7464167065091,2.62585895197442,1.79864797319274
6569,1,843.251340075751,970790404096,859,969667200000,411132,2734.875,0.145898703218165,0,0.0175052969795862,0.0513679896265076,0.277629943858093,19.2461422390408,14.4054286043144,4.12364256750279,2.28412869659259,2000,17.1054067329124,1.89590660595827,1.50999763344585
6590,1,201.946590637893,1346889600000,860,1346544000000,15214500,5776.37288135593,0.251711216870319,0,0.0111199920590502,0.0321746321803937,0.124395113276075,20.5255802740152,24.5845210001743,2.70991802131706,1.85788751784151,2012,24.3348838579857,2.70991802131706,2.54599929936002
6611,1,1106.33173246162,1254873600000,861,1253404800000,11585906,1795.66569767442,0.411141192670478,0,0.0132309231677228,0.0329816313616062,0.236690447218633,19.6986903749367,14.7641412130416,2.49644209128816,1.56981234829487,2009,12.5477131570032,2.49644209128816,2.45521162181255
6762,1,1013.65569625087,1281484800000,862,1280880000000,12659453,2000.08888888889,0.307537173925165,0,0.00322015824456601,0.0980090270139612,0.176693246097249,25.0102715518455,28.9294828962397,3.23960922629032,1.91483223426323,2010,29.2650164992721,1.53858043020019,1.10032967484963
6783,1,605.369800567627,1025913600000,863,1024617600000,2019335,2100.83962264151,0.0710980731062591,0,2.6612511744774e-05,0.00250704427923754,0.36169602724678,28.0430409520008,29.825311355271,5.77463944754025,4.53160407608862,2002,27.583748907813,4.35620084820554,4.21252701872008
6805,1,637.245140883502,1629417600000,864,1628553600000,25433810,5499.66959064328,1.19845845313633,0,0.0028665936127303,0.0216371714143374,0.0309559645182391,27.4657202909842,29.3422398407156,1.77335731528795,0.974211531033492,2021,33.2586620988901,1.22187343246223,0.959955895687989
6805,1,9.21853723666938,1285113600000,865,1283385600000,12809157,5820.57843137255,0.0174203205468326,0,0.00254027988884466,0.120662409140561,0.187227134426595,28.0582345159452,20.7764480384236,6.80319727622188,2.88775799026063,2010,21.5769299077053,3.65171412108795,2.61103938203222
6826,1,49.3139224717783,1284076800000,866,1282780800000,12659667,4984.70639534884,0.274227919836724,0,0.0126566244200581,0.0775672089233315,0.355423470127402,30.3928189899839,28.3638904438463,1.91462992373266,1.36669392473896,2010,30.4866763965104,1.44881299701689,0.905905365094506
6869,1,3.63573256743852,1444262400000,867,1441152000000,18724876,5499.88978494624,0.00893409068255575,0,0.0132074738935563,0.144270411247235,0.309693941184767,26.4793909342141,22.3712455669323,6.59412482390586,2.59191977374736,2015,26.555943945061,2.26582980047985,1.88266551034951
6891,1,132.673093049423,963532800000,868,962323200000,121490,3472.38586956522,0.157776909030002,0,0.0582132860255154,0.135932006739693,0.0270692042951036,22.0684751768322,25.0911813947889,5.46582436311529,2.66222292179523,2000,19.1701500712962,2.56676781842544,1.64034714374775
6891,1,723.055755247553,1093996800000,869,1093392000000,4868921,4358.93975903615,0.456259573439518,0,0.00631194386311651,0.0600999419936356,0.433812915426896,25.7273235632883,25.7896855314095,2.28334871697333,1.65210891845521,2004,27.8775014662839,1.59875251276726,1.33510762139892
6933,1,440.808067626953,1215734400000,870,1215129600000,10044001,4336.95428571429,1.17471869218917,0,0.000938881177778736,0.0182874312424573,0.11493600657715,23.8245560016936,25.5488121509553,2.24511635060304,1.0797046835121,2008,24.2815726906913,0.985119419318565,0.715605493758813
6955,1,405.055391618007,1250812800000,871,1250553600000,11403759,2593.82984293194,0.763347559333465,0,0.0119936533518504,0.0331891617741612,0.0489492097720584,25.1623401285782,28.0450067749822,4.44381280087031,3.16520460527975,2009,29.7060593706568,4.2209796805299,3.12756990208146
6955,1,11.1300484382588,1001548800000,872,999388800000,1380289,4716.79234972678,0.146564247319475,0,0.0218984650679195,0.0331766979235847,0.120647193511156,28.420834348748,25.7233221490761,1.46873623159458,0.935000746132605,2001,28.4341448684859,1.29686285539967,1.13392091084507
6976,1,1238.17286450935,1061424000000,873,1060128000000,3559355,7267.91878172589,1.05477756412342,0,0.051506359710624,0.279311035245663,0.376443586073989,17.6630950898585,20.4168425144479,1.95967212698875,1.21338459125941,2003,19.6204177346528,1.95967212698875,1.79375088051615
7084,1,289.812155004491,1343692800000,874,1342569600000,14929952,2649.53174603175,0.0685050764823342,0,0.000909843526696141,0.0440467289656737,0.143650450994409,28.412015267921,26.3210499923756,2.99634617481483,1.97833895083277,2012,26.6705890453682,2.97275344215356,1.99790850854034
7127,1,117.29256654293,1118620800000,875,1117152000000,5896738,3324.94973544974,0.746848802617256,0,0.0216016949330327,0.169916399762821,0.473883186721231,19.2209698728083,21.1562303290049,2.76455475198552,1.84165995104887,2005,21.0952203138376,2.16339445551987,1.4714658039754
7191,1,300.505073389241,1471132800000,876,1470441600000,19814860,6454.65364583333,1.59032482588229,0,0.00836355858397416,0.236319012555352,0.0675100677549149,23.4996146007251,26.8236106307419,4.72462267645991,2.58078672750132,2016,28.5842325846355,3.01620905607221,2.77599692408131
7213,1,15.1062214037511,1221177600000,877,1219795200000,10210392,4232.88020833333,0.230320683948657,0,0.00784527847858622,0.0257357170511341,0.32507303645895,29.1152417801615,28.157715733846,1.81597237090963,1.16050758741703,2008,31.7173447502985,1.04038475294446,0.92695503059987
7234,1,1162.67152389054,1248739196928,878,1247961600000,11265609,4228.23846153846,0.989359708790927,0,0.0244484076432274,0.0849900288748731,0.46935849860249,21.3697792242328,24.5253406622471,5.17899111955183,2.16063131891061,2009,21.9481981277467,2.01220315050611,1.2476485195641
7255,1,779.971189833179,970704000000,879,969667200000,411244,2061.14175257732,0.282187741365015,0,0.0222701240464714,0.0534105879661395,0.137940790048514,19.2088899511573,14.6891041877943,3.89382874228533,2.2454125141567,2000,16.9680010169643,2.12414073862241,1.94292020496482
7320,1,566.589916349712,1096588800000,881,1094601600000,5047666,2561.07894736842,0.608596993120093,0,0.0012360053938253,0.0541513425107219,0.216861004591712,23.8956877809362,18.7986048087739,2.72298279467406,1.44076376953427,2004,20.0310646391752,2.26310126585341,2.20250897093569
7320,1,665.39206882053,1096675200000,882,1094947200000,5047670,2600.66022099447,0.647056724296676,0,0.00219506723417458,0.0582461443523792,0.28594158970995,22.4002568128621,17.9266437814537,2.79511749074379,1.32219722558227,2004,21.2871834012027,0.663585263800211,0.565970172036887
7341,1,68.5525058146273,1276387200000,883,1275350400000,12407629,4101.76988636364,0.365758741420976,0,0.0628179268853101,0.317529090526616,0.362525982482328,20.5136561042286,23.6195243630931,1.79077021243981,1.07466588073588,2010,25.6338380120018,1.37327607829263,1.12694089212366
7363,1,819.24402652913,1508976000000,884,1507334400000,21181996,7084.91,1.16496277993648,0,0.0438470477133274,0.139037264090659,0.0390268802988913,14.1700764507718,13.8504608713786,3.48715791080244,1.44058412492596,2017,14.4639061991375,1.09743964130077,1.00518683863602
7406,1,1.90264511558245,1411603200000,885,1409529600000,17524724,5109.70047169811,0.0102374217481757,0,0.00269389393621205,0.11291371965862,0.274455907327085,26.9770221111185,21.1209902939707,9.1804734521759,4.26743607368859,2014,26.9909285143487,4.50573210561229,4.37425223627529
7427,1,1163.698250063,968716800000,886,966729596928,300824,2014.84946236559,0.326100979440956,0,0.00910700763813963,0.0748532387870126,0.0853585544233777,24.2584688416657,19.6203138807769,3.94015642064323,2.53249716809208,2000,22.8220759955786,3.89734213896371,3.79329249937956
7449,1,746.500404320694,970790404096,887,969408000000,411252,2657.93170731707,0.246012925011356,0,0.02242020026901,0.0526856388010936,0.187053459455201,20.0356603728985,14.3478571296492,4.24063260276985,2.33084044527049,2000,11.9056646889788,3.59860173491743,2.35391041484528
7492,1,753.428601900737,1500768000000,888,1500249600000,20801193,4006.95572916667,0.306377450625102,0,0.0213918912405712,0.073514691998092,0.0285122689976,22.0079351637099,20.8257200876872,2.98700899233351,2.69971957663173,2017,24.4628937403361,2.82857576335427,2.64756598410267
7513,1,170.265757215784,1091232000000,889,1090713600000,4720760,3035.28342245989,0.667932689824003,0,8.14285210212616e-05,0.0622828126153534,0.233776487692892,26.7404891643649,29.2875149056844,4.6937208819779,3.21738404228064,2004,33.5883553646041,4.6937208819779,4.47565824904229
7599,1,442.494290224056,1341446400000,891,1340928000000,14820004,3035.7293814433,0.417923724835681,0,0.00766790635634566,0.0507810997997711,0.292591244567983,25.1860122513208,26.5280885107446,3.27847059238511,2.24454922360619,2012,29.7135509825245,2.42665457322898,2.32754434548055
7620,1,580.916493007115,1629244800000,892,1628640000000,25433794,5279.03571428572,1.51184278422472,0,0.00519804367366952,0.0250437285988572,0.0269368382623921,25.9924972491488,28.3999206789498,2.65845980273796,1.25909079691764,2021,31.5629719078947,1.80508697474285,1.49613698974357
7685,1,621.035592435586,1502236800000,893,1501286400000,20801485,5546.8216080402,1.22600195925645,0,0.00582185908961346,0.0486399589328099,0.0287926926608429,26.1778072187849,30.9159360390413,1.29744342462181,0.665957356576497,2017,30.4253309850517,1.20077054267996,0.644710589778512
7728,1,900.849783840789,971740800000,894,969753600000,411549,3057.899543379,0.608869519952225,0,0.00831228785313312,0.0158794011353276,0.387268469625065,20.5323041711458,13.5842387439636,4.76801547997468,2.08446326262473,2000,19.4992202314612,1.06735134256915,0.842521182456835
7835,1,565.877883757004,1627948800000,895,1627257600000,25343736,4512.89086294416,1.79689242158617,0,0.00218910646038538,0.0110259085964506,0.254730766512905,27.1354497335082,29.6847347612375,5.04654285344432,2.5912271922363,2021,28.707673609519,3.43235663679802,2.21089131333981
7942,1,164.479218469412,1065398400000,896,1064534400000,3730980,2262.29857819905,0.121595491377098,0,0.00146502516856071,0.00428607739443159,0.0585297802816295,22.8652654012628,20.2362479263453,4.97031577909963,2.80530703437261,2003,23.9532051098479,2.11098975879715,1.68475395442456
8007,1,3.16569482977107,1160697600000,897,1158192000000,7713281,5955.90717299578,0.00768037828206385,0,0.0353990901589392,0.137795919052445,0.0368255107069402,24.2089732662194,17.8481850894583,5.22755782314287,2.55532302493618,2006,18.7066076329656,2.04843524352256,1.9801624761328
8007,1,127.956201562559,1086998400000,898,1085961601024,4534284,4208.77053140097,0.926327822576974,0,0.0780370448789538,0.190281979035846,0.228548808338184,18.5261653912631,22.0259623114422,1.70882833821589,1.11091361581415,2004,19.126739117412,1.40380605231419,1.13584783274944
8071,1,1086.12728186881,1250121600000,899,1248566400000,11265976,3268.55198019802,1.38079145993337,0,0.0212930058685484,0.0900498922644933,0.143416312366051,27.1401413148517,28.1169244007206,1.98562726125066,1.01637025214873,2009,30.0593558893739,0.774636370671249,0.636708628763698
8114,1,63.4072215249094,1054771200000,900,1053907200000,3240185,3797.03605769231,0.195639670465552,0,0.0334879774943129,0.232528824067824,0.0198030005293069,21.5708859826765,20.6589359745835,4.42257240427298,1.77853740521884,2003,20.2506145183856,1.66972354685384,1.61523844110683
8114,1,133.365308529863,1060128000000,901,1059782400000,3558642,4570.20560747664,0.150638509750645,0,0.00883573558268374,0.0241306920108753,0.355048430166859,22.6276629588147,30.5496201452808,2.18866551114123,1.57040405201036,2003,31.0086550477881,1.93802238226566,1.5121093950222
8178,1,355.564327149595,963359997952,902,962582400000,187607,3491.32701421801,0.55902431135494,0,0.0150368109975382,0.0494226358827041,0.0933736273125383,24.6047047380525,29.9741984311627,3.66183032175233,1.14435314071712,2000,30.0322180152882,0.536614645821626,0.490927697931168
8179,1,68.5658120305914,991958401024,903,991267200000,927984,3303.15,0.176215382685002,0,0.109713115840542,0.245718020297354,0.0643760612540853,20.3714188032253,24.0622539747807,2.28208507191711,1.05518722823467,2001,25.403694848847,0.798684042481997,0.486499226584016
8200,1,248.552193526066,1186963200000,904,1186099200000,8866126,5518.92763157895,0.204030797140939,0,0.010148326499733,0.154561736571112,0.249704209655516,24.5438856855652,21.5169813731071,4.60035147307254,2.18716784232274,2007,22.8843848947894,3.35622981795464,2.00608603962504
8243,1,645.644404181119,1348012800000,905,1347235200000,15217051,2658.16810344828,0.961956081976151,0,0.047740996896164,0.0608824402054812,0.0305712342799593,23.4444906509846,18.4883756177179,4.02710236932071,1.73036105941476,2012,20.5052478527201,1.52266441124644,1.22260192020916
8372,1,852.292208532772,1408492800000,906,1407369600000,17364886,2427.11627906977,0.609783595996284,0,0.00305404245635216,0.0581459578814867,0.39863965275773,25.6002752096601,26.4571222140544,1.42029306694268,1.00207079360788,2014,25.9868215427842,0.923266768885741,0.650938386823398
8415,1,57.8498071859811,998438404096,907,995673600000,1072159,5644.67816091954,0.116420392402028,0,0.0460577362186179,0.231567574473703,0.0301217931417813,23.606144916783,26.4991192816327,4.32384917530413,2.40522126980782,2001,23.119414385312,4.32384917530413,3.42222072364188
8500,1,79.3293284824916,1218499200000,908,1215648000000,9993021,4265.75102040816,0.057790047553729,0,0.03669936783405,0.152610221834843,0.275823734798158,24.7608987320363,24.6225063043101,3.97230794710008,2.02477683092362,2008,23.7576286938727,3.46306076847191,2.36334191737211
8500,1,807.475564615175,1060819200000,909,1059609600000,3416710,4605.44323144105,0.802680078031715,0,0.0126910144096768,0.0427131871126555,0.410029485622958,19.6034690901176,28.4337647372805,2.62811909951998,1.36008094960321,2003,28.6324042943541,1.18139615665864,0.87383225839117
8672,1,536.753324525546,1504310400000,912,1503360000000,20922113,5965.36725663717,0.697526390441751,0,0.00202470798813559,0.0263315239509915,0.468021438482974,22.7676403778538,21.1576027576668,2.37462056733723,1.43963822298739,2017,24.8983130986711,1.93141874305242,1.89597661609794
8822,1,21.8453736360046,1187827200000,913,1187222400000,8901591,3716.87164750958,0.0641784574194201,0,0.0181751375763522,0.0423076513986065,0.453106123979815,27.1645671646149,28.0020049160925,3.77953662161292,2.34135441922182,2007,24.7065868813721,2.32788846386268,2.08048508618384
8908,1,1124.26778314764,996796800000,914,996278403072,1068647,2512.91136363636,1.81491648012942,0,0.00206923987403591,0.0309366728305135,0.0771536914220371,24.8350157678008,28.7717918877651,1.84824593985391,0.871741626722642,2001,27.9542035709728,0.789351186894385,0.670790843386823
8951,1,498.589694638795,1568419200000,915,1567036801024,23184128,3430.60970464135,1.11218896420193,0,0.0354539589027775,0.0427519003105273,0.327879142475594,25.3760297604706,21.0280514936743,2.48418932470299,1.31828461874707,2019,22.856017789559,1.39666280941616,0.971202597901334
8951,1,387.363884578689,1628553600000,916,1627948800000,25434362,5012.31932773109,0.898487725018457,0,0.00408712886245271,0.0527177856848996,0.329605835178896,27.4547140124735,30.6207960338486,2.8191434810132,1.55500056820766,2021,33.4627471282702,1.63876030647716,1.34854087766639
8994,1,824.562021595809,1188691200000,917,1186876800000,8866229,7146.28423236515,0.61818011383298,0,0.0486365630475771,0.188040311707345,0.0481448016289406,22.0508681337513,22.2981083534056,2.28354711280447,1.04014301395139,2007,17.2410930113839,1.57898530183977,1.16770336940993
9080,1,223.821757245169,1346889600000,918,1346198400000,15064683,4344.27876106195,0.0385030880898631,0,0.000716887146354152,0.00307579433837244,0.326303794969892,26.3505373786435,22.2034487802761,3.05528455859919,2.32386446399354,2012,26.2919282952593,2.60384590157547,2.12654887903825
9102,1,89.9727115035057,998352000000,919,995673600000,1071700,5772.77843137255,0.0419746277493687,0,0.0402501708238331,0.213295436725671,0.0570949282144979,23.4402931933933,26.2858863513454,3.66699635632092,2.40473441007252,2001,23.3398620879728,3.55888231316172,2.43381202666267
9123,1,1467.44242279186,1183507200000,920,1182470400000,8582968,3980.82751091703,1.48678424004384,0,0.0203996227251015,0.195044334256331,0.184778285856707,18.9143259444227,24.9943395912547,2.6948540077328,1.33794845331673,2007,26.557696351075,2.61724662266935,2.49364432363982
9252,1,1252.29177895738,1345593600000,921,1344470400000,15065249,2809.36808510638,1.34709848968768,0,0.0129633223155113,0.0602161132918138,0.247317113159774,27.5831852949776,27.2989089588988,2.66123427404242,1.11782417255182,2012,28.4881128000029,2.11418808536569,1.47708974050161
9273,1,630.547396807603,1089676800000,922,1087430400000,4673608,1794.83411214953,0.133092860555705,0,3.9916658866791e-05,0.00184851210868514,0.468113410546003,27.4753104680939,30.989857733086,6.80093145518215,3.74911611571648,2004,28.9577211088852,4.7643603206483,4.4366008404763
9445,1,576.309387966805,1122595200000,923,1121558400000,6083459,3714.84232365145,0.920878108606299,0,0.00669566411839984,0.0414881400485904,0.367629558432341,27.0604191685558,25.584021419692,3.38162843377168,2.41463054738391,2005,24.7208207933735,2.95798295330434,2.73923056402657
9681,1,136.511707564763,1155427200000,924,1154390400000,7519777,6536.30535714286,0.475678049810401,0,0.0100569243564705,0.0792335122744206,0.372863475454026,21.1339942756337,21.7000718783983,6.54847769940526,5.28586441037781,2006,20.7281748726254,3.6639710563458,2.78367065990107
9724,1,735.731139648438,1436572800000,925,1436140800000,18402143,2366.4437751004,0.799271202564239,0,0.0185457170367448,0.068588985899821,0.310074618862625,24.1141928927699,30.3127943251719,1.57114044460972,1.16061534797149,2015,30.1499827130891,1.51203726529274,0.943741605737424
9767,1,384.556430873586,1218672000000,926,1217116800000,9993197,2744.37827715356,1.52650038875751,0,0.0090843299360661,0.0758184837588599,0.0604274464830653,26.0269768562112,27.4540269589878,3.5426319507333,1.83290308538732,2008,25.1977357490531,2.68421244760904,2.44144799673782
9767,1,0.829318708599273,1321660800000,927,1320537600000,14222931,4464.07011070111,0.00365468794951782,0,0.0486898313566161,0.0617789141014506,0.178070981496939,11.0324540628383,5.19930222802373,6.57524362041647,4.02874129478405,2011,8.62100606099557,4.94815404450057,4.86314558936423
9788,1,36.6757586901878,1218758400000,928,1216857600000,9992784,4503.02564102564,0.0740064119735917,0,0.0328179067667464,0.126171964443874,0.130127592567208,24.8670056513474,24.9172688744165,3.66674711611476,2.12484985102795,2008,21.1813853120629,3.3521822935896,3.22140967961403
9853,1,1040.24322387695,1254441600000,929,1252195200000,11586016,2161.31274900398,0.371462938010693,0,0.00117891521119795,0.0151122865985141,0.0211400283098871,22.0704937426028,16.7318951492718,2.95309971005334,1.53027091455941,2009,22.2354112587128,1.96459326180569,1.39621714558456
10067,1,960.43452019239,970704000000,930,969408000000,411007,2319.20620437956,0.389514295506651,0,0.0190351922092324,0.0665279705238199,0.280813576304797,19.0315160639517,13.7623811231623,3.83607239448327,2.01270032983939,2000,10.7876446522067,3.83132766010239,2.26719186734682
10089,1,303.956321394763,1061337600000,931,1060646400000,3558613,3646.98846153846,0.380667356581524,0,0.00415002998293096,0.0192288970681959,0.0704731550851814,26.6562362033538,26.3162578311062,2.9890909793924,1.76666452371506,2003,31.9489340317556,1.30173706886192,1.03239179179196
10261,1,595.418335311714,1345852801024,932,1344124800000,15065057,3954.8606870229,0.387541796912179,0,0.000733954710668064,0.0231351979777039,0.177475175822591,26.071690620899,28.2202577733895,2.98517593314489,1.10896466838827,2012,27.1016209454331,1.17912207602287,1.12182018776211
10282,1,70.2835558657245,1150502400000,933,1149120000000,7303994,4048.29562043796,0.395649246025435,0,0.0413213220568489,0.273179785116237,0.220254914368928,20.5759418057007,24.5182646033317,1.87615960769108,1.33011423127093,2006,26.3152655594541,1.31609807133566,1.08423391963474
10282,1,784.741410028367,1122422400000,934,1121212800000,6083684,2952.036,0.828030594284572,0,0.00824933974363151,0.0237812110827624,0.404993610643328,24.6564411610921,29.0912178209093,1.68547999064871,1.15935349243934,2005,28.706205986023,1.29465765280185,1.16428714260317
10304,1,565.089469143892,1097020801024,935,1095552000000,5044116,2115.0687732342,0.164477144402615,0,0.00660367296558806,0.0288494328164371,0.274357051968031,23.6410054846481,23.2775320216431,2.50385944305913,0.992318223939707,2004,23.6014568480122,1.15362757070383,1.11500520474905
10583,1,302.110897688916,1185494400000,936,1184889600000,8698068,5140.11363636364,0.741606935910647,0,0.0054636266012345,0.149120043373862,0.0594866772392608,24.4892029208736,27.6000826017562,3.17494090466066,1.96751814153694,2007,25.7954951030669,2.72828355504465,2.41147717054683
10647,1,86.5646438598633,1218758400000,938,1216339200000,9992938,4329.21768707483,0.0373540627865483,0,0.0443546720339665,0.139660316368472,0.364277354804098,25.1301932769569,24.9319967486002,3.92000388032961,1.95462992218714,2008,25.0604202538662,1.62101042992403,1.24573002030202
10647,1,234.993533271656,1028851200000,939,1026259200000,2057474,3856.06140350877,0.976533815526126,0,0.00733210853825211,0.143058853068063,0.463500636079064,25.2183058158324,25.0136187544231,5.62899528229029,2.06988006067,2002,27.4236694592481,1.3718755668865,0.967604773436613
10690,1,352.375308492909,1501977600000,940,1501113600000,20801394,5023.70289855072,1.31721674337767,0,0.0040094603936815,0.03901669718591,0.235700606644184,26.3591958379208,30.4318985908452,2.67410156539933,1.51988167139095,2017,24.9528531853127,2.30440539717812,1.58869366065136
10711,1,263.314283005735,1060905600000,941,1059609600000,3416756,3904.80918727915,0.274712304855492,0,0.00637718641450494,0.0176952270974617,0.189098665756248,22.9635886595366,31.7747682121253,3.75764950052451,1.54959697151812,2003,33.4498826661576,1.45046122144714,1.26264316814539
10733,1,1267.21707467621,1504310400000,942,1503187200000,20922005,5634.96511627907,0.617780781861556,0,0.00269836286907717,0.118474093109346,0.128193736853295,16.8728212146912,17.0852235125997,1.85775696800803,1.17973716795453,2017,21.7565199679843,1.80654451638839,1.34182419640509
10883,1,648.848501383464,1123977600000,943,1122854400000,6251748,6188.34280936455,1.2951002240181,0,0.0221254466360213,0.142292853127934,0.427932688846928,20.8382677732413,23.1425952154088,3.20640834263128,1.6852702968065,2005,20.2640287056948,2.2153035452696,2.03521350108378
10991,1,202.526873659925,967939200000,944,966729596928,276185,5209.43729903537,0.271786569380293,0,0.00396714867271071,0.0935088608690856,0.232170880346217,23.362623159024,23.7332020040323,3.77557665191278,1.23718395792766,2000,27.3896033273761,0.761520808781847,0.74951225874097
11098,1,2.63416967821275,1444608000000,945,1440892800000,18581522,5794.26762820513,0.0111193831387153,0,0.0171739109370258,0.151214620524331,0.0895219440522299,26.9386212930819,21.2200089484292,6.83110371663887,2.64011192041542,2015,22.9034775318244,3.20597107367915,2.81808377601348
11248,1,55.3680907333106,1055030400000,946,1053302400000,3240111,5933.45438596491,0.14260305281271,0,0.0533592103992898,0.247078893843733,0.116892006163569,19.5915055271618,21.9173859806853,2.90855710836494,1.27261139236699,2003,24.4800097169932,0.59620183003502,0.531999303355718
11355,1,1083.5883150474,968544000000,947,966729596928,300728,2223.52846975089,0.130681231034608,0,0.0240615000582494,0.0802688119321161,0.139691592020041,24.3675432847406,20.0591633026286,4.14036047563732,2.38174221473428,2000,22.8715375194346,4.14036047563732,4.06076752905546
11398,1,205.885527585004,1123977600000,948,1122768000000,6083440,5782.49158249158,0.302326899827332,0,0.00901800946516652,0.0658597398112481,0.369600162815933,20.9205997478366,23.4169697694104,5.37177376669691,2.25504572539204,2005,20.0754418331365,5.37177376669691,5.00460501979402
11763,1,641.384337825717,1124928000000,949,1124150400000,6251589,4503.47289156627,0.649919705628628,0,0.0260048731301748,0.0662239894205273,0.238450704085571,21.4660522067558,20.644609217663,3.1250895015571,1.60359223003307,2005,23.7381875080277,0.910496985940871,0.718557130600085
11849,1,497.996407293504,1628553600000,950,1627776000000,25434437,5657.85852090032,1.16239643195444,0,0.00411339695579414,0.0427499881932711,0.0463490559022443,27.2141398012797,29.7474180430078,5.89148719471361,1.7304815030052,2021,30.7566508294174,1.28039370797642,1.08323146707052
11849,1,189.582484963499,997747195904,951,996278403072,1072904,3790.00461538462,0.177031935940002,0,0.0229553806503,0.119034497891288,0.472806479084968,24.738011740334,25.708038343887,3.56991659131538,2.53111716138183,2001,25.7525906323164,2.22496552422524,2.07430998323146
11871,1,405.517732958331,1059609600000,952,1058486400000,3416949,2241.29833333333,0.600108792351241,0,0.00131691438354684,0.0365843168198584,0.0586390487277088,27.0534997552943,30.0802845673334,1.34501737697676,0.91559970433857,2003,30.1325378714668,0.760716765615742,0.494005275500336
11957,1,902.736203754812,970185600000,953,968457600000,410870,2345.03924418605,0.198571010473846,0,0.0177742915923774,0.0519537754790394,0.178096866208551,19.999774602903,17.9949292866935,4.45285481497144,1.62852760461658,2000,25.2248252040657,1.11980495523431,0.948659522396198
12729,1,78.8939762830047,1191542400000,955,1189728000000,9058674,4220.39884393064,1.31732939093532,0,0.00371039320069522,0.00607120880780754,0.445287323709817,26.8501934690972,21.5345001386748,2.95223182026245,1.71158473627445,2007,22.118566631398,2.06031024492393,1.75087547665744
12815,1,251.394318417805,1125014400000,956,1124236800000,6251834,6276.04878048781,0.793827533176759,0,0.0155372225775345,0.0255886329029441,0.420290664457542,23.0685461387965,22.8414517348376,3.48534010868505,2.35881247000025,2005,22.1216319231484,2.57844141668558,2.13973696210521
13094,1,1007.76074979622,1502582400000,957,1500768000000,20802723,6658.31793478261,1.22365627201592,0,0.0333509661723749,0.235001335912259,0.302969235141412,20.5875987555095,22.450972509824,3.04352982090494,0.961331137779153,2017,22.9039995414624,1.34789358179967,1.15107751415662
13309,1,1232.40947128081,1121904000000,958,1121212800000,6083354,4888.65168539326,0.303811159834895,0,0.0248248427600873,0.120803435467175,0.0875326183586235,20.8927006263114,24.5018976788595,3.98451482570489,2.32660220579152,2005,24.8212231846784,1.94302229814483,1.74380889816988
13631,1,752.117126464844,1191456000000,959,1190505600000,9039851,2500.46378830084,0.768919111713351,0,0.00718691652408836,0.008993909371306,0.247106694256557,21.6198085500527,17.9171481931221,2.34529358594215,1.19059411420637,2007,18.7810571312794,2.2765415695024,1.41190222364186
13738,1,578.1093100822,1436400000000,960,1435968000000,18402112,3905.52551020408,1.02488519884551,0,0.0956023289104265,0.151829399999163,0.300160429141453,21.2410193531962,25.7863625584816,5.73059877076732,3.15312097051505,2015,28.4684713921579,4.39995505917611,2.49778309543933
13845,1,113.025731834069,1000166400000,961,997747195904,1223334,4122.09498680739,0.224692353118693,0,0.00179798240714287,0.0397449458372023,0.0857282114735918,27.5067990013017,24.5878842960593,4.41358270173974,2.48695512745046,2001,25.7938661501506,3.34564466087091,3.13617740533674
14189,1,598.891215110312,1186099200000,963,1184371200000,8697959,6491.55612244898,1.24543089267551,0,0.0339615443393033,0.183820043738406,0.413195380127208,22.0543214231391,25.7786191295875,1.79891269529279,0.813762540041658,2007,22.2527533888006,1.22260312178098,1.05847640490534
14210,1,109.766826760486,1054771200000,964,1053993598976,3240060,3891,0.419940618459027,0,0.0204961849139869,0.281616159017008,0.314537260834589,21.3582795704096,20.2981463683456,2.16835990690329,1.11578003407144,2003,20.3385007986769,0.993983502695318,0.944220958466991
14704,1,350.247175886824,1559520000000,965,1557532800000,22890364,3894.76829268293,0.380204059948792,0,0.0247266225337995,0.161351338056157,0.447965737917058,17.3187024736505,27.5992436655528,4.74072518580164,3.02455707011255,2019,21.4135742421826,2.18500253716061,1.81027252769012
14940,1,2.1245073469722,1160438400000,967,1157241600000,7715289,6777.93232044199,0.00428503333756034,0,0.000408223872651481,0.000951082796879404,0.450700124765054,27.5530919511879,25.8671941861841,3.06348534919686,1.97107652850681,2006,25.5483777409759,2.21172745455874,1.82627776582131
15026,1,914.72068385074,968284800000,968,966729596928,275758,4962.84292565947,2.03938735672161,0,0.0178187071120316,0.141478906347014,0.22124275119413,19.3199420280238,17.892555539036,2.5567111366134,1.11530730338232,2000,25.3262229835578,0.622696997320968,0.56666984840993
15048,1,1074.59967265292,1628726400000,969,1627689600000,25343681,5566.89136125654,1.49331406087387,0,0.00359804059741249,0.0559528968017469,0.136666829040253,26.5397850338351,28.0550837494891,2.93093917538343,2.33016122244916,2021,29.1002813422451,2.52375272298756,2.39430875782973
15348,1,1193.56822058705,1095638400000,970,1092528000000,4917503,2775.7396373057,0.639302043104665,0,0.0243458445472202,0.0546999098398014,0.433753364108853,21.1492290030537,19.1397195803131,3.69828847371308,1.68169299088,2004,22.2047872912288,1.37935526533996,1.03493743932263
16572,1,131.656727554601,1025913600000,971,1023840000000,1991610,3613.66169724771,0.479737404973135,0,0.109929473339815,0.510735547691168,0.44314335196791,20.863866645457,25.7143047608075,3.20907739628992,1.54269819529869,2002,22.7197117096787,0.96544155914656,0.939591417739688
17688,1,1185.75765870663,1315958400000,972,1313884800000,13860559,3052.38645833333,0.584983808706803,0,0.00236321398902438,0.0671714197849245,0.416158277230971,23.1239949188779,20.4574806772868,2.9408362116568,1.81540158058962,2011,20.707773314582,2.18475778333109,2.16679740819906
18053,1,271.536569295031,1218067200000,974,1217289600000,10043983,4765.34434968017,1.32947755532062,0,0.00564354149394081,0.0488526200036032,0.0417724544744599,27.8610119846076,29.6498111737054,2.90860774868089,1.60210774960291,2008,29.0512807897583,1.42719482396942,0.820897194190616
18139,1,355.935939364963,1628467200000,975,1627430400000,25343686,5301.75321888412,0.61083299198816,0,0.00103415569800553,0.0136059514968708,0.109096211148261,27.5263397902286,30.8025458493493,6.04118940939021,4.30120266728255,2021,31.1310265629869,4.04890867261729,3.61678633166848
18225,1,717.329480931826,1509062400000,976,1507852800000,21182246,4785.47058823529,2.29275676244606,0,0.000234950369541479,0.0252031270048765,0.137027541328617,18.832402681794,16.1094391363496,3.07694635168248,1.87542829589322,2017,20.5285180463914,1.21784237541158,0.853566990867954
18525,1,1302.18989193685,968198400000,977,966729596928,275742,6066.85404896422,1.01515375919235,0,0.028147593171861,0.173038650281933,0.297103844546412,16.6702516682356,15.7694500980962,2.54392853929714,1.28147905926015,2000,23.4023508524491,0.938449499128131,0.83532939838463
18547,1,1182.10222232609,1252454400000,978,1250640003072,11451673,2821.11885245902,0.562497854050697,0,0.00133885489751786,0.0403776841050667,0.221533167251207,22.1464498542425,20.7001183859482,3.16481256816965,1.40290761898235,2009,20.4996852238974,3.16481256816965,2.96866170816371
18589,1,51.7176112776175,1315958400000,979,1314662400000,13860580,4559.53901437372,0.215354674864843,0,0.0202598089960784,0.12122121988963,0.241569518952459,28.7633732250708,27.6000378178211,1.79594517562612,1.27806868570014,2011,26.5194650362814,1.65424739141179,1.50816470154684
19019,1,519.710239040262,1508889600000,980,1507680000000,21182217,6223.16732673267,0.379728804661496,0,0.00188863348299232,0.0183020609239835,0.250063397659385,18.0455035669391,16.5920761109238,2.67229629665959,1.44999449501324,2017,19.6568633101561,0.726479857932955,0.645991593727443
19877,1,51.5994220922489,1346976000000,982,1345852801024,15092170,4892.51479289941,0.262401600602535,0,0.0282229858821402,0.0586747583304367,0.323090142685033,29.2921695250828,28.7023492711342,1.73724038673008,1.23653745006288,2012,28.4815684340488,1.60830197242581,1.47130772265566
22797,1,709.63268598538,1341619200000,983,1340841600000,14819982,4342.14343598055,1.61839566821034,0,0.0186153793844414,0.0950636276135523,0.34197438295022,20.8507383603138,22.3725107108497,2.65538317367597,1.73755400370871,2012,27.283712585239,2.65382224515009,2.36625320335333
24235,1,4.55272864092951,1413590400000,984,1410912000000,17526021,5878.11979166667,0.00762031966172483,0,0.000312556552718175,0.00101752919770388,0.314272694156213,27.7310553693145,25.039729931178,3.00446235408566,1.97045949443568,2014,26.9440325348465,2.4744282514683,2.18271250468622
26017,1,4.56613807382569,1476403200000,985,1473984000000,19973735,5258.5333863275,0.00755317965951794,0,6.74386247627695e-05,0.000511684191816748,0.10412246082529,27.6443124121445,25.8683365518969,3.1976042630531,2.0610535337491,2016,27.008696513234,1.9294291298278,1.84441774178072
26060,1,562.646618408564,972432000000,986,970444800000,493430,2065.76701183432,0.149167858075196,0,0.0107748151562016,0.0131840319638843,0.00559230762670648,22.298620778146,16.398519231864,5.09686945346762,2.07643570920528,2000,18.6766680019613,2.61216151867306,1.9790875218092
27219,1,231.242541495394,1503446400000,987,1502323200000,20922119,5457.60917941586,0.412746454029236,0,0.00366619739094026,0.0785076716541276,0.272795222171903,22.7533248934229,25.2809163172203,4.39856567679273,2.93070218768724,2017,24.1103949682549,2.74192696013925,2.48187788986899
27412,1,493.402949148228,1060387200000,988,1059523198976,3416766,4272.25621546961,0.570482168710461,0,0.00355042465870812,0.0165317103788906,0.322989586791119,22.3633686101972,31.5424220732903,2.24740100439653,1.4511478614469,2003,31.4596063564716,1.93165303933338,1.65742962601018
30095,1,211.76544749691,1534204800000,989,1533168000000,22023698,5051.25959079284,0.432203113918268,0,0.0029625560517078,0.0508957835762103,0.219697118214553,20.9395047365752,25.8348352588977,5.82494658071175,3.67616027215983,2018,31.1226125131788,3.53476465166928,2.78451289752036
33744,1,565.241265663563,1413331200000,990,1411430400000,17501185,2866.61078886311,0.797799746610839,0,0.00928279015047949,0.0167250782349473,0.264995459033188,22.936343456004,19.11828732576,3.8869675098796,1.36954424752975,2014,22.8925012010247,2.17997852758275,1.40236994192937
34410,1,329.481732615164,1091232000000,991,1090800000000,4720724,4896.23852183651,0.549500820150835,0,0.00200368298168172,0.0842955523268389,0.0482232709259888,28.1945300664804,29.787446876769,3.45832489661404,2.3055583043698,2004,32.4061709904146,3.45832489661404,3.05163935943682
47483,1,374.842332032655,1189036800000,992,1187913600000,8866584,5225.1970865467,1.35802696131202,0,0.00225020817508058,0.0715238086111647,0.437748791945583,25.3686206157558,24.7092538338403,2.93154881584177,1.59852333674502,2007,28.5763866557058,2.86773043479652,2.70843913240213
47804,1,3.76633416636278,1382745600000,993,1377993600000,16402067,6808.71830394626,0.00689239728037149,0,0.000266519255927807,0.000867101725447647,0.221625617417676,27.862381374208,24.8043586487839,4.22227496058814,2.36820700717918,2013,28.0847502570976,2.91545910770748,2.53534362971175
50230,1,458.350294953301,1498780800000,994,1497398400000,20708210,6634.03087797619,0.637954423204064,0,0.0282911886346736,0.199763449646557,0.258016353192052,18.4681250805131,21.6335793624294,4.56383589232482,2.22501802527484,2017,22.7986821341137,2.14904841694377,1.83399785151918
51776,1,901.635338028618,970963200000,995,968630403072,411316,2391.47458242556,0.277339496771279,0,0.00771689046157923,0.0451975228002928,0.391504303972605,20.9311074710623,15.8937544201573,4.38358135651632,1.96162244937819,2000,21.6314282405986,1.97506202109279,1.23624576517588
57593,1,421.382689498071,1628380800000,996,1627430400000,25343693,4715.66054421769,2.24987381510437,0,0.00172153469395591,0.0379628306514456,0.00149853206793382,26.686571931356,28.8616244419902,3.19541841055972,1.7941716964647,2021,28.9066520928796,3.19541841055972,3.14725050152791
75989,1,57.1040421940077,1087430400000,997,1085788800000,4534289,3809.87733467945,0.314807659563118,0,0.0598474589513735,0.151007949140128,0.451461175309928,19.101109623223,23.7238461932529,2.10383908569536,1.17917410969236,2004,22.2276855881158,1.2070076406537,0.882174812175527
76397,1,238.495457115677,1060300800000,998,1059523198976,3416744,4291.02178169359,0.259682662194258,0,0.00923923074623782,0.0229621344114444,0.187977828769634,21.727051655091,32.1925905324755,2.4492894077336,1.5804651750619,2003,32.3067898428057,2.44883749919645,2.15307796913707
168013,1,389.695054322363,1509062400000,999,1507161600000,21182239,5816.08179216204,0.762402128995291,0,0.00108776436665823,0.0269346482710927,0.268675088210415,18.7875245169093,18.3779482682883,3.15965155433475,1.49850949316023,2017,21.5081319126984,1.71533250783204,1.05841276575777
