BA,DEMmean,NDVImean,SLOPEmean,rain_1months_mm,rain_3months_mm,tempMean_1M,temp_fire_C,windSpeedMax,windSpeedMean,temp_fire_C_2InitDays,windSpeedMax_2InitDays,windSpeedMean_2InitDays,duration,durationLog,random,Y
537,317.128601074219,7500.5,0.603799283504486,0.00915740269484289,0.104285245153395,18.8330750496157,20.6933162982648,2.72203233505065,1.18838424921327,22.107135603163,2.66221503895498,1.68189665343405,10,2.39789527279837,0.275867550041172,3.88810282171049
987,658.59423828125,4614.5,0.795464634895325,0.00694945417573223,0.070225220224561,24.3100754399453,24.0076288011339,2.03772938263173,1.3933758908069,23.1870626237658,2.03772938263173,1.09817456718549,6,1.94591014905531,0.347707455371471,4.94875989037817
730,470.597290039062,3627,0.967880129814148,0.0477146360702854,0.167030169317705,18.2822808583577,21.9088213024717,4.40203666516909,2.9801891770939,19.8663120693631,3.24993754729635,2.22349374732496,8,2.19722457733622,0.16895298923574,4.39581995680622
687,1292.4794921875,2384,0.299809843301773,0.0205989883245152,0.211961156492535,20.7587595409818,24.1363126482283,2.52723054917674,1.50227703006986,25.8765295240615,2.52723054917674,1.37029591149613,4,1.6094379124341,0.889448335659747,4.92289637978825
515,324.888610839844,7321,0.890876293182373,0.0135908979974246,0.106154458881917,17.4545796384094,19.1961178673639,3.11540063521008,1.68867151016231,18.9666381835938,3.11540063521008,1.84384874161074,3.99994074074074,1.60942606051201,0.418486874303082,4.63474084015172
859,324.29150390625,3548.5,0.335666626691818,0.00892394126239537,0.0110968999763763,23.4824135038588,16.9836248571223,4.55791888480433,1.85907874104409,18.0287507798936,3.24521531357167,1.74656859209439,18.0000237037037,2.94444022672902,0.601385080272189,3.81132869525524
515,1011.58740234375,5951.5,2.9084198474884,0.0515191160045276,0.0637151564942826,18.0198312861946,18.7730417771773,2.77684615121074,1.3291378850347,17.5946333567302,1.79139432802338,1.24076933246241,8,2.19722457733622,0.879262969140546,4.04694232332752
537,244.566467285156,5987,0.246915206313133,0.000473048222623618,0.0861265264978428,23.9458012816727,25.8690788450696,3.79544221176957,2.28853163449967,23.6627392662896,3.79544221176957,2.90228924113939,4,1.6094379124341,0.438937584047352,4.67656018207476
580,487.748840332031,4118,0.262837827205658,0.0103792598894543,0.0646954401264885,25.9728079436928,25.9203394571941,2.51929408612909,1.85184251522416,26.113569937812,2.37774709853009,1.73544401798876,2,1.09861228866811,0.339489375475647,5.26441581487235
730,777.654296875,5127.5,1.47616183757782,0.000534404752592366,0.141866828828899,9.3346677012828,10.1179793746383,3.45326643729255,2.36020401436322,9.73374265034994,2.7643868994282,1.7896019262095,6,1.94591014905531,0.0779753486129022,4.64713438508712
902,1032.67626953125,5812,0.830436110496521,0.0112144728368513,0.294932235401067,4.98434583875877,0.784934545446333,2.21720621017339,1.40190310962834,0.912112384372278,1.95283537401644,1.57970227613915,14.0000474074074,2.70805336159104,0.897643276476527,4.09656115847158
580,123.55451965332,4488,0.497645556926727,0.00308629896532864,0.0144219936632126,29.6612133395287,24.5267694033109,3.54783869142652,1.80966232039735,27.1655401017931,2.51059077753017,1.73984813436449,10,2.39789527279837,0.739708012968955,3.96513283074209
859,275.963104248047,3184.5,0.178116753697395,0.000278783723196341,0.0634330424914076,24.6959607866076,27.0073741700915,3.80234402315793,2.8683892522565,29.7687882741292,3.73506237216071,3.34184097842915,3,1.38629436111989,0.281610503874892,5.36947456086437
687,897.281005859375,4609.5,0.616026997566223,0.00197910905237819,0.098126308916143,24.3930761549208,27.314619029652,1.7779206475952,0.826063370995363,24.8063816918267,1.7779206475952,1.25013286303441,8,2.19722457733622,0.00835543024537899,4.33510971488613
515,870.673767089844,3297,0.35471248626709,0.0440432771068089,0.310976848031778,8.27892162774197,7.06123600006106,4.02816677413798,2.74517642062994,7.4699065314399,4.02816677413798,3.59510886783064,10.9999644444444,2.48490368682065,0.741400001614707,3.75926321384309
859,499.831970214844,4265.5,0.450528562068939,0.0167557653586705,0.0681099264194849,22.5558713701037,22.6356708708264,2.86067101832585,2.13335383832902,20.9274472554525,2.86067101832585,2.45498510607727,4.99998814814815,1.79175749391746,0.297308268120782,4.96401142806679
687,45.005241394043,4822,0.205214336514473,8.34325359342358e-05,0.0509467963846895,25.5790807744509,25.0793878396352,4.13960557266868,2.93852004651508,29.4731784820557,4.13960557266868,2.83900647423314,5,1.79175946922805,0.618135211051946,4.74057482299429
773,692.60400390625,6969.5,0.367025107145309,0.0163140519313423,0.102791028553714,20.2076469626477,18.9413854810926,5.00193437832964,3.61534933369865,21.3749356163872,4.752578076505,4.0510430145984,12,2.56494935746154,0.756183954380051,4.08532969112589
558,120.540969848633,6654,0.192939162254333,0.00779606108038067,0.14739228669411,20.5733708904636,21.0808806795063,6.47819616076577,4.14248746917041,21.994462161594,5.83209647538606,3.74637230319577,8,2.19722457733622,0.026819064151432,4.12713438504509
601,629.098876953125,5312.5,1.23444998264313,0.00354642692117935,0.034469942782426,21.6844594073552,22.4243687947592,2.66153217260734,1.78695252877498,24.039262813992,2.66153217260734,1.65398814489201,4,1.6094379124341,0.30268538721993,4.78915702210111
944,757.058349609375,2617.5,0.132252648472786,0.00936381354398463,0.0573532309838285,21.1657903814829,20.2655870437623,5.09973805810701,3.00839568271763,21.9523106045194,5.09973805810701,2.49261057325682,7,2.07944154167984,0.494490378994179,4.77068462446567
773,266.074096679688,3329.5,0.204309940338135,0.00751731634917974,0.00861564802134396,24.0546655654907,20.4783754507701,3.10414795503782,1.5966795202746,18.8882614135742,3.10414795503782,1.60418665048282,5,1.79175946922805,0.376084048851504,4.85851957935937
880,90.3285675048828,2785,0.231445267796516,0.00452143964781726,0.0699099901076607,25.1974553221016,26.2612215395328,3.4560107121048,2.0613368796012,22.9954111735026,3.4560107121048,2.66491552669854,6,1.94591014905531,0.889343919972704,4.83401175841694
859,90.157112121582,7028.5,0.290856719017029,0.0575353889854711,0.079351439038259,20.184814994566,19.4414776745965,5.77558082530282,2.80395790297305,17.9459809621175,3.6859988116269,2.74488941330374,14,2.70805020110221,0.377827708732818,4.04771872088205
708,177.027587890625,6602.5,0,0.08418660839315,0.344068221932165,15.4412581618114,20.8164950052897,6.3058749767524,3.25931817563889,20.4263024224176,6.3058749767524,4.23661780402506,2,1.09861228866811,0.743597494311326,5.46383180502561
515,590.668518066406,5008,1.49780178070068,0.00141376204997101,0.0755024046811208,20.2727457764328,21.9900140126546,2.27005354024179,1.70399524393031,21.443367682563,2.27005354024179,2.02323549795135,2.99996444444444,1.3862854721915,0.789931033947614,4.85788142847224
708,176.757354736328,6545,0.598669171333313,0.00402147037657841,0.060676640409941,21.5491880478398,20.8496743732028,3.52258250704175,2.41605988291392,20.4084333207872,3.50168889680661,2.56997772624441,9,2.30258509299405,0.861090201919045,4.25985900069967
730,443.595184326172,4188,1.15945708751678,0.0234576516424099,0.0884325592101831,22.71352941725,21.4754004523868,2.93113040642454,2.02847860747272,25.1300644768609,2.93113040642454,2.02342939332717,4,1.6094379124341,0.388388876856492,4.98360662170834
773,1307.60546875,6191,1.04186475276947,0.0283751894360407,0.208320384525301,17.8192681835545,17.6927112897237,1.86419843147119,1.25220009767792,18.1057459937202,1.59894168741331,1.2652816248814,13,2.63905732961526,0.124597684924638,4.01122171897216
537,817.536865234375,3257,1.57758140563965,0.00471056495177891,0.0299966250332275,25.9935595071445,25.4104598305442,2.10060565436712,1.1183199203731,22.6184487236871,2.10060565436712,1.14803777566591,8,2.19722457733622,0.659941816549848,4.08877351717264
859,877.426818847656,2869.5,0.0788027569651604,0.0102378498998732,0.0583706882599451,19.7752801710559,18.7309927834405,3.52280470074615,2.69384960063681,18.1746057298448,3.52280470074615,3.04451643342307,3,1.38629436111989,0.371262207776056,5.36947456086437
708,195.569412231445,6468,0.285030514001846,0.0431404969327041,0.122043399860299,14.2153149553524,16.6625910903468,5.22498463911251,2.67916314755807,13.9027282290989,3.61188157408509,2.40548400867165,19,2.99573227355399,0.743489603162056,3.56671182013973
601,1474.02819824219,5441,1.19303894042969,0.0561589722535238,0.118797459443911,16.1069248035391,14.6951521131728,1.62301925399032,1.00302854511075,14.1593808492025,1.48925486105159,1.26109063390445,6,1.94591014905531,0.208716271676391,4.45268478547989
687,873.359741210938,5310,0.282730042934418,0.00340281849298307,0.0950937615028913,21.7391655392117,26.4896584828695,3.1578494884969,2.21329769178222,27.1553754170736,3.1578494884969,2.20083617249065,2,1.09861228866811,0.183983619727895,5.43372200355424
773,500.691223144531,6518,2.06311130523682,0.00320173297482285,0.0799716890964,20.1532024752709,22.5986901283265,2.57200325354715,1.32629186075455,21.9061203426785,1.8873975971371,1.22613594152539,9,2.30258509299405,0.72063644259082,4.34769395559338
558,517.607055664062,3726.5,0.627121031284332,0.0129412286829051,0.0243116603583147,23.191947227396,23.3867822647095,3.05939405789121,2.15178047282516,24.5274213578966,3.05939405789121,2.44394160885901,3,1.38629436111989,0.400012533468426,4.93806460126142
708,1076.72741699219,6194.5,1.13683915138245,0.00912297857130895,0.0896420326335985,17.5175451702541,18.4609784444173,2.06602134295166,0.8055732987567,20.1478254954021,0.953598295597484,0.601707406693674,6.00004740740741,1.94591692151915,0.164874930235694,4.61652717217457
515,893.448547363281,2566.5,0.298754960298538,0.0159323690717876,0.0642991147148209,17.5612612775577,12.5764169763636,4.75591674819273,2.89425576665607,13.5131906297472,4.56393243223072,2.92014359598255,6,1.94591014905531,0.484164024139502,4.29825675160842
558,768.426147460938,4885.5,0.612134158611298,0.0136382880418537,0.0701807218774562,18.8723543379043,19.2270714512578,3.80536932063989,2.19147417505145,20.7498741573758,3.80536932063989,2.90560000115094,6,1.94591014905531,0.314720644668119,4.378448813326
966,662.526123046875,4867.5,0.975771427154541,0.0367740041868139,0.106968709692854,19.6218060401179,22.77320505778,2.18341186131686,1.41042984383928,24.1337051815457,1.2006118460553,1.11326823640238,3,1.38629436111989,0.388191151814696,5.48686947309263
880,1277.9384765625,6075,1.41224324703217,0.0370784414053347,0.127137485024541,19.0521051632462,16.4434253533682,3.99393496949345,2.20391098415724,18.1997147030301,1.93902635577705,1.1850066377783,13.0000474074074,2.63906071585291,0.00538941016898664,4.14086119161934
687,709.659545898438,5273,0.189250126481056,0.0228454528800164,0.089041512298639,17.583297265986,15.1177769343058,2.00588267452676,1.22115941143905,17.6561057196723,1.49751344149673,1.05083826264665,7,2.07944154167984,0.672254410052297,4.45289275054251
816,807.77392578125,5553,0.659320294857025,0.00167081827004267,0.0541322180742263,16.7533610026042,19.3661015192667,2.89157170246893,1.0894920924238,20.5031274583604,2.00596101952054,0.889514668589108,9,2.30258509299405,0.729168053807186,4.40182926197006
665,598.891967773438,3985.5,1.08884632587433,0.00500163326183767,0.093081672972275,20.2105227111489,22.0454512914023,3.46777590463255,1.96954679238638,21.9861571417915,2.23774342685989,1.66893929987792,7,2.07944154167984,0.856559508606705,4.42034549897602
537,107.26643371582,4576.5,0.279025703668594,0.0129181838470025,0.0379937667242025,21.5717994607905,21.8467354365758,4.43466518974385,2.73745093659142,23.6774553087023,3.54413284335541,2.42781663642065,4,1.6094379124341,0.20802004848303,4.67656018207476
751,1342.5146484375,5691.5,0.555500447750092,0.0264849101278415,0.246635363818388,6.06686190024192,8.67802263895675,1.47237126967261,1.1060152927379,9.19728749593099,1.47237126967261,1.26399534553208,4,1.6094379124341,0.0670878365650585,5.01196773933003
859,1073.40319824219,4893,0.56400728225708,0.00842309431251209,0.242855365525653,20.035115486063,22.582652982076,4.24891693652639,2.09252117652975,25.3822246551514,2.40793678604015,1.77334846093811,5,1.79175946922805,0.130630608320194,4.9640094527562
902,786.863159179688,3203.5,0.196390688419342,0.0105886734992566,0.0436364609863524,21.0032789045765,16.4642872174581,4.83909253722152,2.16658042613805,21.7148126390245,2.27114698698926,1.62387539421224,21.0000237037037,3.09104353079881,0.731185756627318,3.71357098926381
880,304.22412109375,6506,0.997882843017578,0.244878089984603,0.388712357704417,6.43715756734213,10.2799271901449,2.65906128482862,1.47377288110438,10.2392180124919,2.65906128482862,1.66936066578438,8,2.19722457733622,0.00384447063249493,4.58269733013603
751,480.750671386719,7415,0.690309703350067,0.002720468086995,0.283577568468356,22.0175084431966,24.1826748212179,3.97944460936662,2.00814873471125,24.5223743014865,2.48653107468447,2.05457176902928,5,1.79175946922805,0.370766885620441,4.82964618253608
537,825.979248046875,2614.5,0.90640515089035,0.00478773076952166,0.0748632354593894,25.8644971211751,27.3095564206442,1.95670725648535,1.35930459917784,26.8795715332031,1.95670725648535,1.72054540779621,5,1.79175946922805,0.260271416508238,4.49423862528081
837,836.152282714844,7226,2.21104669570923,0.0573345198087303,0.173123466307391,19.6877114367741,17.8263506687048,3.54304169770109,2.86237275445135,18.4172261979845,3.27454680922614,3.00509522657576,8,2.19722457733622,0.00303058033689096,4.53259949315326
837,944.177612304688,7169,1.53973245620728,0.0147042630242993,0.0871690952154438,15.8648754324964,17.8573794740619,2.79827957149238,1.06360501811943,20.9742815653483,0.633150511750862,0.488584992584186,8,2.19722457733622,0.189359813174542,4.53259949315326
601,525.271606445312,6617,1.25371539592743,0.03706977987936,0.0823664683391527,19.3409528096518,21.7987469991048,3.1144919998429,1.25674761563932,21.3646622127957,1.30612657530108,0.811319233046236,8,2.19722457733622,0.676636359401315,4.20137035719899
816,155.26789855957,4071,1.30315589904785,0.00483858909854362,0.0765333436766689,23.8970103369818,25.3873649597168,1.30723281951133,0.834909905388807,24.4225260840522,0.790876380307923,0.65848932657701,5,1.79175946922805,0.540745261871731,4.91265488573605
601,137.790145874023,5748.5,0.232381418347359,0.00328102424873222,0.118386092530098,21.7508367394888,23.0395736058553,5.51602894872431,4.50769148122872,24.8512804667155,4.46042984973724,3.79612214433037,7.00003555555556,2.0794459861144,0.0791294419075125,4.3191489484208
515,356.971221923828,3278,0.42324024438858,0.00102651305181922,0.00228555060098046,27.9782406673637,24.4574564898456,3.90197499843334,2.12797364411095,26.71999935574,0.986543892573162,0.731909019509583,6,1.94591014905531,0.299819642987012,4.29825675160842
644,590.668518066406,4969.5,1.49780178070068,0.00669548931627517,0.0411619499664546,20.6568820174023,21.0481597173782,2.80652666609439,1.78412143729532,23.3829043070476,2.65596056836601,1.77861666630134,4,1.6094379124341,0.681054723101229,4.85826081367025
751,311.277404785156,3656,0.156848594546318,0.00178578859322442,0.0607784397993321,23.9683852089777,25.1296244091458,3.00091916079093,2.51743207830381,27.0550425211589,2.78476995910011,2.4025424277666,3,1.38629436111989,0.000959362768403915,5.23511129064424
966,899.250122070312,1721,0.601141214370728,0.122159250887609,0.318865694483865,0.0486477034432937,6.04013075395068,2.34043353067714,1.61389965138539,0.457105467054589,2.08064022558227,1.61193864659422,8,2.19722457733622,0.0250468909413756,4.6759392568763
558,629.562255859375,6780,0.620564341545105,0.0432948510481204,0.160569812662061,19.6412059496808,19.5722284589496,2.80684360227179,1.34271356336682,14.6856533050537,2.80684360227179,1.9164308754958,11,2.484906649788,0.60458446761604,3.83945231259331
708,242.229202270508,3301,0.340224415063858,0.0121891373343601,0.0930491322062963,23.5716537434567,22.0519468943278,2.26223980846772,1.53811650541142,20.1771827697754,2.07555131175491,1.39292828981276,5,1.79175946922805,0.5390274698614,4.77068462446567
730,597.414733886719,4621.5,1.0817699432373,0.0134335832660035,0.115077404291963,23.1839593039618,26.9149618925871,3.57287263037675,2.1205273037284,25.703512234158,3.57287263037675,2.66073926442691,5.00004740740741,1.79176737043141,0.115848696385225,4.80127716371103
687,512.335876464844,5393.5,1.7194412946701,0.0147137417593477,0.169815024570479,18.4761261970766,23.9877806345622,1.76914616461186,1.00332655261351,22.1765020582411,1.76914616461186,1.09442507467384,7,2.07944154167984,0.0829674034418908,4.45289275054251
708,611.967529296875,6137.5,1.47279584407806,0.00866604511359981,0.0881644003152431,22.3910550025201,22.6068939671372,3.23780805546108,2.14236285444436,24.6206114451091,3.23780805546108,2.7614584160539,8,2.19722457733622,0.85852852728207,4.3652195163575
773,1322.65576171875,2038.5,2.79820513725281,0.11667286174427,0.31879010484997,2.10205343513081,2.85762042999272,1.91040157383644,1.22502178388295,2.58540369669601,1.7353057499176,1.16786206147266,7.00003555555556,2.0794459861144,0.716465072212787,4.57083306247302
537,350.723571777344,6472,0.458133906126022,0.00991292333070959,0.0898432742899224,22.2769466400147,24.9085696480491,3.14542506659388,2.08669142630546,24.3105460696751,2.96044773956642,2.39854043337695,8,2.19722457733622,0.882143154115175,4.08877351717264
923,108.915046691895,4902,0.250847280025482,0.013904412582022,0.0322201881524187,19.9373302541753,26.3007593427386,4.70456445160939,2.40227885800003,28.0150657653809,4.70456445160939,2.67223349892497,4,1.6094379124341,0.866515407844548,5.21819132206875
580,777.00732421875,4382.5,0.987977206707001,0.00188067132313563,0.0550298491233825,16.6359564887153,19.3320479287042,2.48590491127745,0.975554644836349,20.1793427361383,1.75108077085001,0.77643019370856,3,1.38629436111989,0.0140419286661614,4.97673374242057
601,906.055419921875,4174,1.1668426990509,0.00922050491649884,0.0305447154613887,21.646173895559,23.2722701679577,2.14581048441638,1.22661268131617,22.3540314992269,1.4215765715309,0.884292061950034,7.9999762962963,2.1972219435879,0.0179684131510621,4.20137299094731
816,501.263366699219,5006.5,0.624435245990753,0.00757735639619028,0.0634226410231271,22.5701809626754,24.706904912878,4.009535976811,2.34837302643726,22.7642027960884,4.009535976811,3.40013356735139,6,1.94591014905531,0.298589652002851,4.75850420590879
708,199.577117919922,5523,0.143222466111183,0.00586163992111821,0.0483322086714644,18.4619653066,21.2289968246069,7.33523681698218,4.00621261575678,19.658609644572,7.33523681698218,5.6428187461971,9.0000237037037,2.30258746336161,0.666097060369298,4.25985663033211
644,832.953430175781,4395.5,0.685582637786865,0.00593221933958787,0.0943262651563366,25.1490303251479,26.5752728780111,2.90144257689378,1.16198881149231,28.8999104393853,0.917624075597156,0.561784448902808,7.00003555555556,2.0794459861144,0.54067226623744,4.38825273998995
923,539.131408691406,4412,1.52724707126617,0.000674407064749971,0.0202881151119314,23.0741947215091,21.2602189805773,2.52789455643874,1.2085042387103,23.3515263027615,2.52789455643874,1.07480116487132,6,1.94591014905531,0.828998236657168,4.88171908544754
537,549.55419921875,2472.5,0.00252876570448279,0.00426063405726751,0.0465553784550572,24.8875471115112,26.7589186532157,2.47784083133266,1.97112438196831,23.1443240271674,2.31752658734546,1.83553789499926,4,1.6094379124341,0.0748337779300422,4.67656018207476
945,807.548400878906,5950.5,1.33595824241638,0.00101361921302257,0.051466202043553,25.152387278567,24.2650450187817,3.96817064040993,1.90459300166207,23.6664594438341,3.7740510688528,2.52180307121017,16,2.83321334405622,0.0518952899521007,4.01797158343753
558,696.610229492188,6750.5,0.614297389984131,0.0297569114396943,0.245283670362735,22.6481184272356,25.4393921707616,3.83714414168916,2.10525601974213,26.086203511556,2.46868360635152,1.98445792350641,8,2.19722457733622,0.034596541933251,4.12713438504509
880,1199.90551757812,6674.5,1.73823463916779,0.00250314542070385,0.128059262881223,19.576941098449,20.3506306966146,2.19194495435104,1.17353891727952,21.3719821929932,1.65908452591218,1.11690845894762,8,2.19722457733622,0.865535254565606,4.58269733013603
730,3.06595373153687,3592,0.0348584428429604,0.0265014182994818,0.0369355610658424,22.5632472356161,20.5012714154793,4.15723548819321,1.91202450164487,21.0914319780138,4.15723548819321,2.10437680240735,7.9999762962963,2.1972219435879,0.357489627299987,4.39582259055454
601,672.647277832031,2480,0.254216521978378,0.0141222835351051,0.0260769832009444,22.9267581283406,18.6451250871023,3.27119964988573,1.80629438218843,19.7010356479221,3.27119964988573,2.24925400020712,5,1.79175946922805,0.396333573008221,4.60683546530715
859,934.164367675781,3846.5,3.03069806098938,0.00204808082869334,0.0397439770394286,23.4495032197685,24.1897517204285,2.26794759486609,1.30168024803182,24.5565279218886,2.26794759486609,1.50103436006965,1,0.693147180559945,0.312001942354727,6.06262174142431
708,764.862670898438,3688,1.72151350975037,0.0111096662892187,0.128282917081265,23.8560807334052,27.1864937252469,1.82502449425867,0.993795788079864,25.2520771450467,1.26799064767673,0.921098364967265,12,2.56494935746154,0.58623163885255,3.99749473623218
945,969.084045410156,5805,0.715162694454193,0.0307656902494529,0.074645867501367,19.697273549726,19.5667717371231,2.43152174021857,0.942223634326171,19.8948888142904,1.1929156572969,0.71100831498904,10,2.39789527279837,0.353150639154397,4.45328965469537
966,364.802062988281,5552.5,1.05770993232727,0.00234511664551817,0.0199015774487989,25.2595979300879,24.4277487225003,3.67982461445038,2.30200953824888,28.4772044711643,3.67982461445038,2.01603764417376,3,1.38629436111989,0.176380395854731,5.48686947309263
665,408.604309082031,3356.5,0.323918342590332,0.00251883101071826,0.0108552041597179,25.3006876545568,27.5532948246709,5.80061754181801,3.72903640414206,28.1146624247233,5.80061754181801,3.77452054184109,6,1.94591014905531,0.449373919357156,4.55387689160054
537,259.911468505859,5811,0.250841468572617,0.0192258685273323,0.110459503807814,19.560348616706,22.6428316752116,4.03273521643832,2.72702468238843,21.5665879143609,4.03273521643832,3.26868683079687,2,1.09861228866811,0.537341214822941,5.18738580584075
816,896.57763671875,3655,0.241824090480804,0.0184464943250333,0.0598227331678807,21.1201185082877,21.5243901570639,3.13318468697944,1.7318181664944,22.9386330074735,2.69803644744283,1.51760745070045,6,1.94591014905531,0.172069518500082,4.75850420590879
537,536.270751953125,4214,0.574268221855164,0.0189439612925035,0.0355764350447103,22.9997681525446,20.5887504577637,4.93589878211564,1.94310568787137,23.8566725413005,4.93589878211564,2.43949410697489,5,1.79175946922805,0.723730343225459,4.49423862528081
880,849.817626953125,5097,0.693582653999329,0.016147288835981,0.0689707391831291,18.4258255579139,20.4450394254742,1.76527567432941,1.03312411895348,18.3022618187798,1.76527567432941,1.20149790880637,8,2.19722457733622,0.108044000632867,4.58269733013603
837,551.80615234375,6304.5,1.39332354068756,0.0013660186019564,0.0337255557964866,17.4225454330444,15.4771006755341,2.68906975822669,1.49106863284026,19.4310527801514,2.68906975822669,1.13496165164971,10,2.39789527279837,0.343242148711823,4.3319287976911
751,608.16796875,5189,1.44829857349396,0.0166731478341546,0.104836018255476,22.1847176787674,23.7583562578474,3.86323414182124,2.45301539761736,22.6822961595323,3.09664337007501,1.79708783762518,4,1.6094379124341,0.387918619175387,5.01196773933003
580,611.967529296875,6257.5,1.47279584407806,0.0152683650474792,0.0638459578495834,20.5690596262614,22.6613514935528,2.67755267694318,1.63012598342401,24.4077470991346,1.57221759023324,1.04920089667477,6,1.94591014905531,0.812187141553228,4.41711795448515
537,465.988494873047,5727,0.419213205575943,0.0115263195403088,0.145435739925524,20.5673518109066,20.4408723407321,3.11066211935127,2.14773648280857,16.5265344407824,2.61034368958911,2.03675499458902,9,2.30258509299405,0.49060112424849,3.98341300151482
558,257.722961425781,3314.5,0.203715592622757,0.00413830478930421,0.0604701931164904,27.09008263482,27.7103911399842,3.68159144463356,2.08970854963911,25.989505174425,2.2802951069466,1.89807951735313,13.0000237037037,2.63905902273552,0.732392252484339,3.68529993964579
751,1199.90551757812,5987.5,1.73823463916779,0.0483216520559218,0.176351962373978,4.1313169903226,5.00075022379559,2.14430937837515,1.02558301482705,5.91816037495931,1.26530365105085,0.714433929398434,7,2.07944154167984,0.696023775984924,4.5419641100843
515,545.44384765625,5734,0.265080899000168,0.00437818051212702,0.102236821436776,21.8721260494656,21.0461504040342,2.99195877122605,1.98725923388753,20.899131181505,2.93163337949226,1.97810074965567,8,2.19722457733622,0.251020968542431,4.04694232332752
859,522.818115234375,2250.5,0.245343342423439,3.28008810193126e-05,0.0272750322758135,25.4812249091364,25.1874252897321,3.99738482018218,1.80808497761181,25.2160837809245,1.58292351956128,1.33942375198985,8,2.19722457733622,0.388032630559935,4.55854434464804
902,986.648010253906,5195,0.727876424789429,0.00263943674855227,0.0359510228304885,16.5532050450644,15.82425365448,2.55614251557974,1.26727148828457,18.369744237264,2.55614251557974,1.06851317079787,15,2.77258872223978,0.775955180614726,4.03202579782284
580,819.281372070312,3247,0.216268509626389,0.150961990085651,0.356758610776602,7.84717415703676,9.12116953531904,5.92514349387649,2.33356523853816,10.1770573086209,2.71733714214071,1.67009095133784,7,2.07944154167984,0.263036230261392,4.28358656186063
623,793.153381347656,4651.5,1.15073144435883,0.00343784453603035,0.0818687371499784,24.6863285064698,25.1414201948378,3.06030730344352,1.78733433762054,26.1209630330404,3.06030730344352,2.09830720233434,3,1.38629436111989,0.499239235750229,5.04825215766756
837,514.795043945312,6652.5,0.848307371139526,0.0369884074228182,0.12733253024879,18.8464325197281,17.5962818839333,4.60676921776568,2.77495488372564,19.1138450198704,4.17249669099154,2.3269164852044,8,2.19722457733622,0.441540575665898,4.53259949315326
923,834.425109863281,4584.5,0.447462916374207,0.0101765636276809,0.130176006815908,23.3312241660224,23.1038890838623,2.89201485841259,1.8817753669819,24.0410864512126,2.64325883106101,1.69707754549545,5,1.79175946922805,0.780580367313099,5.0358697652748
623,942.519958496094,2149.5,0.292135506868362,0.0165879338521897,0.0649240468890397,18.3682330634004,11.9999789909081,3.89859136112926,2.67306745419493,10.7183842553033,3.58600933691488,3.15838402205746,6,1.94591014905531,0.546932071520029,4.48863636973214
515,804.064331054688,5894.5,2.63563776016235,0.00479648351682371,0.0665358273339827,13.2450284937377,10.9207726655184,1.86003074783039,1.14446303167435,12.151380581326,1.6535809783307,1.11793556994775,6,1.94591014905531,0.583843540458055,4.29825675160842
837,379.848236083984,7324.5,0.0858931764960289,0.0278020057625028,0.0970499526804254,19.2114066954583,19.1712807443407,6.98500012841898,6.04072457081041,18.9945738474528,6.67539242447124,6.04482413450827,9,2.30258509299405,0.0226215864616223,4.42723897749543
623,764.862670898438,3465,1.72151350975037,0.0113440129375491,0.103552928039768,24.4441534466213,27.6532563527426,1.82502449425867,1.01802826245073,28.2742735968696,1.21793285660971,0.866188758963608,8,2.19722457733622,0.582983121828507,4.23732194145123
558,743.770751953125,4242.5,1.04998385906219,0.0146371097447009,0.0265434909161151,28.3832806084746,26.7569831283005,2.04730782671477,1.09837350337578,26.076976606581,1.32555805681758,0.853780979401079,6,1.94591014905531,0.0728975209203926,4.378448813326
623,114.353584289551,6471,0.401019960641861,0.00877988373701299,0.0768553476875589,21.797761597172,23.1988814036051,6.42579698559613,5.54245717214561,22.2432988908556,5.88512078488862,5.2489838485666,6,1.94591014905531,0.709999517538948,4.48863636973214
751,638.403747558594,2662,0.0350124575197697,0.0745713195906887,0.0816935182263343,17.5613915125529,14.5146191632306,5.04854301469187,2.57414900640729,14.2734224955241,5.04854301469187,3.75647685379001,6,1.94591014905531,0.741186858087451,4.67549550270882
966,131.291839599609,3169,0.287973821163177,0.00107591561512521,0.00175418505024538,25.3856517914803,21.0964495159331,3.97424629690429,2.45471427728353,22.8963343726265,3.91212551953008,2.51358609897538,11,2.484906649788,0.508824091636257,4.38825718442452
580,561.342529296875,5896,0.54654335975647,0.00250558503180542,0.0782725007447347,19.9896922860095,21.6020395914714,2.44452659641897,1.3418531711186,20.0413494533963,2.12198971312541,1.62020972061647,9,2.30258509299405,0.346371568860467,4.06044301054642
730,295.841217041016,4352,1.65077483654022,0.00162053134133799,0.040318526624084,24.7190828535292,27.7029191450639,3.96221978719887,1.97605226265684,28.0615603552924,2.2803947519902,2.16004325855741,8,2.19722457733622,0.514822987352589,4.39581995680622
665,1162.64501953125,5471.5,1.39776957035065,0.0123842552284792,0.157188180207498,18.8904834535386,20.5124647140503,2.12833832559895,1.16065719168533,20.8350985209148,1.95036644523559,1.09227905881368,7,2.07944154167984,0.0675284416121441,4.42034549897602
859,404.150054931641,2941,0.33629047870636,0.00127647765189209,0.0369976998480901,23.5853114056331,24.0229106903077,2.35932469819861,1.48310109660268,24.0309870402019,2.07028427826152,1.73233812860673,13,2.63905732961526,0.00861502068476216,4.116711592369
623,590.406982421875,3758,0.243133217096329,0.00608423089634158,0.137304127014726,26.2856830596924,27.7540282567342,2.65621434859297,1.34636280584146,27.4847126430935,2.65621434859297,1.489929608544,3,1.38629436111989,0.588933653232121,5.04825215766756
708,1555.96435546875,4683.5,1.42539298534393,0.0974067487544623,0.38652029437559,3.51724749671087,10.7745417700874,2.36479638283452,1.42227476256182,9.67647069295248,2.34344331693322,1.38911523864947,12.0000355555556,2.56495209250053,0.747207083548607,3.99749200119319
558,969.084045410156,6017,0.715162694454193,0.03054109778693,0.117720472066971,19.4356502081758,20.0252296023899,2.65799566450627,1.54267221192259,19.3577160729303,2.65799566450627,1.81846653645793,3,1.38629436111989,0.297182982593395,4.93806460126142
708,1402.81787109375,1983,1.77983152866364,0.0987154274808759,0.322494930786334,1.69180125736057,4.29170264403024,3.15675843468527,1.62184102644439,2.76903665330673,1.68011337254867,1.28061920906621,13,2.63905732961526,0.813150523779033,3.92338676407846
816,633.021179199219,2211,0.0955287367105484,0.00440154517482938,0.0285712926460882,23.7092290570659,22.3656855583191,2.08612064510698,0.951911737968665,21.5216579861112,2.08612064510698,1.44297922033962,5,1.79175946922805,0.50040397574009,4.91265488573605
730,80.9421768188477,7387.5,0.284086018800735,0.113135523968388,0.153847706007543,19.7980523755473,20.213512096983,4.19787958224163,2.27690832284198,19.7488725874159,1.31632617077793,0.796863578134966,18.9999762962963,2.9957310883681,0.67271659326216,3.59731344577433
515,171.932983398438,2784.5,0.213123515248299,0.00390108046548221,0.0842056008932701,25.9693705240886,28.7307863871257,2.71784539901518,2.01650217819614,28.1525222354466,2.71784539901518,1.97324775115175,2,1.09861228866811,0.781693546496771,5.14555461199563
816,458.521728515625,2836.5,0.336971074342728,0.030348355851288,0.0819435016663483,25.0597966088189,28.8668161392213,2.37409957620424,1.77919206937542,28.8224951850044,2.37409957620424,1.95394900087468,2.99996444444444,1.3862854721915,0.800500318105738,5.31812888277261
880,787.152954101562,3469.5,0.376694828271866,0.0100991672786961,0.0293570971494717,21.1362672908332,21.5260796440973,3.37749068893189,2.02166728556554,20.9879089355469,3.15918989525729,2.43037328590703,6,1.94591014905531,0.689477236272033,4.83401175841694
751,724.608825683594,4228,0.702479243278503,0.0131494753908505,0.0458936349838339,22.0617715650989,22.1937419891357,2.6715164057473,1.87001741444081,23.2926532321506,2.6715164057473,1.58655381653671,2,1.09861228866811,0.0267069259667359,5.52279336309603
751,268.401489257812,3584,0.157568335533142,0.0960166542416587,0.236937007117657,8.90869756426133,12.1190097210455,5.19296422837971,2.35054860785165,11.2243002149795,5.19296422837971,4.55453590437757,14,2.70805020110221,0.718181254395067,3.91335545066192
966,807.548400878906,6239,1.33595824241638,0.0115803648623327,0.0400291104947641,23.480426979065,26.9772826724583,4.18137953766743,1.52025250344901,27.6496022966174,1.53697971564206,0.905279685996945,9,2.30258509299405,0.70634760230913,4.57057874121847
687,147.991790771484,4992,0.398301273584366,0.0190355285773371,0.0316461551491969,23.4941134175947,26.1364059448243,4.31983045519526,2.42808854256323,28.1445586310493,2.4078850388785,1.72998971372663,2,1.09861228866811,0.135109982335944,5.43372200355424
708,60.8320960998535,2394.5,0.30181297659874,0.00429412243380511,0.0776202830430321,24.4759830228743,25.5558907084995,3.54599212455285,1.97265616037286,22.3877180311416,3.54599212455285,2.62984689392301,8.00004740740741,2.19722984481206,0.0906707008861911,4.36521424888166
944,514.96533203125,7720,0.417497098445892,0.0347599743960778,0.179891194526576,15.1299065702706,18.7733790927464,4.720484279931,2.2552614979524,20.0081670973037,2.9919858607266,1.95924084556409,12,2.56494935746154,0.0182957937881166,4.28517680868396
902,851.283569335938,6130,0.764110267162323,0.0424552596725789,0.15669839540633,18.0427159422188,14.6735122362772,3.78925226733611,2.02807892263401,13.2012374030219,3.78925226733611,2.52088417813576,5,1.79175946922805,0.254120802725417,5.01285505083457
966,728.254028320312,6531.5,0.571311056613922,0.0134923595295717,0.0961083254138089,16.4658924923149,15.4789923741267,3.63267338058676,1.60721858807886,18.556767823961,3.63267338058676,2.07076565979238,10.0000474074074,2.39789958255339,0.786006892351472,4.47526425165912
558,1110.06665039062,6466.5,0.212916001677513,0.0397269438713543,0.0932349866178903,12.30607156651,8.95062617881626,1.98343121143675,1.25374940241896,8.8819332546658,1.66720865012991,1.43227880962086,14,2.70805020110221,0.24057752339303,3.6163087612791
687,955.760864257812,5654,1.82678723335266,0.012316622323393,0.227366123717221,4.05162828233512,0.591798639297508,1.81274753130652,1.32674191388814,1.71698977152511,1.72200138851864,1.14504787673424,5,1.79175946922805,0.339831482813165,4.74057482299429
665,1165.77807617188,2989.5,0.537492096424103,0.0125730404383795,0.132788483676649,24.0381918343164,24.527895863851,1.74168989963502,1.39171656901559,23.7952565511068,1.61044840431535,1.40388190954364,4,1.6094379124341,0.250120891758271,4.89034912822175
665,343.13671875,3596,0.549767136573792,0.00198811085293116,0.0597718476029101,24.8607090652631,22.7382758458456,3.45933441881557,2.54209818251318,25.0000436994765,3.45933441881557,2.54075421956032,7,2.07944154167984,0.354023505848489,4.42034549897602
623,969.084045410156,5461,0.715162694454193,0.0182222278976951,0.0373539678794899,21.3315972235896,20.6650020946157,2.58578502421782,1.46645182060627,20.5223533206516,2.58578502421782,2.08346246991154,8,2.19722457733622,0.851696337827698,4.23732194145123
558,428.007843017578,6818,1.16050899028778,0.00251029316390472,0.082663738441358,21.9904126280098,21.0099276330736,3.1197817992192,1.96564860236111,21.0606908162435,2.51942275605975,1.94198902203001,9,2.30258509299405,0.111305962294025,4.02177386938726
751,3.06595373153687,4776,0.0348584428429604,0.000318610964406218,0.0390164812182832,25.0969138675267,24.4197797139486,3.64298919024742,1.02722388145352,25.5105406867133,1.16854208489428,0.573521649869654,12,2.56494935746154,0.54888346084182,4.0564562943026
837,382.994506835938,6570,1.86405694484711,0.00764663522841147,0.124880086583413,18.7131286621094,18.3075571219127,1.70800714797619,0.856168223767382,19.5180651770698,1.08242895220355,0.928961246215264,5,1.79175946922805,0.772539759614816,4.93806460126142
944,160.713027954102,6761,1.20387125015259,0.0433268547552004,0.152086935270457,18.9550645971811,19.7336812761095,5.30367015942272,2.9583645119636,19.3913244035509,5.03332986838735,2.87858166731685,12,2.56494935746154,0.734455528764378,4.28517680868396
601,370.504455566406,3207.5,0.358546048402786,0.000985601183206342,0.0222445219040601,25.8410620617611,27.7935232480367,3.13843244757349,1.9570399043152,29.9522095150418,3.13843244757349,2.5801672821437,5,1.79175946922805,0.486475287091282,4.60683546530715
537,244.566467285156,6226,0.246915206313133,0.0132616885604513,0.0509590920393741,22.8153520584106,21.3735367880927,4.55894468577715,3.87215192313708,21.2510213216146,4.55894468577715,3.98203435896349,3,1.38629436111989,0.393730704796777,4.89970373338897
902,243.150802612305,2517.5,0.194134742021561,0.0165735766786987,0.0189368903993241,23.4446603590443,19.5899487268357,3.94693176320333,1.66395201549119,19.8511236402724,3.94693176320333,2.85289807347261,11,2.484906649788,0.823794610660883,4.31970787027462
537,784.13427734375,2914.5,0.155079483985901,0.00269538513526868,0.0680935728849299,8.32172333728312,9.39546689987185,3.10625090736432,2.07306942130721,10.4908822801378,2.44160029056582,2.01592144779441,5,1.79175946922805,0.476761232765247,4.49423862528081
794,753.998291015625,6884.5,1.9947110414505,0.0139975472144691,0.0900700264518157,22.9539349750806,24.651920621823,3.53424134252625,2.3767405012198,26.1290860070122,3.29687678180291,2.82660740482347,10,2.39789527279837,0.0646718818275577,4.27918818844877
537,779.1259765625,6233,0.518483519554138,0.0464325560139116,0.101796117117743,16.3781462310463,17.4648147583009,3.19661374149376,1.33590320148282,19.1189162360297,1.91864670550931,1.14430183600092,9,2.30258509299405,0.327997933975873,3.98341300151482
687,769.01708984375,3763.5,1.1646226644516,0.00465763630870342,0.0941365851732137,26.547548938054,26.6204908775561,2.47043106169558,1.48131981730617,25.8077604929607,1.75263870304026,1.24331316767117,8,2.19722457733622,0.425048159765958,4.33510971488613
558,1402.81787109375,6378.5,1.77983152866364,0.0438228066175235,0.149490157837896,18.5833685557048,19.0567831533927,2.58802168085063,1.2385812468829,20.2392703586154,1.24481559046182,0.861016659135713,6,1.94591014905531,0.0742831903510554,4.378448813326
537,319.432464599609,3674,0.408415168523788,0.0128673703211462,0.0754441137148198,22.6573308185864,24.192773957686,2.88310944641218,1.99341105185219,22.1630029042562,2.30853745787207,2.18783358970206,8,2.19722457733622,0.378106366977118,4.08877351717264
837,804.064331054688,5916.5,2.63563776016235,0.0254428850714596,0.0955911614655989,21.7028732997115,20.617142534256,2.05292985403991,1.05104715468634,23.9628001742893,2.05292985403991,1.05765908400147,5,1.79175946922805,0.790517826071981,4.93806460126142
601,763.598266601562,7808.5,0.741504788398743,0.0636038854337144,0.24494291621324,13.8812864857336,16.2768788019816,4.53105493324949,2.32792332585449,15.9509508768718,2.56167986356447,1.55024875185697,7,2.07944154167984,0.45256313770426,4.31915339285537
537,754.970397949219,6623,1.23654174804688,0.014409588708169,0.144203946075887,19.3112383073376,24.7252232304326,1.74063111775758,0.98968334494951,22.1727865431045,1.74063111775758,1.20933946836762,5.99995259259259,1.94590337654561,0.148140325444727,4.34009471796326
987,982.670471191406,5284,0.241291731595993,0.0185552655287253,0.0778459383362922,20.5694277240383,18.9156694571178,2.98601240394569,1.99857849245348,19.2958257887099,2.98601240394569,2.73953302165683,5,1.79175946922805,0.0150726031246661,5.10291057020543
558,797.058288574219,4854,0.760298371315002,0.00426125489403972,0.0704535507175343,26.2150732348043,25.9206695274071,3.86277028086001,1.73247655312052,25.1733636220296,3.86277028086001,2.09263766480929,6,1.94591014905531,0.0301219721674616,4.378448813326
837,387.957366943359,5676.5,0.562925755977631,0.020996650392874,0.0300803617925069,22.4405600517028,22.3976755301158,3.56614658488187,2.65295872939157,23.1715177324083,3.56614658488187,3.02610352633265,5,1.79175946922805,0.320600097201499,4.93806460126142
794,1335.70385742188,3743,1.03676283359528,0.0238952639310597,0.0680717158302073,21.349923239814,23.2529395845202,5.27239306894741,3.11135946036926,23.9622765011258,5.27239306894741,3.90188388384389,3,1.38629436111989,0.801195058885954,5.29078910012725
644,632.731140136719,4658.5,0.553855657577515,0.0521718987714976,0.226104538353823,4.33328506378899,7.80152691432409,4.29743300666588,2.76007870100054,4.02868211534286,4.29743300666588,2.98173562344311,4,1.6094379124341,0.603586619176835,4.85826081367025
880,832.953430175781,4618,0.685582637786865,0.00169442832825695,0.0965177255851373,25.1071618609958,28.2136559077672,1.7243708071643,0.823855662005977,24.156344350179,1.7243708071643,1.22657185994491,11,2.484906649788,0.051753549749795,4.29501525768425
601,1526.57299804688,5518,1.08147072792053,0.0289044259615814,0.0833224488610824,16.5142693550357,14.6109378930295,1.93016085931809,1.35545509812507,13.9784357706706,1.93016085931809,1.67485030569183,8,2.19722457733622,0.400007363245115,4.20137035719899
623,768.426147460938,4526,0.612134158611298,0.00719687808096126,0.088904807528067,19.315558327569,22.4460185527801,3.27783317941668,1.98631407915246,21.9918577829997,3.27783317941668,2.44895003949057,5,1.79175946922805,0.417574265099495,4.6427870495594
623,453.796691894531,6134,1.1252030134201,0.0107298629587156,0.0605381572530241,23.0900431479176,18.3236644426981,2.27985194106287,1.56381739839859,19.6609245300293,1.82682905912327,1.50870685910193,5,1.79175946922805,0.258538760847587,4.6427870495594
644,788.349487304688,5835,2.40308880805969,0.103990844002816,0.222937108930164,5.9139162166145,5.71805496963805,4.65217877307606,1.71992223465441,4.34969906277126,4.65217877307606,2.24788611495664,14,2.70805020110221,0.612106784912285,3.75964852500214
880,185.502593994141,5947,0.363962769508362,0.00926360532871229,0.101461690931053,22.338465224372,25.9058854738871,2.33169839907475,1.52486259147797,26.6255516899956,2.33169839907475,1.61391209941539,5,1.79175946922805,0.677355870008791,4.9881624382442
987,989.077941894531,5054,0.941765546798706,0.0316381759180189,0.180170806367119,16.199166849608,18.2466224554813,2.32077517802022,1.03634257438502,21.1613589816624,0.619069347683785,0.41419200308302,8.00004740740741,2.19722984481206,0.757375901231977,4.69744019462142
923,1509.89392089844,5496,1.15058732032776,0.0727436616298576,0.161511166711623,15.5936162066716,14.6995564637361,1.38087795137762,0.790711066541355,15.1225321451823,0.851075511818347,0.503890159185843,6,1.94591014905531,0.215010782209158,4.88171908544754
751,535.941162109375,2915.5,1.15457797050476,0.00687701748763558,0.0908361630246439,28.6615036646525,30.0900679906209,1.16245724164963,0.83152110579513,30.1287541283502,1.15752149544348,0.928016810076621,7,2.07944154167984,0.794666318305015,4.5419641100843
773,1307.60546875,5168,1.04186475276947,0.0115590770906202,0.181417797129544,2.4043952094184,-1.53225653677271,1.84378631026415,1.37575281532414,-0.15421248541935,1.8064417801044,1.20714364681469,8,2.19722457733622,0.760064210291941,4.4530544712512
623,940.763977050781,3634.5,1.48091995716095,0.0821449272953778,0.192064352711785,-1.73604424340385,4.2780075497098,2.07840517681943,1.43702994179723,-0.0784263186984617,1.34322156043601,1.06196916060401,6,1.94591014905531,0.22699893393926,4.48863636973214
687,602.122497558594,4203,1.18477559089661,0.00333832626739294,0.10110625189472,25.7405974494088,27.9793025811513,1.4904742799215,0.969512324499316,30.1989693535699,1.13159772475055,0.883169834849488,5.0000237037037,1.79176341983754,0.750526951299735,4.74057087238481
537,360.021026611328,3516,0.763877987861633,0.000323876678788082,0.100121620585568,23.9583570692275,25.2372175670806,1.92156983542332,0.898917586655956,24.0503479003906,1.87723533819303,1.06315073465296,11,2.484906649788,0.345362990095433,3.80109144472086
623,1162.64501953125,5095,1.39776957035065,0.0387734525750716,0.0797593132943533,19.8718384035172,17.9226520901635,2.87760579327636,1.71307760362715,17.8893182966445,2.87760579327636,2.29158000126848,4,1.6094379124341,0.838201522558384,4.82510860635335
751,796.484497070312,4577.5,0.438629746437073,0.019681082766926,0.149390129144678,23.0505737263669,24.0825021652949,4.95521428779464,2.94942682712949,22.3547717624241,2.97051299614941,2.5349449784616,4,1.6094379124341,0.821617321605011,5.01196773933003
837,184.717041015625,2851,0.108575157821178,0.00294128168849284,0.0806932779072191,25.0760815815259,26.1289794459488,3.86584483614106,2.333078350212,25.8071706983779,3.86584483614106,2.757750548482,8.99998814814815,2.30258390780816,0.282655496458619,4.42724016268132
987,599.669189453125,2930,0.698229789733887,0.00602963826184322,0.0230978816373693,29.2465232808103,29.0237548828125,1.49087369291715,1.06515902598072,31.2981328328451,1.48810382283298,0.99878832230335,7,2.07944154167984,0.260550408475164,4.81522849775365
794,561.873901367188,6260,2.86500024795532,0.121146564044349,0.334586659224406,11.6030282974244,12.5100353356564,3.18483506815696,2.04597041770839,14.0510688781739,3.18483506815696,2.83364661172783,8,2.19722457733622,0.849918821960566,4.47985888391092
751,123.55451965332,4195.5,0.497645556926727,0.000182708284402366,0.0140180449792133,25.6166709858884,21.2806194517347,4.51384365875097,2.5148834302915,25.4423569997152,3.13113615539234,2.28035489734418,9,2.30258509299405,0.106384402364268,4.31882055877009
902,849.527221679688,2899.5,0.369659930467606,0.0162881052730306,0.0442897043233081,18.9118756817233,15.0577674562969,4.90517470563182,2.20719061806305,20.3963661617703,2.85613972947091,2.01455550736512,18,2.94443897916644,0.801174241671014,3.86017554089618
601,524.356384277344,4199,0.806849658489227,0.0127921866057186,0.0416311175152657,22.2052003675892,22.2385708763487,2.71752470115757,1.43703056607911,22.9593391842313,2.22289260108582,1.11431542946575,4,1.6094379124341,0.860377972063229,4.78915702210111
580,1035.06628417969,5675,0.69464111328125,0.0303644347987628,0.0642907044902472,19.2652262697937,18.7492274148124,2.79345237911099,1.56758010665539,19.4950670030382,2.70055710043896,1.38266838575166,4,1.6094379124341,0.206832093675231,4.75359019110636
515,261.192230224609,3363.5,0.357228249311447,0.00404934934660162,0.10217662374362,26.1599134301627,25.5636744923061,4.25134931941935,2.34885410186967,27.0241449568006,2.5401145432169,2.27806339511109,8.9999762962963,2.30258272262087,0.209574398203975,3.94158417804287
644,623.498413085938,4548,0.850990056991577,0.0102025621581703,0.0867511105253627,19.7379269220496,20.4186581134796,2.12037273603775,1.65058166934212,22.4274228837755,2.12037273603775,1.51035219585329,4.9999762962963,1.79175551860297,0.606029941670012,4.67594320750139
987,4.84540462493896,4328,0.0604487881064415,0.0576988842518418,0.0577867945669617,24.5897196164696,22.0708349921488,2.47203521267004,1.26361393488836,21.5573317633735,1.36196519263399,0.915484634529404,19,2.99573227355399,0.312685093354912,3.89893776587949
515,213.03955078125,6273.5,0.533386826515198,0.0693013020348694,0.254126317983381,16.2309607926235,21.0954607547858,4.67349953356336,2.25254615824955,21.1747667948405,4.67349953356336,3.29264565338992,10,2.39789527279837,0.746045166636928,3.84627162786537
580,955.596801757812,5013,1.61416268348694,0.0123020981361037,0.111197866809604,4.01187360917021,8.42776705423989,2.00712051304146,1.04871349901206,5.44302838643392,1.81797431189447,1.47260101184553,7,2.07944154167984,0.149956471089529,4.28358656186063
623,499.831970214844,3660.5,0.450528562068939,0.0068482102521159,0.0342570864530956,21.3630889031195,22.307345644633,2.87787313309368,1.23036771922947,22.3188481224908,1.18640822772354,0.923390676031343,11,2.484906649788,0.255725243017385,3.94963986899945
644,549.55419921875,2543,0.00252876570448279,0.015276411935087,0.0186372690340981,18.7271397908529,15.068308085487,3.03280722080738,1.68002247795392,13.8546172671848,2.31066984372036,1.49992391167857,11,2.484906649788,0.413677020188123,3.98279207631635
859,1334.34375,5997,1.0911226272583,0.0263876163282895,0.113925158018279,16.1347995963148,13.9605819470955,2.20642141257436,1.46964872599496,11.5611286587186,2.20642141257436,1.9103666281,8,2.19722457733622,0.352345427215509,4.55854434464804
537,311.681793212891,3142.5,0.21089468896389,0.00403925523390569,0.075671485333249,23.9487538867528,26.19850529262,2.78246955284064,1.69062595189768,25.799809604221,2.78246955284064,2.07943693177659,4,1.6094379124341,0.791648577062337,4.67656018207476
537,1666.61840820312,3090,2.94534850120544,0.0268043170051584,0.0554661133522387,15.3540784241051,13.3998356024424,2.18057000753949,0.895541577762274,15.2106079949273,0.716882181000097,0.483470266466314,5,1.79175946922805,0.323598536256753,4.49423862528081
537,331.123901367188,2803,0.416829764842987,0.00865563302406258,0.010503551213354,22.1298561731974,16.5102052688599,4.71906809822722,1.98398498835424,20.3318263583714,2.19721614629541,1.61939330558849,16.9999644444444,2.89036978258557,0.403341148114334,3.39562831192329
730,753.998291015625,6970,1.9947110414505,0.0396483425775678,0.182049370282787,20.159111543881,20.5910193356601,2.70517027656559,1.33920889553073,18.7856638590495,1.55401898955977,1.15748769381276,8,2.19722457733622,0.80134939514908,4.39581995680622
558,807.548400878906,5675,1.33595824241638,8.60682161096804e-05,0.0275507686204115,26.2737018797133,27.6062326501917,3.94834363520599,1.61703643731658,27.5348070356582,1.24874259706987,0.904206553004982,6,1.94591014905531,0.120448934562088,4.378448813326
515,832.953430175781,4087.5,0.685582637786865,0.0228667506715752,0.0462689763246367,25.1665212241552,22.6939564881501,3.87564595420365,1.08045503873893,28.1528413984511,3.87564595420365,1.34480830662716,6,1.94591014905531,0.505503984857739,4.29825675160842
902,1147.34338378906,6247,2.03423500061035,0.0168498961257626,0.0754006349417011,16.2874933550435,19.1430277188619,1.04743261920187,0.723218626076493,21.190264638265,0.88108634403523,0.52295160127286,4.9999762962963,1.79175551860297,0.255438348549846,5.01285900145966
944,498.643432617188,3915,0.338832825422287,0.000837296872965965,0.00642565573829046,27.3701122735137,26.682052230835,3.9922636434345,1.57694049173783,26.6252755482992,3.13281621258366,1.61333963289699,4,1.6094379124341,0.106503401445033,5.2406882537114
944,917.085021972656,2463.5,0.171244338154793,0.0459157747157661,0.0652920309936782,16.1419139438206,13.8346507884838,3.91059988805944,1.91125107530427,14.8268854777019,2.04605710333283,1.13590275677485,6,1.94591014905531,0.175089759746617,4.90421601709019
880,88.0657501220703,3078,0.192126244306564,0.00346319485930735,0.0729563416956331,24.4259272216469,25.6774559577307,3.48222149975849,1.95217509778802,24.5231266445584,3.48222149975849,2.24646172586036,13.9999881481481,2.70804941097844,0.440163443147579,4.07187249649381
773,1358.73254394531,7392,0.443708628416061,0.0228264722793341,0.0822741886566476,14.0526101218329,13.0634554619883,2.97961248890098,1.54751628499176,15.6633099873861,1.42689719996692,0.922334337218017,14,2.70805020110221,0.216843375067315,3.94222884748521
515,986.648010253906,5523,0.727876424789429,0.0310553558798006,0.0431133783051116,16.5820300208197,13.8963014260317,1.67151186055658,1.25247493061397,15.6855488247342,1.30184447912145,0.918421276610095,10,2.39789527279837,0.197475544214725,3.84627162786537
558,606.711120605469,6073.5,0.288844972848892,0.0379723494591282,0.114213205897091,17.4671253778602,21.7368056933086,1.5577203974616,1.06265314150362,21.2732652452257,1.50499273435063,1.22812612102065,9,2.30258509299405,0.432158857141239,4.02177386938726
837,466.458862304688,4728.5,0.100122906267643,0.0267620127035464,0.0688021439380009,22.2366465578798,22.4864982489383,3.48285137773228,2.10113136061209,17.8174892425537,3.1979723260736,2.87092792091192,8,2.19722457733622,0.127944486423824,4.53259949315326
816,316.454040527344,3185.5,0.0955562070012093,0.00941200248342966,0.0203678201296924,25.226230034777,18.9153082882917,3.22123064245401,2.15052713322921,21.8259356180827,2.97397189490494,2.04200178864641,15,2.77258872223978,0.621557414036193,3.93182563272433
859,676.635498046875,4629,0.757711291313171,0.00152096178259953,0.0421206492171073,24.9866795433893,27.9251381828672,3.60217238406494,1.49691680195311,30.6854449801975,1.80696270256526,1.4034332361192,11,2.484906649788,0.882523318378787,4.27086227219626
558,453.796691894531,6406,1.1252030134201,0.0394881199807138,0.0696745878008684,14.3050210316975,10.4387424832299,2.76266954379624,1.93432284545078,9.73907220628524,2.76266954379624,2.37276344149088,11,2.484906649788,0.745429245098128,3.83945231259331
665,864.029418945312,2582.5,0.683296799659729,0.0180596456125777,0.0585349517870739,28.0257116625386,26.8060793852195,2.27596248017413,0.934964256025179,24.872970199585,1.31841996618253,1.09689731267449,10,2.39789527279837,0.498328812146045,4.10189176785748
751,370.348815917969,5227,0.562402486801147,0.00472631763851439,0.19687439413757,20.4142110557966,23.755978679657,2.39201666099946,1.36687463192411,25.835043419732,1.48624998700956,0.808912552599563,5,1.79175946922805,0.636135768506707,4.82964618253608
580,436.362030029297,5523,0.34952038526535,0.00470261103384217,0.0313427884292317,23.3183715246058,21.136773469713,3.35877173305066,2.11659013455333,22.010913043552,3.35877173305066,2.22085666541079,9,2.30258509299405,0.76658130855516,4.06044301054642
880,685.472106933594,4066,0.516277074813843,0.010879424956471,0.0232700754072432,20.966040896344,17.7593283971151,4.10432865846341,1.90701190242587,21.0553074306912,1.94880287367005,1.69048326999664,7.0000237037037,2.07944450463841,0.64636176351252,4.70047740283384
730,858.914489746094,2711.5,1.13017272949219,0.015825216190045,0.0366154390455939,23.7555902214461,27.5402269999186,2.06142581101442,1.37952151326253,29.9458792368571,2.06142581101442,1.38308753514892,2,1.09861228866811,0.708771416852181,5.49443224547433
580,382.994506835938,7067.5,1.86405694484711,0.0544923449962162,0.194522527736602,20.2980741972565,23.277573521932,4.05034701255045,1.63154861801376,22.4090116712783,2.19735537123827,1.58328111180156,5,1.79175946922805,0.553083248470796,4.57126863431241
987,710.4638671875,6724.5,0.883978188037872,0.0488128801100594,0.219364867170647,13.810612861059,13.5487404505412,2.22731899792588,1.36264939724987,15.2035823822022,1.26751530934633,0.780634313540685,7,2.07944154167984,0.463153556907508,4.81522849775365
515,1039.28161621094,3347,1.95213687419891,0.0078757140854897,0.0360835788957026,27.4525956266669,26.4938032079626,2.35569315223241,1.17473673587256,27.0428501129151,1.48430923902133,1.12431701677729,6,1.94591014905531,0.567114116171542,4.29825675160842
923,827.451049804688,2164.5,0.357026308774948,0.0292613046367123,0.0460009745407781,15.2805647744074,13.5268678029378,3.8854284959572,1.98498847776987,11.8760427263048,3.8854284959572,2.13170379100192,4,1.6094379124341,0.410180337356714,5.21819132206875
515,280.276580810547,6018,0.283220201730728,0.0135083609125068,0.0370471703909487,20.5281975735901,24.1422394010756,2.87468038645152,2.0650727543335,23.4583416408963,2.87468038645152,2.46900164517501,3,1.38629436111989,0.400361707622911,4.85787253954385
558,41.012996673584,3569.5,0.557496726512909,0.00023341417666245,0.04379543244643,23.7422957314386,23.9549414135161,8.19647185412814,4.70312092596967,24.035644361708,4.41204895681823,3.19166377456169,4,1.6094379124341,0.497783927412567,4.71492104994721
816,218.953384399414,6326,0,0.00187702899375708,0.0257895545356348,21.2155757480197,23.805893834432,5.62352135872731,4.0948242380016,22.7461427476671,3.8029362909232,3.07105422387812,6.0000237037037,1.94591353529297,0.899477979977308,4.75850081967114
558,1137.92724609375,3193.5,0.940306961536407,0.134535672060849,0.35860552964968,2.36497635790101,5.37747993469247,4.38367065830274,2.38999102023754,0.812283664279562,3.003517958718,1.75737424110019,7,2.07944154167984,0.495127845276882,4.24491742070147
816,748.363159179688,5532.5,0.193730786442757,0.0155002357134606,0.0693610703950469,18.2276678064819,19.6513945261638,2.38657954048926,1.14318262517692,16.4538277943929,2.38657954048926,2.05573910417979,11.9999762962963,2.56494753409805,0.52606040306584,4.13946682086606
708,658.667541503906,3593.5,0.180290326476097,0.00853053694098094,0.0253407424694103,21.4910377461423,20.7802784147717,2.46782586951064,1.68960822997037,20.9790927463108,2.32382570813116,1.84685963889748,4,1.6094379124341,0.751400012361429,4.95300618125962
751,786.729187011719,4209,1.29019832611084,0.00862349511946192,0.029103149994917,25.0665015230897,22.906271065606,2.50303554772198,0.928188013045045,20.4320236206055,0.827255388413645,0.533016146463657,12,2.56494935746154,0.464227752265224,4.0564562943026
687,535.941162109375,3506,1.15457797050476,0.00276204751749276,0.0775845724324,28.2633762147692,31.3488140106201,2.28371725980826,1.22359723462698,31.6484983656142,1.59604877790809,1.00785250737753,2,1.09861228866811,0.256689670347551,5.43372200355424
859,812.182312011719,5036,1.72316575050354,0.00395313384001028,0.0384781444056905,25.3954106894873,26.6882615248362,1.67367815964078,0.975130058822232,28.1456483629015,0.917992987718863,0.864931932632819,5,1.79175946922805,0.22534210568085,4.9640094527562
687,555.377136230469,2522,0.63680773973465,0.00328988573121336,0.0406656504883927,24.682155699371,24.0343729019165,2.07144095193049,1.412638061012,25.2444348229303,2.03405408411948,1.24793733828238,1,0.693147180559945,0.0274616503683279,5.8391871116624
580,474.689117431641,4417,0.574174880981445,0.00392622058148362,0.0802224146581736,20.5134674496121,22.6628206888835,2.27919976517584,1.547126672374,22.9281362321643,2.00661594130675,1.24907075244634,7,2.07944154167984,0.373718350942156,4.28358656186063
794,600.57958984375,6086,0.948854506015778,0.151800314122035,0.459524639256582,6.39833003452856,8.49329067866012,4.29027875694799,1.64943992635947,6.58418892754452,4.29027875694799,2.74635877661832,13,2.63905732961526,0.501735704303822,4.03802613163188
601,171.932983398438,3288.5,0.213123515248299,0.00343282719387261,0.0566587830470198,27.3606320699055,27.792704855227,3.69524181988035,2.04786482782678,25.629737048679,2.45571454146922,2.05630544027779,14,2.70805020110221,0.700927472616134,3.690544733433
558,719.813720703125,6368,1.25740969181061,0.0125806661017975,0.0597369079054317,18.5168151527323,22.0365040915353,1.14523710238891,0.733667483637826,22.7420733133952,0.928648312533709,0.539227446220719,4,1.6094379124341,0.252374622123464,4.71492104994721
880,909.003662109375,4510.5,0.567898571491241,0.0124858508118457,0.0826358620458265,22.2952598735851,23.5043042500814,2.52866744352093,1.47740994632634,22.4784544203017,2.52866744352093,1.8725552290175,7.00004740740741,2.0794474675882,0.197402900783616,4.70047443988405
687,390.667572021484,2419,0.67185366153717,0.0116682511757915,0.0147546885288747,22.0092134475709,16.4552547155643,4.73678510473698,1.90751622390287,18.733146709866,2.47240689517061,1.23067682097187,14,2.70805020110221,0.817052371101482,3.82428409112014
794,488.806457519531,6510,0.47429683804512,0.0127124782674528,0.0951686613771336,24.9082724745555,24.1433024565379,3.14064277247004,1.51882109834441,23.5005663130018,3.14064277247004,1.64500514807113,5,1.79175946922805,0.33474444961617,4.88532399201908
601,676.23486328125,2215.5,0.275444686412811,0.00874482289875544,0.049868987980993,25.2677777820163,30.4955655980994,2.40314557371342,1.28720051223109,29.9442800309923,2.40314557371342,1.62698197265775,6,1.94591014905531,0.0101833926734118,4.45268478547989
558,255.3115234375,5797,0.709599018096924,0.234576872902117,0.651681799653055,9.92738470262105,12.6719748179119,7.75108896672468,4.06661315253511,12.2634873284234,4.89315009547343,3.72741685691739,7,2.07944154167984,0.808002273234196,4.24491742070147
558,914.427856445312,5876,1.87019574642181,0.038206872252978,0.26058201408927,2.7616323737688,5.34751694997158,2.99942757052565,1.81875391436799,7.61974021063918,2.33526948607832,1.91707632612908,9,2.30258509299405,0.63317786866047,4.02177386938726
880,832.329528808594,5442.5,0.168405875563622,0.0372895005032667,0.108159890486,15.0116828672347,17.5870758056641,4.39594930963412,2.33896906382578,21.0642276763916,4.39594930963412,2.88822987454755,17,2.89037175789616,0.181714563608719,3.88955014957609
644,1205.56555175781,6870.5,1.94381666183472,0.0949697277465589,0.226359649437008,12.8594825744629,11.8386816236709,4.69207232637152,2.55543795770015,12.1856509738499,2.49821286348175,2.14129757445867,12,2.56494935746154,0.754351918069854,3.90274936864282
515,247.975219726562,3388,0.312330961227417,0.00225579260588304,0.0269479698780053,25.0638959002751,26.4074787987603,3.70753871638385,2.29371268864564,22.4778716193305,3.70753871638385,2.87791389599081,3,1.38629436111989,0.228773603394506,4.85787253954385
515,1533.99609375,4188,1.40287137031555,0.24720114694323,0.559478545420326,1.89692436546414,2.62235857645675,2.57572368138726,1.41614856352983,3.72895245022244,1.1979060305529,1.02723183735112,9,2.30258509299405,0.600844664771015,3.94158180766969
687,466.458862304688,4756.5,0.100122906267643,0.0101654618713347,0.0742321354407629,21.3932777199694,24.592409115746,3.88944997075409,1.89221942291064,23.4037145402697,3.88944997075409,2.37697202332743,4,1.6094379124341,0.433840213592234,4.92289637978825
687,1201.75732421875,3545.5,2.02885055541992,0.218310274771056,0.494238851815467,4.04188757865666,7.42663027445479,1.73655657253261,0.939678500486532,4.03822182549368,1.73655657253261,0.9976497889612,6,1.94591014905531,0.224204137071686,4.58642414316704
859,599.669189453125,3193.5,0.698229789733887,0.000583795090108197,0.0462041733752123,26.3854854159885,28.7425100962321,1.83763882019391,1.09089995149031,31.232933722602,1.4032880904618,1.0344944767528,8,2.19722457733622,0.613766753448268,4.55854434464804
515,76.1799392700195,3521.5,0.25572794675827,0.00392563757912967,0.0875072511789909,25.3195305718315,28.0096670150757,3.23533556563345,1.85410595729296,28.1040196312799,2.5018510946584,1.7406185998643,7,2.07944154167984,0.82996048645011,4.1647253589839
537,774.171020507812,2739,0.231647357344627,0.0154825573858481,0.0513246833303569,18.8895674551688,13.9660636478001,4.35414137267307,2.66181922411195,16.1564702351888,3.83447010798113,2.57532687011255,6.00004740740741,1.94591692151915,0.449456120795466,4.34008117298971
923,168.752868652344,5620,0.481725424528122,0.00662005137759536,0.0999734334476017,20.6682694964938,22.7111800784157,4.19971738393962,2.9055400796942,22.007329135471,4.19971738393962,2.83696549352379,4,1.6094379124341,0.108081817733793,5.21819132206875
837,1555.96435546875,4683.5,1.42539298534393,0.0974067487544623,0.38652029437559,3.51724749671087,9.91562121709188,2.34344331693322,1.45783844279835,9.67647069295248,2.34344331693322,1.38911523864947,5.99998814814815,1.94590845593219,0.317596728232406,4.78391561455729
558,1046.36206054688,4748.5,3.56372356414795,0.16855413816408,0.306235450466847,3.29903519333055,6.52689652876421,2.07227165990698,1.32578715175955,4.89129452175564,2.07227165990698,1.4084118018706,8,2.19722457733622,0.377482686681901,4.12713438504509
515,986.648010253906,5891,0.727876424789429,0.0104711119533327,0.0717257626034282,22.8666239174463,21.4661414415409,2.27752366710024,1.19370808729626,25.8524585723877,0.551435339154356,0.37430609934985,10,2.39789527279837,0.446978922849143,3.84627162786537
816,599.669189453125,3512,0.698229789733887,0.00542272594458737,0.0230696984683654,28.3659680356262,29.3086735349713,1.16523499786637,0.866441374508434,29.1096045600044,0.823745385019367,0.624335228476408,8,2.19722457733622,0.645407784713412,4.50718977762789
837,199.416320800781,4641.5,0.943688929080963,0.00808526297716483,0.0276152314379559,25.0304843478733,25.3375903356643,1.64804083672515,1.10689653667844,24.4567507002088,1.64804083672515,1.21086565646633,4,1.6094379124341,0.298437210082223,5.12038615805537
902,925.572875976562,3283,0.743809282779694,0.0298385715184679,0.0954906992914388,16.8900091807048,12.9507260053586,5.19674161157512,1.97308645073043,16.3500563727486,1.10789715330504,0.5884863599672,10.9999881481481,2.48490566213319,0.0377365512785207,4.31970885792943
987,777.52685546875,3199,0.527147948741913,0.00392057957393632,0.0648903809079009,25.0898395114476,25.3043528380218,3.35570185922911,1.7532233724646,25.6533621046279,3.35570185922911,1.78771857704415,5.0000237037037,1.79176341983754,0.731539368146138,5.10290661959595
558,880.853271484375,2126.5,1.20401179790497,0.0450689233738331,0.0556755624610901,19.4437063360728,16.6048912510728,2.20735769392725,0.919841018447185,16.6930673811171,0.708663759613789,0.393598131927885,8.00003555555556,2.1972285279457,0.202968076627522,4.12713043443561
623,766.253784179688,3752.5,0.265852779150009,0.00562375061216969,0.12133414679753,20.3196464538574,17.9305951754253,3.38251283624634,2.3799002532264,16.4784643809001,3.38251283624634,3.04444778770621,5.99998814814815,1.94590845593219,0.492915170959077,4.48863806285527
859,329.242126464844,3544,0.500966727733612,0.00230533072701888,0.0462303699503117,25.7925564017347,27.3696827782525,2.90455601320378,1.75080408534735,31.8685710059272,2.37804722319592,1.58208022324322,6,1.94591014905531,0.269558736490267,4.80985877292894
794,1307.60546875,4450.5,1.04186475276947,0.106114331705054,0.312798662014178,3.12893098195394,10.0726026130446,2.4522634506338,1.45858707246939,8.99992989434139,2.4522634506338,1.4016604225535,8.99998814814815,2.30258390780816,0.811749360389155,4.37449955343898
687,702.834106445312,4734,0.734324634075165,0.0227976673196686,0.063573967248665,21.6844916271908,21.5006617228191,2.9987644441644,1.51391488724704,24.6422111087376,2.66951637065243,1.33198085211475,7,2.07944154167984,0.737879328375924,4.45289275054251
580,533.095886230469,5246,0.808656096458435,0.00924335578095636,0.0774524982340914,21.685363705953,18.7151066532842,3.38518713197603,1.89285493100344,21.6779558817546,1.89975629086285,1.59479858089633,6,1.94591014905531,0.318757839501831,4.41711795448515
580,160.713027954102,6429.5,1.20387125015259,0.053345414335638,0.107994614669686,20.6945408933906,20.2146283326326,5.8469132107733,3.52536844852149,21.1170480940078,5.8469132107733,4.35349867389821,6,1.94591014905531,0.835089207145114,4.41711795448515
730,287.74365234375,5995,1.44047594070435,0.00421313789642497,0.0774546858175924,20.7686665005155,20.0895748865037,6.26433511397164,2.12078220319979,21.4549768659804,2.7648301657142,1.79347881108383,11,2.484906649788,0.159221696275447,4.10813788435444
687,669.411315917969,4708.5,0.402302801609039,0.0111146044571413,0.0700998411354874,24.3154238300939,23.0224654303657,1.58142975902571,1.20912221054006,21.9697039286296,1.58142975902571,1.45028708565597,3,1.38629436111989,0.145098324372425,5.14603993110246
880,724.738159179688,4021,0.186683669686317,0.0117515450415056,0.0133734844924547,22.4711529188259,17.3973555723827,3.41121299900017,1.80969566942559,20.4649550543892,1.97452030378942,1.20077749225228,5,1.79175946922805,0.7256104758329,4.9881624382442
537,1032.67626953125,5862.5,0.830436110496521,0.0641297079557894,0.163916487120307,17.9519096579604,14.0936451382108,2.26797913963027,1.35150194830896,15.7036033630371,2.26797913963027,1.52522854586115,9,2.30258509299405,0.643614337333642,3.98341300151482
987,128.397857666016,4858.5,0.832590878009796,0.0149089159603619,0.04205466897562,20.9401384046002,26.2960548118309,4.05773955255035,2.24089070193583,25.5384017520481,3.0309404408753,1.90648684118924,6,1.94591014905531,0.867633018127205,4.94875989037817
751,138.822891235352,4876,0.495989263057709,0.00711058115427221,0.0555429916923806,22.5929328631329,26.5529746827625,3.91082437601411,3.36642870650877,25.5511602189806,3.71906864040256,3.3972083675939,4,1.6094379124341,0.801791660495267,5.01196773933003
945,818.9365234375,6459,1.81857287883759,0.0247437251953748,0.162787619351633,18.5270019107395,20.4869268466265,1.70846512103867,0.998744516117066,20.89156282213,1.55422053228892,0.967520298264265,10,2.39789527279837,0.390135052394642,4.45328965469537
730,137.555679321289,2705.5,0.23550471663475,0.000118537241061034,0.0505271570078314,26.7382249408299,30.0169623965309,3.92723018861182,2.87729936359429,33.4493552737766,3.92723018861182,3.3535679364214,4,1.6094379124341,0.842774728237489,4.98360662170834
816,730.304138183594,2468,0.704216659069061,0.00427268253584145,0.0315837192515147,25.7200521045261,26.6907082330613,4.05634973134496,2.01721840013036,27.9786849975586,2.68198608373395,1.87278628112446,4,1.6094379124341,0.760060511078319,5.09497644253001
623,746.731811523438,2553,0.249693408608437,0.0283587372003069,0.0983660273554037,17.0923965084938,13.1978714380509,4.53881590579715,1.58791419368837,16.1300585428874,0.766656473526833,0.562140708888366,10,2.39789527279837,0.133675003037729,4.03665124598908
944,633.419067382812,6198.5,0.877325296401978,0.0260078033856885,0.130385240946939,19.14594484965,18.0544629697446,2.66371151467511,1.98105079780979,16.9779460059272,2.41877919633321,1.74135643279904,6,1.94591014905531,0.881059330356929,4.90421601709019
987,536.270751953125,4355,0.574268221855164,0.00797504181091924,0.0696780028723616,22.674527698093,24.062320751614,4.55567359965262,2.7866591593679,21.6797684987386,4.55567359965262,4.13289009201068,6,1.94591014905531,0.555956267497902,4.94875989037817
644,213.03955078125,6176,0.533386826515198,0.0203765158379241,0.150125423340633,21.3412310918172,24.6674528899017,4.44856613226856,2.4594120194976,23.855412419637,4.44856613226856,3.31654411631577,6,1.94591014905531,0.511710207099367,4.52178857704904
623,110.026916503906,4957,0.221040666103363,0.0478645064425045,0.14025803673815,18.085681779923,25.9758033116659,3.21092759450114,2.18241789743988,26.7357642279731,3.21092759450114,2.37001089646866,3,1.38629436111989,0.159572333211858,5.04825215766756
623,2.67283248901367,4338.5,0.020331958308816,0.0772542690471809,0.0776443704360972,21.9701975928413,19.2423508780344,4.80728005958992,2.07937806440149,20.3659536997478,2.32289597359313,1.3841404672586,17.0000355555556,2.89037373320286,0.0715892458835521,3.5441727855846
837,76.1799392700195,3277.5,0.25572794675827,0.0131031554448349,0.0145859209046826,26.6103024718582,23.2181143592387,4.49774927952035,2.13165626379065,26.5282677968343,2.42121334188785,1.36620025055127,14,2.70805020110221,0.0549847822666463,4.02177386938726
623,1438.49694824219,4919,2.29780888557434,0.0999638087878516,0.349136429572642,6.49777019459714,7.30343100229902,2.03392901878274,1.33185575211178,7.42837740580245,2.01568394781707,1.20335422550992,7,2.07944154167984,0.583292148119919,4.35510497710762
730,707.417114257812,3640,0.441329389810562,0.00718355081289346,0.0723373673713965,26.8566134955294,23.9424624337091,3.52780574109436,2.74130813922368,26.431058714125,3.45168672991111,2.38259801391472,2.0000237037037,1.09862018987146,0.681257470126349,5.49442434427097
751,714.571472167969,4416.5,0.50431215763092,0.016945657130119,0.0583049652707111,21.3774242072977,18.8294352395195,3.81152800245577,1.98895258185103,19.943426598443,3.81152800245577,2.42146817234389,4,1.6094379124341,0.000976708921552771,5.01196773933003
580,187.840545654297,2255,0.198942735791206,0.00129078181094044,0.00486499132979645,26.9289489335911,21.8799096743267,4.32998367194683,1.7675263011065,26.1222195519341,3.79033842381433,2.17483490341852,17,2.89037175789616,0.241045870475658,3.4726563456443
558,264.953704833984,7453.5,0.381112307310104,0.0120896474141858,0.122118402333211,17.3740237977769,22.0784559770064,6.20288093866966,2.58687888161867,23.2600723266602,6.20288093866966,3.5939243917009,7.99998814814815,2.19722326046292,0.427392835623855,4.12713570191839
987,1137.92724609375,2526.5,0.940306961536407,0.138144353879682,0.386558974693589,4.00794120516105,8.68466906425283,1.85190449697667,1.01274305795099,5.83094707065158,0.987919405998205,0.736954782750637,10,2.39789527279837,0.489504519030481,4.49677476663511
580,317.128601074219,7336.5,0.603799283504486,0.0282236223440755,0.126466529105404,19.8388203938803,21.2868314743042,4.11182768582795,1.8884508626363,21.0197326236301,2.61079401439329,1.84888526405195,5,1.79175946922805,0.727745769020804,4.57126863431241
687,3.06595373153687,6153.5,0.0348584428429604,0.001354083403033,0.00145561615010337,25.5938947821176,20.8133936987983,2.6795375308284,0.986517102024646,18.4486120435927,1.62227313644865,1.25092095850132,12,2.56494935746154,0.240553684337879,3.96738493476081
730,1005.96588134766,5069.5,0.965896785259247,0.0190562429193406,0.136688594342349,6.53334125650343,7.77681864897414,2.8728458887186,1.66350994973336,10.6990147060819,1.86225424920759,1.31047257007812,13,2.63905732961526,0.510363623208047,3.95398720452718
923,192.430053710938,2630,0.604403138160706,0.00591146466746295,0.0764898213502221,24.2701199726393,25.5013691926615,3.29964965231,1.81793323084866,22.1918087429471,3.29964965231,2.45579050675525,10,2.39789527279837,0.680162853667599,4.42973396170448
537,628.641418457031,5378,1.1533215045929,0.0116355395825565,0.0295932447916023,22.8818614180371,23.0330441157024,4.07194908142911,2.33237133929679,21.5156042734782,3.50021631432845,2.66750916106925,7,2.07944154167984,0.0229015808329112,4.20655655282903
773,1199.90551757812,6740.5,1.73823463916779,0.00771210804962763,0.100253372835947,19.1344455062703,16.1057800434254,1.91314490424795,1.17640617512896,20.7476306915283,1.88277088716138,1.15320860086792,5.99998814814815,1.94590845593219,0.392512316751479,4.70437059265524
537,578.65185546875,2113,0.0896443501114845,0.01810143870415,0.0329241230631148,22.420438363817,17.551769510905,4.40391416181808,2.24888731328766,17.2374855041504,4.40391416181808,2.75503336957167,5,1.79175946922805,0.608434835365894,4.49423862528081
708,131.298004150391,4068,0.594644546508789,0.014104359319262,0.0157017892234599,25.6843062862274,21.9787593488341,4.74370447108526,2.22380652239343,24.9411841922337,2.73597622313207,1.7467279536748,15,2.77258872223978,0.844768532899931,3.78985537145394
902,271.331573486328,3351.5,0.391530215740204,0.00172892709026939,0.0169550809975725,26.6552953289401,32.4971961339315,1.82222289812131,0.99980174611266,34.3411020067003,1.82222289812131,1.04392147268521,3,1.38629436111989,0.241784197609341,5.41832015894273
902,736.168395996094,4678.5,0.182858318090439,0.0272085686865751,0.0499483440231856,16.9677321963841,14.774306233724,4.78540723464263,2.50389079794502,15.8392183939616,3.89810788935931,1.97330785636977,4.99998814814815,1.79175749391746,0.0933297585398788,5.01285702614516
773,591.64794921875,2936,0.272329300642014,0.00580755663805022,0.00816171367061003,22.6346252072242,18.2660497585933,4.61570526841561,2.29276606572821,18.942974556817,4.61570526841561,3.75510250106384,13,2.63905732961526,0.0351463300492619,4.01122171897216
580,1402.81787109375,5302,1.77983152866364,0.0379374398501895,0.250003040491737,4.68818417210736,5.46915143330892,2.149766113247,1.45409830057123,4.93997366163472,2.149766113247,1.506706210393,4,1.6094379124341,0.318770704524368,4.75359019110636
944,365.156860351562,6767.5,1.45274662971497,0.0376599739998333,0.0671487754133615,13.8071400098904,10.635916819717,2.95522587144558,2.22782787263812,9.87566697862417,2.90030590076231,2.4382434150305,8,2.19722457733622,0.40892973945552,4.65290158880928
730,1206.33178710938,6278,0.401410609483719,0.0616361732406645,0.333503155373094,8.78250233639955,12.9326094491141,2.9437881828466,1.56998547031985,11.5724286397298,2.9437881828466,2.28018008955349,4,1.6094379124341,0.192298012675376,4.98360662170834
837,365.156860351562,6198,1.45274662971497,0.0486385264114375,0.0843072123401072,18.2491034928188,17.0045452753703,3.59960567355408,1.72585520205851,18.3861675686306,3.59960567355408,2.64269766893467,7,2.07944154167984,0.670850754856466,4.65038252880964
687,567.802124023438,6650.5,0.66606730222702,0.0140875250241166,0.0827758008422599,19.8132661395603,21.9462748845419,3.39366801051594,2.49000158436339,24.5176224602594,2.47096236463125,1.89788838088212,7,2.07944154167984,0.165773388432476,4.45289275054251
730,854.2138671875,3261.5,0.25186225771904,0.0185782009504685,0.0559304246236572,19.8263615105743,14.7875797510148,3.84121892830321,1.94362151737469,15.6617215898302,1.80109112005364,1.00144168158979,13,2.63905732961526,0.417993580483046,3.95398720452718
558,969.084045410156,5778,0.715162694454193,0.0138419885372301,0.103130930806177,20.6361987698463,22.4831900843868,1.92620981830819,1.34532049124013,25.6186523861355,1.51572281862614,1.01552985319226,6,1.94591014905531,0.57987895398193,4.378448813326
687,404.150054931641,3127,0.33629047870636,0.0193267628031641,0.0610712137275939,21.0382450965143,20.9605040797481,2.417030786919,1.46413371438691,21.9295324113635,1.93509701890602,1.54048270397377,6,1.94591014905531,0.430856050453066,4.58642414316704
708,1113.32885742188,5991.5,2.39548802375793,0.0215104501950485,0.0790522006498868,17.5998957521172,16.3792280832927,2.4699814000222,1.4994278032539,20.7433756086561,1.44052508359591,0.979766693371903,12,2.56494935746154,0.632938803719373,3.99749473623218
580,174.325439453125,7306,0.596608638763428,0.016619846137548,0.215378947814862,16.6346157525175,18.5073994557063,6.17293953074133,3.53480647644443,19.8833122677273,5.50366338218368,5.37788315463983,12.0000355555556,2.56495209250053,0.684939565658478,3.79807601103993
644,1039.28161621094,4602,1.95213687419891,0.00966921484270244,0.145612994648083,21.6452139748468,25.1260536670685,2.17860410229433,1.35108473693336,23.793444357978,2.03467832930964,1.35819139991294,5,1.79175946922805,0.815633794100521,4.6759392568763
880,752.320434570312,3653,0.0875402688980103,0.025893797928525,0.0464489982467171,20.4026687047815,21.0087047576905,3.15671611237039,2.30526317179229,20.2073246002197,3.15671611237039,2.74740879971748,4,1.6094379124341,0.589040007621161,5.17048399503815
665,597.414733886719,3761.5,1.0817699432373,0.00309136852598257,0.0897337084722096,22.3671266767714,23.2653337024507,2.77619418659627,1.69075458230545,25.9442242940267,1.8577739617256,1.2317397955823,3.00001185185185,1.38629732407846,0.433918454951474,5.11348971657739
837,550.447692871094,5291,0.987829327583313,0.0369687723135712,0.0675110509245158,20.4802677892869,21.0010098775228,2.86485512248689,1.31766483785388,20.0157413906522,2.01731192016475,1.05308188033988,6.00004740740741,1.94591692151915,0.875380538768596,4.78390714897032
537,375.873779296875,3506.5,0.84509152173996,0.0111713047715085,0.0575619232371238,22.5423554738363,22.8525007652514,2.65494477939426,1.60690548135943,20.7902847290039,2.65494477939426,1.59380149632627,7.9999762962963,2.1972219435879,0.770173440904122,4.08877615092097
708,1000.31677246094,3934,0.115259006619453,0.0196657216785177,0.0600616297726795,17.3913232413672,15.3625886069404,5.07886307807275,2.23476259725782,18.8092350853814,2.76403801023316,2.23122197401979,9,2.30258509299405,0.332813953095252,4.25985900069967
987,54.4072341918945,6064,0.51377934217453,0.00678651637409899,0.0764346569028227,19.6444239510429,19.049032995436,7.39604514460026,4.56424625914447,19.2868578592937,7.39604514460026,5.2883650626077,9,2.30258509299405,0.322994516265857,4.59208494643944
580,466.458862304688,4920,0.100122906267643,0.0037601542761827,0.0280821398240398,22.7129140956428,23.5810249964396,3.62617214925656,2.79568021830502,23.7150966220432,2.97662601920708,2.05793955271316,7,2.07944154167984,0.164613181169716,4.28358656186063
537,728.254028320312,6764,0.571311056613922,0.0176389270296227,0.0895008496464804,16.6498449264034,16.3648130257924,3.63602053312224,1.64678567362464,17.0608412848579,2.30547928218644,1.51856197903116,5,1.79175946922805,0.855893885672007,4.49423862528081
580,413.899078369141,4825.5,0.53428989648819,0.00312438345675403,0.0980390320526077,24.3716990152996,22.1960227825024,2.28887796726927,1.64128909235428,22.1066727532281,2.28887796726927,1.95571467523211,6,1.94591014905531,0.536721791236273,4.41711795448515
515,66.0612564086914,2959,0.111323647201061,0.00301399935511881,0.0740941943643953,24.6651771586428,25.8024683210585,3.48544423776841,2.01530146910095,24.7409000820584,3.48544423776841,2.28108445943215,12.0000355555556,2.56495209250053,0.00696663215226689,3.6792148081632
665,855.329956054688,4865.5,1.41610193252563,0.0162257927836222,0.0936568699373908,18.6449139789868,16.9459852309454,2.62500502061322,1.43568428688198,17.9875372144912,1.88778029417087,1.68656302106882,11,2.484906649788,0.572400069935028,4.01488039086785
623,353.004852294922,2539.5,0.380060583353043,0.00164312158301883,0.119337244579775,22.4999240875244,26.4882153828939,1.47589853498795,0.880769544389782,25.0677280849881,1.09861933637985,0.7956413169553,6,1.94591014905531,0.87697299902219,4.48863636973214
730,392.427673339844,3224,0.42619001865387,0.00549113919493038,0.0174046029893091,24.207801765524,24.9347490098741,2.07421379090732,1.39160561801279,23.2311846839057,2.01579923080693,1.52690884415239,3,1.38629436111989,0.228533839399223,5.20675017302255
644,788.349487304688,4816.5,2.40308880805969,0.234805733370802,0.391865780910091,4.09814367807041,6.95507795545791,2.51443491007899,1.62979327650819,5.45837660895455,2.30631960929341,1.62509255895231,6,1.94591014905531,0.494334471482101,4.52178857704904
644,355.470489501953,3955,1.80087995529175,0.000917183064792937,0.027793120127658,25.4665992777835,26.9484948476156,3.27962875619414,2.09708763978119,27.4113009134929,3.26612154111147,2.55049804057205,9,2.30258509299405,0.755396115454227,4.16511363311031
816,795.013854980469,6378,0.731158077716827,0.056281788025899,0.161548392263782,3.17518665764919,6.90288299859742,4.73484412287729,3.13811165420434,4.91456926133895,3.34658211971511,2.10370880232303,14,2.70805020110221,0.449479981343538,3.9963641538619
601,466.458862304688,4387.5,0.100122906267643,0.00539046706569124,0.0555526605493952,22.8683287794872,19.8888255649143,2.84286438706328,1.76445500451095,20.3760707007515,1.86319350335808,1.66846205890922,6,1.94591014905531,0.028836559621778,4.45268478547989
623,156.237060546875,2921.5,0.0806954652070999,0.00316535568903475,0.0313372185777752,21.9326236724854,26.9924239231991,2.96141289607998,2.13319888071995,26.4208533393012,2.96091206110836,1.98592995318826,10,2.39789527279837,0.306427921124943,4.03665124598908
623,603.897583007812,4620,0.131362229585648,0.0282657363914893,0.0987209341911814,17.9085536136423,17.6005669593811,1.68402695705252,1.01801905455695,20.4787884182401,1.44649333245133,0.952114141006004,9.99996444444444,2.39789204046991,0.907244279415728,4.03665447831754
794,762.352294921875,3306,2.4472758769989,0.185064141649224,0.351473191495945,2.76884951437677,5.97301722744061,1.72214396444599,1.01027751488899,4.79338989257815,1.72214396444599,1.40926304591614,16,2.83321334405622,0.3627639958215,3.84387011719092
687,764.862670898438,4393,1.72151350975037,0.0168585289651233,0.184802730916633,22.8262754864164,22.2659983793894,1.86779204176949,1.50282451081488,23.5564467536079,1.650146470294,1.30208077711717,5,1.79175946922805,0.343485046084603,4.74057482299429
816,841.880065917969,2556.5,1.79888093471527,0.00666407152863258,0.111508661026804,19.9392811641898,21.6895591504646,2.38611753458102,1.08323538324457,21.8252260843913,2.38611753458102,1.60444794144667,8,2.19722457733622,0.0547069193714084,4.50718977762789
751,525.271606445312,6885.5,1.25371539592743,0.0139191304730666,0.196821814083176,21.679057939591,24.1620828469594,2.38101822734358,1.57849080155929,22.6885895623101,2.38101822734358,1.91023637126697,5,1.79175946922805,0.531798222115428,4.82964618253608
601,350.775695800781,4568.5,1.73472487926483,0.026930498484333,0.05725799083514,24.837326113383,26.3295966026111,2.61864597856819,1.5289355759515,26.0856389363607,2.1458898753624,1.41957094765514,10,2.39789527279837,0.553733869958523,4.00069966173684
515,173.843719482422,2744,0.0159213170409203,0.00161506517583732,0.00811911440964508,23.4996328333373,17.6435704125299,4.01069361220927,2.62557943338679,17.5856461419,4.01069361220927,3.0105040459308,3,1.38629436111989,0.621266456642887,4.85787253954385
945,163.804382324219,2192,0.15865221619606,0.00228542802495113,0.00398934383275673,23.1157887038365,20.0631674378006,4.29512116886985,2.30680192652757,20.9285355038113,2.4085991901669,1.95497095549501,15.9999525925926,2.8332105553813,0.90640020357821,4.01797437211244
880,545.590148925781,2066.5,0.177524298429489,0.00974086883954328,0.0127739702613034,23.117067878477,19.1574137369792,5.24580187687268,2.30008118931119,15.8773844401042,3.59273867249296,2.65397927720022,7.99998814814815,2.19722326046292,0.111375311105112,4.58269864700933
923,174.165878295898,3062,0.169663563370705,0.00306249173242179,0.0060486417113168,24.3214876598782,16.7983473300934,4.5025565323147,2.25290561654434,17.1350625779893,4.5025565323147,2.87290080438844,5.00004740740741,1.79176737043141,0.233449280958711,5.03586186407144
708,1446.87072753906,1552.5,0.343218475580215,0.0889255234069424,0.325719554441054,3.11339869272143,8.35853962368441,1.3357789705562,0.686939498609044,8.35949796040853,0.90935649528556,0.660686407681219,9,2.30258509299405,0.697249962160602,4.25985900069967
515,510.785400390625,5586,0.387317091226578,0.01711983633,0.104476960272617,19.4429124408298,22.615590213594,4.30403561072756,1.79359910056916,23.9799302842882,4.30403561072756,2.28977444491583,4,1.6094379124341,0.424814932650219,4.63472898822964
537,257.722961425781,3144,0.203715592622757,0.00618824057676193,0.0933507045392936,25.539369345224,27.0369802474976,3.54478483567229,2.41786791989214,26.9389411502414,3.54478483567229,2.83431371705823,7,2.07944154167984,0.536991539024587,4.20655655282903
816,534.880554199219,4141.5,0.635181963443756,0.00781042626372752,0.121893202566167,23.7335128456033,24.4243865388813,3.43319393860299,1.87732964793553,23.4498524559869,2.86820284748192,2.10099099696584,8,2.19722457733622,0.0117250417356199,4.50718977762789
944,414.813354492188,3966.5,1.18637633323669,0.0144022279429556,0.0794483732893916,20.5296078220491,21.7066767374675,2.2862836043568,1.50237280807547,21.2649687025283,2.11313682439472,1.07515919121213,6.9999762962963,2.07943857871248,0.631133103535605,4.77068758743302
558,123.55451965332,4661.5,0.497645556926727,0.0134068649216132,0.0152850801641904,25.6730551852975,22.2606469587847,4.70803093555815,2.53428296708295,24.8340513865153,3.7749852955224,2.32538297215732,8,2.19722457733622,0.215081942889746,4.12713438504509
644,305.044738769531,2607.5,0.245956107974052,0.00313277057838235,0.0067661161254442,25.227195788968,20.6899840990703,3.41571845443239,2.08515917224462,23.2214803059896,3.41571845443239,2.50599080969635,9,2.30258509299405,0.611745676518532,4.16511363311031
944,1402.81787109375,4469.5,1.77983152866364,0.0305374229068498,0.29038777612983,2.2986508933447,2.12351071039836,3.08596929738521,1.5725006475217,3.68894771999783,1.87598368947985,1.42089732465055,16.0000355555556,2.8332154355573,0.175134772625536,4.0169107305882
837,753.998291015625,6630,1.9947110414505,0.00504132755433062,0.0891773701819183,20.7945287027667,21.7407881842719,2.61824328397823,1.15667261952503,21.6391907162137,1.46305690055932,1.31168249146271,12,2.56494935746154,0.549565056503331,4.16487471302794
708,173.679306030273,3699,0.363603323698044,0.0151240242586255,0.0265514783190817,27.2733706074376,26.7609866884019,3.16085515075168,1.9051183994938,30.8766278584798,3.16085515075168,2.28562525564449,9,2.30258509299405,0.554286496634268,4.25985900069967
730,151.78759765625,3348.5,0.20549313724041,0.00457093059494085,0.102824337136134,22.3241041737219,20.7822077433268,3.3710470938036,2.22245449280048,20.3860084109837,3.3710470938036,2.1390462666283,5,1.79175946922805,0.0225524016322253,4.80128506491438
859,488.806457519531,6361.5,0.47429683804512,0.0143524391705263,0.178677840901834,19.5188358552994,24.5793828328451,3.52508502228677,1.57553096523503,28.6799789428711,1.49111865694474,1.06791504580863,8,2.19722457733622,0.428408757475735,4.55854434464804
966,873.359741210938,4835,0.282730042934418,0.00262632078503344,0.0584699957814543,21.4445026185778,22.3764291763306,4.68096471027117,3.14625022530427,24.728101348877,4.68096471027117,3.36775924306795,3,1.38629436111989,0.857617366389231,5.48686947309263
558,270.767822265625,5678,0.285229504108429,0.0103660682897448,0.0728721928547351,21.5215066062079,23.6971121611419,4.21577932079688,2.58108877625367,19.0566819932725,4.21577932079688,3.73989988600934,6,1.94591014905531,0.571718503683391,4.378448813326
751,1032.67626953125,5544.5,0.830436110496521,0.00944551984159858,0.175266287529503,3.39067080507994,6.36362304687503,1.89274949999954,0.83671102552258,4.09286990695534,1.89274949999954,1.06778505689976,7,2.07944154167984,0.356191350867284,4.5419641100843
623,223.217483520508,2857.5,0.193161204457283,0.000655733725452023,0.00363564763911839,23.8349482710644,19.6374513555456,4.32413126696914,2.66476106783306,20.4961213429769,3.82581140399992,2.85140837099949,6.99995259259259,2.07943561573635,0.595272339814498,4.3551109030511
859,1128.39526367188,6264.5,1.21721935272217,0.018588161624308,0.0875894688936967,15.543070298882,17.767056825426,1.58375992923169,0.814314779130705,15.6284826490615,1.58375992923169,1.07579328046486,8.9999762962963,2.30258272262087,0.558191344654282,4.45318619936339
537,1364.97619628906,5431.5,0.504838049411774,0.0527766735094701,0.14206917236579,15.0504969812209,15.8199585324242,2.43438753289228,1.95361251880352,15.7707503000896,2.2606078026332,1.90494518111309,4,1.6094379124341,0.883232036285511,4.67656018207476
623,211.639297485352,2746.5,0.335980236530304,0.00315823591474285,0.0485249410377797,27.2835803561741,26.909081141154,3.51423774727995,2.82859072558096,26.6147370232476,2.96934602775498,2.65052835425564,2,1.09861228866811,0.0723221115410029,5.33593423011934
665,141.961837768555,3974,0.738991558551788,0.0272799147077016,0.0316965162766252,25.2390991416029,21.4801283518473,3.63197028561275,1.89192621395325,21.1759336683485,3.63197028561275,2.66686189685741,7,2.07944154167984,0.821032954373637,4.42034549897602
837,356.991760253906,7345,1.05712425708771,0.00778358513967703,0.0582758610186609,16.528382979499,14.7074436072147,3.51111083675489,1.99594753265551,19.8342777252197,3.51111083675489,2.16985837798656,8,2.19722457733622,0.000394004612597754,4.53259949315326
558,501.263366699219,6014.5,0.624435245990753,0.0268212758588042,0.10372068269978,22.0957305696276,21.5951504071554,2.78858659688977,1.9995696446773,26.2898545159234,2.67332227505173,1.68009686700265,5,1.79175946922805,0.609339502172938,4.53259949315326
923,768.272216796875,2086,0.299520671367645,0.0174713110622626,0.0517465948083995,19.0458489571848,13.7197268168131,4.79773441713988,2.85195924618235,16.2694802178277,4.48309590845065,2.81979516948364,9.00009481481482,2.30259457443058,0.0672236857907468,4.52503466007227
644,165.702011108398,3503,0.222474247217178,0.0419058013772542,0.13096862657725,22.768027939335,22.0445735083686,2.70464082880665,1.87906153425932,20.4383314344618,2.39649278729181,1.79223871639533,3,1.38629436111989,0.298317177503064,5.08140436498446
987,712.939208984375,2994,0.415719389915466,0.00595071767753907,0.00870423320518654,23.2638387864635,18.3835755242242,2.87142961990292,1.39215608258275,18.883268822564,2.05593087569419,1.41941475707762,12,2.56494935746154,0.0523632182173156,4.32972068197194
966,613.540954589844,4856,1.19999027252197,0.0250618351490459,0.052848376297419,18.2068188451952,19.001060157352,2.61523731487152,1.06523499806521,19.9874691857232,1.24404609161716,0.825031468316799,9,2.30258509299405,0.511653717464115,4.57057874121847
622,100.53776550293,4687,0,0.024075962633809,0.139727236886252,18.880054051389,20.1607849756877,4.34401423282731,2.94103272244981,20.8485251956516,4.34401423282731,3.63810087822303,3,1.38629436111989,0.069445387747471,5.04664573161929
515,443.595184326172,4414.5,1.15945708751678,0.0175809011057417,0.049928733985503,23.616135574669,28.2671556896634,2.83048197711329,1.38555617507212,30.8793449825711,0.716715663206764,0.542523809643762,3,1.38629436111989,0.700373846775506,4.85787253954385
751,659.902465820312,7017,1.14551544189453,0.0209594139360831,0.0698957852510951,17.8532780760078,18.8185856854474,2.68227706425277,1.19831588668559,21.3465184529622,0.983513759787418,0.815743417934638,6.99996444444444,2.07943709722551,0.748185995592207,4.54196855453862
923,545.44384765625,6393,0.265080899000168,0.0196229353695578,0.0466342246757137,20.280168069819,18.730017457185,3.25253060600491,1.86553831343103,22.184245469835,1.99269216066454,1.74014182512647,6,1.94591014905531,0.0896321650829091,4.88171908544754
816,213.03955078125,6275,0.533386826515198,0.0188071650856614,0.0648113010284703,21.6207106067288,25.0163276672363,3.21470008490465,2.11344923747065,24.6912248823378,3.21470008490465,2.96870384162203,7,2.07944154167984,0.101217211690637,4.62497281328427
558,268.401489257812,3925,0.157568335533142,0.0118372260083071,0.140088427934042,7.40411675155798,5.3220997810364,3.04542326238969,1.66320296861343,7.53868022494851,1.98061632442294,1.0450747896022,17,2.89037175789616,0.874600936586641,3.43398720448515
773,76.8620452880859,3361,0.484436333179474,0.0104727461429803,0.0124412860708496,27.8676022027129,25.7519219534738,1.52562650894056,0.931425353805012,24.8982588873969,1.52562650894056,1.1978598398233,4,1.6094379124341,0.15925173867899,5.04084113615332
751,363.945678710938,5560.5,0.690823614597321,0.0131863074181346,0.0285403729006646,23.7577037278041,20.3376298615427,3.69236302904316,2.60098224981437,21.8862055036757,3.08936569988529,2.36516603236178,8,2.19722457733622,0.197255671998055,4.42418107442792
623,1131.34704589844,6216.5,1.90880143642426,0.0155058534512307,0.0902319049840514,17.7366878837668,19.614570917402,2.1978204406424,1.04553549029773,16.1849204593235,2.1978204406424,1.81758059570843,11,2.484906649788,0.607068462338007,3.94963986899945
537,662.207763671875,2775,1.31892502307892,0.00573873804291836,0.0245304091090759,24.6597929185437,23.9477879630195,2.52227978054005,1.3421783145163,25.3421239217122,1.21765329242912,0.945566994974576,9,2.30258509299405,0.462448308016221,3.98341300151482
837,257.722961425781,2803.5,0.203715592622757,0.000143877194073383,0.067775052429603,27.3019048478869,27.7511755924598,4.01372772705427,1.96493171208775,27.0880101945665,3.1332891676104,2.52167018840632,13.0000237037037,2.63905902273552,0.875436233421003,4.09076504775396
623,887.448547363281,5693,0.982985198497772,0.0418814825238201,0.361792077919478,8.4527998924255,9.11401748657227,3.79593544621767,1.83474170954348,11.219552400377,2.27750606925007,1.36185678840127,7.00003555555556,2.0794459861144,0.585542683826687,4.35510053267305
816,822.762329101562,6822,1.40527963638306,0.00901475484043601,0.0777859052609031,15.4046987533569,14.055225675534,3.31563753708108,1.74313370379656,17.2515551673042,3.31563753708108,1.56144945073637,10,2.39789527279837,0.355964917125822,4.30651908216574
773,174.325439453125,7546.5,0.596608638763428,0.00184671136791792,0.109775450508586,19.6835832780407,17.7131749153137,6.77161675824025,4.14289129856222,16.6958872901069,6.77161675824025,4.45880636928689,5,1.79175946922805,0.501653247061746,4.85851957935937
923,1509.89392089844,5489,1.15058732032776,0.0137201009320904,0.0787972503277103,15.2886851813204,15.0631361734299,2.30757090675984,1.20522999192803,20.6978058709039,0.854504508529529,0.630158397936452,11,2.484906649788,0.611132739482146,4.34272258471485
966,676.635498046875,4046.5,0.757711291313171,0.00115609357110458,0.0103218944320851,25.0944034699471,25.4817335764567,4.66738982558913,2.29010175472555,24.3361545562744,4.66738982558913,2.10662572873305,10,2.39789527279837,0.063293249812837,4.47526856141415
966,685.472106933594,3519.5,0.516277074813843,0.00754125585314114,0.0169618894902399,22.5985133960684,22.7536537276374,3.31604959933808,1.9622135306175,21.5575735727946,2.37097671782308,1.84409327673195,9,2.30258509299405,0.84086735481179,4.57057874121847
580,1180.33056640625,5283.5,1.96269798278809,0.0122593444234163,0.0347198292693882,26.8328618162423,28.6412847730849,2.7482357585535,1.39890559969093,27.0192028045655,1.23510491330752,0.787964012916235,3,1.38629436111989,0.179545734305658,4.97673374242057
515,305.044738769531,2607.5,0.245956107974052,0.00311204008297494,0.0067466849977933,25.3490963269306,20.9878688323192,3.41571845443239,2.02014200156818,24.2248662736681,3.23107113479511,1.9457908917819,10,2.39789527279837,0.697519134506336,3.84627162786537
537,673.868713378906,4915.5,0.80348664522171,0.00479395621209378,0.00953617596070799,26.5473841267248,21.7136600971222,1.98432223561961,1.75862238965193,23.0662556118436,1.98432223561961,1.886266139415,5,1.79175946922805,0.103638361847299,4.49423862528081
923,681.0498046875,2611.5,2.79624915122986,0.16077130368588,0.406414218625176,1.840808464232,7.23801070971376,3.23284075694374,1.529369270815,0.784389538235132,1.53478109122577,1.45173018735372,10,2.39789527279837,0.391681257208252,4.42973396170448
880,795.448364257812,3204.5,0.238279297947884,0.013477844565795,0.0557440995195506,19.8735486799671,14.2386320652106,3.42710121046518,1.94438787075054,16.3045822143555,3.25063313995712,2.13897229423956,9.00009481481482,2.30259457443058,0.871918367124834,4.47732733304167
644,479.217742919922,6018.5,1.82841384410858,0.109862626405931,0.309275314590085,1.54543899808624,7.65000522401596,2.00725625461932,1.37096709180536,1.77394574483236,1.65022843285625,1.24214906057221,9,2.30258509299405,0.113616975180926,4.16511363311031
580,1261.26928710938,7188,0.709571659564972,0.0343165727027497,0.130622387355658,15.9035339027323,19.3806310300474,1.28581369426865,0.697373507485175,20.0546004401314,1.28581369426865,0.639721332653786,5.9999762962963,1.94590676280619,0.570035206695788,4.41712134073427
558,1066.52294921875,5731,0.508563637733459,0.0229628808766904,0.0794156391289,16.79810364836,14.5048687616984,2.62760158225363,1.50355572657228,17.4182360331218,1.29432829492204,1.15841300655908,7.0000237037037,2.07944450463841,0.542029088515558,4.2449144577429
537,879.435546875,4215,1.936283826828,0.232274711537382,0.381207770069675,3.88862639396422,7.47746131114479,2.76176457872606,1.54867090387466,5.37905803256569,2.51249608303905,1.77149864514295,10,2.39789527279837,0.294013104906899,3.88810282171049
794,266.074096679688,3635,0.204309940338135,0.0036013974559026,0.0273479341382838,24.6071245419082,24.5546618688674,0.83742898278731,0.560640717197142,23.9066374460857,0.684695444004679,0.518557274954057,4,1.6094379124341,0.119809034404164,5.06764554881304
580,748.67138671875,3853,0.10698127001524,0.0194388631086433,0.033538080537511,22.2300722757975,18.0477813861988,2.91710166082863,1.51020617264716,17.3960005866157,1.47147587600732,1.11929724786698,6,1.94591014905531,0.907132151473278,4.41711795448515
644,478.074127197266,3895.5,0.289651960134506,0.000694588271830554,0.0340565388142728,24.9317369645642,23.6871926943461,3.54076169119324,2.32359943527483,23.5816892411974,1.90749516853593,1.74270371807729,5,1.79175946922805,0.56696650965556,4.6759392568763
859,282.839111328125,2376,0.262399852275848,0.00724728607568181,0.00839019754643999,23.1845100826688,21.1748361860003,3.79405474185957,1.55751030717169,21.6727958679199,1.84360130452978,0.928455970360404,4,1.6094379124341,0.572107855702234,5.14633100955016
644,276.019165039062,5637.5,0.632135093212128,0.00791776215498174,0.0594845574444101,23.7576490299676,27.2727203792996,3.83489136355476,2.44714119996478,26.0478778839112,3.28951525507561,2.54457757364422,6,1.94591014905531,0.25376699544339,4.52178857704904
558,586.206298828125,6895,0.494337499141693,0.00354214936314889,0.0684319843625474,19.4530906253391,20.6109391067968,2.7545696214992,1.71867980107857,21.9980623881023,2.13349354497097,1.46853039872119,8,2.19722457733622,0.0783259453756328,4.12713438504509
794,135.081665039062,3593,0.969552457332611,0.0164363303906576,0.106183048960901,24.2600237815611,25.8662460009257,3.05501712538808,1.52963152587348,25.9966725667318,2.61158667183669,1.34125692632744,4.99998814814815,1.79175749391746,0.709822652649484,4.88532596732967
537,1474.02819824219,5060,1.19303894042969,0.0872271753678611,0.255961167359889,5.54451656136467,6.66384015966349,2.64177589887649,1.43254526939198,6.46377779642745,2.36902325332838,1.24034750234552,5.99996444444444,1.94590506967733,0.322163189513499,4.34009302483153
816,805.950561523438,6141,1.3824816942215,0.00469214244106908,0.091375369881149,22.0685730267596,20.9152194250198,3.60254550283768,2.37415298064865,21.9611244625515,3.06447454657955,2.80817282120056,4,1.6094379124341,0.887186185664995,5.09497644253001
730,786.729187011719,3676.5,1.29019832611084,0.0058990238733756,0.0371207220667991,26.1881141949725,28.0098670482636,2.37328130696816,1.12068431381785,28.4993034362793,2.37328130696816,1.09302989486242,5,1.79175946922805,0.508446479400726,4.80128506491438
944,778.170043945312,4187.5,2.41156268119812,0.198328504787828,0.365830037113142,3.77603250729146,6.59196185006039,1.483373859233,1.01602055157921,4.1708168877496,1.47672631313732,1.09454348162177,9,2.30258509299405,0.785867343641216,4.54754107315146
537,155.540588378906,3717.5,0.370402067899704,0.0216488935542252,0.0635149406249447,18.6471129263602,23.8229118347168,5.63384771473463,2.92381890434022,23.7206923590766,4.52384348862211,2.64290866105551,4.99996444444444,1.79175354328457,0.117036825476575,4.49424455122429
730,1137.92724609375,2723.5,0.940306961536407,0.216629275189366,0.34359084344667,3.46750842678932,6.5488145654852,2.4800877650814,1.33250033024881,4.94899245368111,2.4800877650814,1.85726755766484,8,2.19722457733622,0.791689039686915,4.39581995680622
859,24.6351165771484,4650,0.0710867419838905,0.0372491417615919,0.0966890378368639,23.1954518677086,22.5138100147248,5.77451375204268,2.95853578138223,23.6059702131483,5.77451375204268,3.35655371972873,5,1.79175946922805,0.185556053031816,4.9640094527562
773,412.635498046875,6953.5,1.02715349197388,0.00620115632669638,0.0647125815091165,16.7971167034573,14.7462550163269,3.20953567360623,1.88713264197006,19.9747399648031,3.20953567360623,2.10027233481525,9,2.30258509299405,0.143429630665389,4.34769395559338
537,892.110046386719,4312.5,0.231487438082695,0.0115051586471111,0.0314691170116141,21.3702012831164,20.3976655093107,3.77678121073788,2.32278609598383,20.1252431233724,2.93807595310525,1.90017872908506,8,2.19722457733622,0.385778420723671,4.08877351717264
644,1417.79760742188,4930,1.9170777797699,0.0645393219737684,0.3519220874742,4.68206435612268,4.76367839631581,2.454923541811,1.45459946075915,4.32548463609481,2.30683978992496,1.34258884897262,11,2.484906649788,0.681221724739408,3.98279207631635
816,906.681884765625,3285.5,0.20191054046154,0.00959795760059734,0.216981061534856,17.4952622731527,20.3280607223511,3.52967444034106,1.88898296410209,19.8496219211154,3.16115678565273,1.44993374542781,5,1.79175946922805,0.678250665907992,4.91265488573605
987,156.237060546875,2427,0.0806954652070999,0.00211885243840371,0.0032765587080803,22.3508441966067,19.9821914248996,4.57665808641581,2.68312328880232,21.1184603797065,2.55619803939359,2.14222557554838,12,2.56494935746154,0.466285748728518,4.32972068197194
580,579.666442871094,4085,1.37917673587799,0.00290959810863711,0.0734288094411788,21.847125116984,23.9228786256578,2.3452250964137,1.43992691872912,23.8017156812879,2.3452250964137,1.62586824406399,3,1.38629436111989,0.663514539811055,4.97673374242057
580,196.327789306641,2564,0.191517874598503,0.00864095984308122,0.011627089176379,23.5153313790598,19.5730309531802,2.78104016304853,1.6664543357948,16.6372513665093,2.78104016304853,1.95693471331605,11,2.484906649788,0.667585607618727,3.87812145375246
644,750.012878417969,5689,1.53612339496613,0.0231398389658253,0.141826781794091,19.7145563228157,19.7820566177368,2.84958036948819,1.58303364205683,20.8075013054741,1.91691382582425,1.62187571202675,7,2.07944154167984,0.826602596431619,4.38825718442452
880,468.597351074219,6927.5,0.659568965435028,0.0461028727116286,0.348222569802392,7.87061712174187,8.80520432790121,5.17392344086103,2.88289889346847,11.8731280856662,3.7232043405843,1.5314451602586,9,2.30258509299405,0.13877750632343,4.47733681447821
773,229.359100341797,6250,1.41261506080627,0.242162496256849,0.391866481264667,6.12033422326539,9.03647448221841,1.72550155436165,1.17631723658307,6.71724705166287,1.72550155436165,1.33172211029262,10,2.39789527279837,0.384414810532413,4.25238377578905
515,4.84540462493896,4755,0.0604487881064415,0.0165248788780481,0.0192017381634066,23.5496914757623,19.7192195290014,4.20560603355024,1.92935471023743,21.5163511064317,3.49217116481004,2.07668283870941,16,2.83321334405622,0.25949027954187,3.41095355660752
751,801.52880859375,3301,0.0727759972214699,0.050119183445922,0.0800470525524979,20.0388575194985,15.8228025860257,3.4114872578839,1.70281981211177,15.7207934485542,3.4114872578839,2.0479317650135,3,1.38629436111989,0.262987298963553,5.23511129064424
580,455.458923339844,4863.5,0.491770535707474,0.0142878972839249,0.0373699772660601,22.2525491078696,23.5301864624024,3.98268608598414,2.11576368045607,26.0860858917237,1.82031968231199,1.4808375345594,7,2.07944154167984,0.628446879501932,4.28358656186063
708,550.447692871094,5499,0.987829327583313,0.00963926254063452,0.0506591617537566,22.119556824879,15.947367392646,2.22318934245247,1.55981138272595,19.7539198557536,1.99132828110927,1.34993435053565,6,1.94591014905531,0.710759350220288,4.61653394463841
837,503.627075195312,3032.5,2.16953039169312,0.191355765672899,0.454764739057172,3.26297120139719,7.40309388131806,2.42028629438383,1.5979820354958,2.41961631774905,2.2625639578881,2.21879252020163,8,2.19722457733622,0.75623990541745,4.53259949315326
880,736.168395996094,4291,0.182858318090439,0.0151814523882123,0.0798941563909814,21.8957223666611,23.6492938359578,4.16548492994323,2.94405694491951,23.2878138648139,3.99193434996911,3.26992881322652,7,2.07944154167984,0.904446747784909,4.70048036579242
751,160.713027954102,7097.5,1.20387125015259,0.00876995561587179,0.165509014416198,19.9983437856039,22.214952541533,5.20951704641457,3.38612857367756,19.1387978023953,4.85565187028702,3.63006351245179,11,2.484906649788,0.267900074131488,4.13649900197613
665,864.029418945312,2736,0.683296799659729,0.00494414693249112,0.129206818877606,24.2836930380927,27.4018615029075,2.72210163004433,1.21709119075345,25.4868861728244,1.32412272797185,1.18786974875464,8,2.19722457733622,0.278488361689094,4.30256246331964
537,643.217163085938,7588.5,1.03547251224518,0.0240769684679485,0.0777753939476682,19.816890335083,19.660360141829,2.77513074809277,1.48216731343178,19.1264511108399,2.06938786802896,1.48172961810792,14,2.70805020110221,0.126629829305698,3.57794789340665
537,698.351135253906,4582,0.306656569242477,0.00606752767629359,0.0135525640555372,24.7257492188485,26.8763644324408,5.15447664794941,3.24911175482282,29.343830786811,4.75138585342553,2.87283526040061,6,1.94591014905531,0.703031722828579,4.34008794545355
644,816.693603515625,5124,0.852921187877655,0.0123674464742258,0.0905002520673399,19.4781045701769,22.8171787685818,2.47680665268417,1.4061544781096,23.6312595367432,1.73333560535484,1.36412220325826,6,1.94591014905531,0.0210989924385753,4.52178857704904
515,685.307312011719,6954.5,1.55648350715637,0.0686436058648781,0.179607760247876,16.3094907247892,17.7120031144884,1.54934077935998,0.704791579536588,15.3315262688531,1.54934077935998,0.954756744624402,8.9999762962963,2.30258272262087,0.840358424507073,3.94158417804287
708,176.694549560547,3015,0.219450876116753,0.00224007338471566,0.00430867273701097,23.7759901559481,20.261367079791,4.24317905755322,2.15867720257609,22.7418327755398,1.97789485500554,1.56910048364415,14,2.70805020110221,0.823744121712129,3.85439389259151
816,701.042358398438,6974.5,0.884577333927155,0.0122164938396665,0.0898000162189767,20.701564940586,22.2304163138072,3.79439618268813,3.04243015239141,21.50366130405,3.68676494756388,3.06894834028334,5,1.79175946922805,0.362807092092416,4.91265488573605
859,257.518768310547,2895.5,0.350510895252228,0.0132522758859039,0.0167817433584041,22.9387938468687,19.4725728534517,4.07245869511008,2.23337034475855,22.32330877516,2.45945941492702,1.92386588010057,11.0000118518519,2.48490763744183,0.0492992895404756,4.27086128454242
794,170.528762817383,4403.5,0.146427050232887,0.00244952016227984,0.0972239698373514,25.6792068269518,27.0411582946778,3.50731339879103,2.3894687169019,27.7781281365288,2.26271478584298,1.59118400038537,4,1.6094379124341,0.129363383937429,5.06764554881304
859,261.192230224609,2209,0.357228249311447,5.44957428978421e-05,0.0633732202718988,27.6616502973768,29.5382998943329,2.48404018162536,1.43416708957069,31.1925822787815,2.36467793152556,1.61225617803627,5,1.79175946922805,0.874885960503786,4.9640094527562
515,839.251220703125,5096,0.977799296379089,0.0175339223511912,0.0698438757034694,17.6845748532203,20.0078534973993,1.69627588496893,0.99505219806478,19.1601567162408,1.39175044910492,0.799925432138564,9,2.30258509299405,0.0306876115602918,3.94158180766969
902,327.320739746094,6034,0.519100069999695,0.00573597694225114,0.0358348306471115,23.4986063106085,23.2956840696789,2.78797046051462,1.37813776225037,25.2329174041748,2.78797046051462,1.74058581366494,4,1.6094379124341,0.0313243180989303,5.19517660762852
665,815.077209472656,2262.5,0.191428154706955,0.0712323232227767,0.115174105464934,19.4256993037397,17.1751836564806,3.74436257235214,1.79224956696976,20.3573042975532,3.58539751686572,2.32394236381599,9,2.30258509299405,0.0195368215623998,4.19720194766181
880,1038.96008300781,4636.5,0.7050741314888,0.00452012291266257,0.0348974319058755,22.4728314881684,20.3649328769782,3.7221360050735,1.95969852773332,21.8796863979764,3.50415142706845,2.51063356137553,10,2.39789527279837,0.380687802816163,4.38202663467388
665,352.513549804688,2616.5,0.631535530090332,0.00162987599126296,0.0434497089634114,24.1339411253571,25.2607900347029,1.73651802552402,1.32953023092125,28.2868652767605,1.66988654542866,1.11445860657527,4,1.6094379124341,0.18409585089527,4.89034912822175
816,480.750671386719,7285,0.690309703350067,0.0556006386647319,0.187811203629231,20.4303743382936,21.5240111509959,4.62521429433233,2.01759401048077,25.454535844591,2.27422662939227,1.17834758770119,13,2.63905732961526,0.295269354210418,4.06535702534885
687,1474.02819824219,5761.5,1.19303894042969,0.0104789563070931,0.0731802244322282,15.0706613752577,11.9678463123463,3.43932253918125,1.23535827975187,15.3868041992188,0.916044383273594,0.351662980391896,6,1.94591014905531,0.585323753950414,4.58642414316704
687,657.5126953125,4785,0.483828216791153,0.0116612458036585,0.077647212513714,21.4415647937406,23.1699921360722,2.14829144878262,1.36280221245134,22.7596768697103,1.99034150671379,1.4103278043453,6,1.94591014905531,0.735410663442265,4.58642414316704
580,590.668518066406,4793,1.49780178070068,0.0136947540568997,0.0559196614595692,18.8359880837061,20.8003231048585,2.12864618838264,1.24272655739746,23.9744985792373,1.13414130836813,0.848606034409031,7,2.07944154167984,0.343318864692056,4.28358656186063
558,860.142333984375,3242,1.07503235340118,0.00402449273724415,0.0722810882687099,26.2338959355508,26.0015576044719,1.66693428710662,0.984111656554712,24.7869508955214,1.66693428710662,1.15845901966297,5,1.79175946922805,0.353913589444077,4.53259949315326
794,274.880767822266,5842.5,0.495006322860718,0.00591075033461408,0.0797256930599453,19.9741980658637,18.8372245082149,6.0169796142532,3.82382813809383,19.1670447879368,6.0169796142532,4.96737374665585,6,1.94591014905531,0.179484975667459,4.73117331219182
601,1007.22106933594,4879.5,3.57546973228455,0.221435942755665,0.364643308289466,3.94897999096946,7.23223126729334,1.58384558072136,0.934300178497238,5.39606819152834,1.58384558072136,1.31366456909326,12,2.56494935746154,0.316683785672268,3.83364557707367
966,662.526123046875,4841.5,0.975771427154541,0.0070933046918995,0.0555036177014756,18.345042122735,17.8649745305379,2.83267403728631,1.10561622185175,20.1617179870606,2.83267403728631,1.38737874439109,7,2.07944154167984,0.736595922155216,4.79372229253268
580,986.97119140625,2402,2.57315731048584,0.104668476494528,0.330231495579827,-0.321018986474883,6.71300706863406,1.46997728125627,1.00274184787684,0.905456161499046,0.896417439513729,0.637887583421317,9,2.30258509299405,0.0119124626257125,4.06044301054642
537,620.013793945312,4620.5,1.53193557262421,0.01364721210307,0.0642032212243322,21.4418700720674,18.7923848354455,3.65004120120968,2.26365694310876,20.5316986931695,3.48903506908221,2.24215936609235,8,2.19722457733622,0.494191547603273,4.08877351717264
623,969.084045410156,5711,0.715162694454193,0.0609936390043941,0.10492815422397,19.9307934422647,19.2006123860677,2.55245984750919,1.46915686423677,17.5885190327962,2.43152174021857,1.50961686774358,6.0000237037037,1.94591353529297,0.481319121822511,4.48863298349449
730,306.523376464844,5740.5,0.606880962848663,0.0100613630327473,0.0401843851810497,22.4163123387162,22.8624873408565,4.38751716739713,2.73243348503374,21.4588562011719,4.38751716739713,3.6059449981811,6,1.94591014905531,0.109469944191932,4.64713438508712
537,986.97119140625,3262,2.57315731048584,0.216829345541878,0.387159231265667,3.65682124886473,8.27370055703557,1.96747881517447,1.17480050430593,4.49868927001955,1.78465346305874,1.18306597809399,14,2.70805020110221,0.713385777437623,3.57794789340665
601,989.077941894531,3914,0.941765546798706,0.00969942724957917,0.0654253862038559,17.9221612335533,16.7963709317721,3.416072062893,1.60388836326151,21.5536840650771,1.43352277684545,1.24650839763895,10,2.39789527279837,0.711009517810546,4.00069966173684
816,210.668884277344,5390,0.154406487941742,0.0111246119510966,0.113488124046718,18.9748376292568,22.4068623719393,3.01076440230437,1.55162400205378,22.124324629042,2.63543553258129,1.49765552299311,6.99996444444444,2.07943709722551,0.547326460233595,4.62497725773859
601,629.207580566406,6380.5,1.31797778606415,0.0736237569081268,0.475613744520231,10.6017173726072,15.0880035188463,3.21143184517863,1.38230684953919,14.4398532867432,3.21143184517863,1.33749576711485,3,1.38629436111989,0.635518758488888,5.01230057341532
537,737.874633789062,6474.5,1.03685176372528,0.064741066078966,0.161261280712299,5.76461755896128,8.06314493815103,4.31425267068226,2.69088362582969,8.55373344421389,3.34921221341223,1.9957836246787,11,2.484906649788,0.870594136511529,3.80109144472086
751,368.552795410156,6453.5,0.518310368061066,0.0261078827928891,0.0899075673311316,21.0233128537414,19.8591625604874,4.40062944657718,1.95333842309287,22.200693596734,4.40062944657718,2.41290274760735,10,2.39789527279837,0.153295536940958,4.22351037896576
987,1011.20404052734,2929,1.17842674255371,0.000986703869955363,0.0742681939027641,25.7103430642023,29.3940365826642,1.95061699218318,0.980417940216919,28.5649764166938,1.45177306873147,0.762992972615532,6,1.94591014905531,0.793281594790137,4.94875989037817
687,944.477844238281,4456.5,0.421116441488266,0.0578756101773656,0.167368240431546,16.9980427403604,15.0844033559164,3.54049655635215,1.79944135315277,15.2670536465115,3.54049655635215,2.08890689706358,2,1.09861228866811,0.0562121848272534,5.43372200355424
537,953.485473632812,4974,1.03571474552155,0.0181916345056088,0.0704169869944451,19.2345205614644,18.4403690800523,2.68461558750779,1.56416828186222,21.6506045023601,1.93592582824241,1.33157663238712,8,2.19722457733622,0.443823766567715,4.08877351717264
644,769.01708984375,3931,1.1646226644516,0.00555693035516569,0.10786020469585,26.7751355912951,27.5499702453613,1.9666726982222,1.27774037398707,29.346157752143,1.9666726982222,1.46314587245543,3,1.38629436111989,0.258727433307356,5.08140436498446
687,832.953430175781,3850.5,0.685582637786865,0.00621809411997631,0.0268843718923257,27.6799745129001,26.6845728450351,2.21669977029278,0.85293318599494,28.6386638641358,0.787307419592895,0.641798340333682,9,2.30258509299405,0.852343663437466,4.2297491992283
558,879.65771484375,2742.5,0.71802943944931,0.0161462444987137,0.0541180523855083,22.5528516981337,28.7506546868219,2.62200015972337,1.68281453687492,29.7568222045899,2.62200015972337,2.20421219292267,3,1.38629436111989,0.711558055682524,4.93806460126142
751,358.675537109375,6083,1.24481856822968,0.0379231724805464,0.156791882808008,18.6773199929132,27.9982847531637,2.77062220577895,1.47446188425603,27.5375648498535,2.77062220577895,1.75176232937664,5,1.79175946922805,0.683406081169279,4.82964618253608
708,613.540954589844,4614.5,1.19999027252197,0.0141515849657523,0.0456944329852256,19.9527101291125,17.1912080244585,2.90430054238569,1.75225383969053,15.5687750074599,2.90430054238569,1.77781881967457,8,2.19722457733622,0.313616307694309,4.3652195163575
622,1018.27349853516,4552,0.788503527641296,0.0448368205373413,0.16900815718575,16.4507580295686,18.0903937975566,1.6387770268546,0.970667583526775,18.0550039503309,1.6387770268546,1.04017072750586,5,1.79175946922805,0.584670393311986,4.64118062351112
880,273.256561279297,4760.5,0.472010433673859,0.000236379699117606,0.0701364977217338,26.0801546732585,30.665238793691,1.94245662287136,1.30959761447367,30.8680969238281,1.79116855598887,1.32876460840706,5,1.79175946922805,0.817432395698139,4.9881624382442
537,164.518615722656,7595.5,0.633755445480347,0.020204184897608,0.186881574636143,18.2047790896508,17.8603236304389,6.12614119591508,3.07855908557206,18.1227627224392,6.12614119591508,4.64522949441538,6.0000237037037,1.94591353529297,0.776062115655523,4.3400845592159
601,1383.28186035156,5325,1.65527212619781,0.00100085682472084,0.093321028158396,22.0071045947331,16.5347576565213,2.0273900374292,1.25168876986332,17.7322019365099,2.0273900374292,1.68923736677096,6,1.94591014905531,0.145056739733726,4.45268478547989
515,574.991943359375,3449,0.526812493801117,0.0109641797201085,0.0317979543065015,22.4828165197885,25.6928170340402,1.78296839882725,1.39797204174148,27.2322023603651,1.57149529929025,1.24393983164958,4,1.6094379124341,0.741354519178568,4.63472898822964
880,317.057983398438,6022,1.44022285938263,0.016475390037229,0.0451459568383115,21.2763074731315,23.7928011576335,2.9544341107595,1.6391782522287,25.135355673896,2.9544341107595,1.84242172166813,3,1.38629436111989,0.335364012235941,5.39362754635236
794,194.615356445312,2836,0.34130322933197,0.0312990829701789,0.0350860420572658,21.6452964570788,17.0545442581177,2.68744543647676,1.69914995882328,16.6785636901856,2.68744543647676,1.94227729011283,7,2.07944154167984,0.846186087765969,4.5976419195673
730,307.350311279297,4283.5,0.469774514436722,0.0018238727729063,0.0453929101168775,23.2457123089862,22.2598448753357,4.28044858958139,2.31474445564359,21.8268878089058,2.38025305613794,1.88908102856758,5,1.79175946922805,0.535163970417365,4.80128506491438
580,689.064025878906,3269,0.276466280221939,0.0171888932734312,0.0471393893601117,21.1370945469026,20.309111849467,2.75591772792686,1.39851986798658,20.7589469909668,2.02791773901473,1.05917040300151,1,0.693147180559945,0.373949304463708,5.66988092298052
751,262.413452148438,5540,0.413627773523331,0.0199006376087674,0.122729525846374,21.9978521285518,24.7262800216675,3.07326797280884,1.84673976943142,22.7472744411893,2.02410244026522,1.60382075999304,7,2.07944154167984,0.704030303422914,4.5419641100843
515,466.682861328125,4922,0.311931312084198,0.0260134566542227,0.12316232020455,19.2443231233986,20.3351577954415,2.39458238110097,1.32820450985829,23.5596610599094,1.73194547873778,1.22762520055953,9.00009481481482,2.30259457443058,0.416071388165666,3.94157232623316
515,801.370910644531,4344,0.525042712688446,0.0125385281114845,0.0572868011885603,21.0946671352592,21.1220230420431,3.41695431446171,2.15225772788826,21.4395031823053,3.41695431446171,2.24643813442495,1,0.693147180559945,0.41076371795947,5.55101972010379
880,922.674621582031,4530,0.8647700548172,0.0253906097698859,0.0614603110706966,21.1160049725605,21.6129540054886,3.3903047539837,2.12752257432489,19.1846580929226,3.3903047539837,2.49682650359578,6,1.94591014905531,0.640305942810519,4.83401175841694
794,611.967529296875,6792,1.47279584407806,0.0122963751639595,0.160794508094217,20.2692661777619,20.8418311083759,2.4942274819264,1.58645065176219,22.0917312198215,2.4942274819264,1.52074568981198,6,1.94591014905531,0.161363250192175,4.73117331219182
708,250.940948486328,4153.5,0.118939012289047,0.000678842446294681,0.0085909459478799,24.2329738452871,18.8085378964743,3.92955536290875,2.63772368064608,19.5309372372098,3.92955536290875,3.24207032639712,5,1.79175946922805,0.812572021940408,4.77068462446567
537,1147.34338378906,5719.5,2.03423500061035,0.00622860869280473,0.0704013664858323,16.3504085540771,14.5722983950661,1.84918009527999,0.850159019027661,17.0512193467882,0.549549515370069,0.417023731252406,4,1.6094379124341,0.121904956491636,4.67656018207476
773,890.901977539062,2442,0.251250177621841,0.0149378053374392,0.0384849689888149,19.457914094002,19.9896273658389,2.67614528369712,1.53538929008,20.5157733917237,1.67288931796092,1.10076081931141,4,1.6094379124341,0.663852702148184,5.04084113615332
515,18.0223999023438,3988.5,0.215019255876541,0.00377949567283054,0.00974268277679258,26.2708971864434,25.1149861574173,2.36371003858041,0.780387441809037,25.2238839891223,1.30792827075809,0.776058567778935,13,2.63905732961526,0.0558679824815767,3.60510957104848
859,812.182312011719,5159.5,1.72316575050354,0.0017869283938694,0.0170013510748888,25.7446996914444,25.8387003217425,3.05995529883488,1.87463412285498,22.3847743564182,3.05995529883488,1.82907730162397,11,2.484906649788,0.00964420124082566,4.27086227219626
687,184.266220092773,7412.5,0.832052707672119,0.0235958355233201,0.245774303810013,18.4467203160768,17.2802182939318,7.01658938614435,4.13945183156402,19.0341975318061,7.01658938614435,5.26164770909468,12,2.56494935746154,0.355908135731229,3.96738493476081
537,668.283935546875,3560.5,0.738047301769257,0.000593189969375629,0.0461645203110095,27.7781291961671,28.3844494410924,3.31541697232261,1.7520401007369,30.0470878177219,1.81226489125528,1.3332307921138,4,1.6094379124341,0.598538024229344,4.67656018207476
730,976.080688476562,4400.5,0.40895077586174,0.0146605793309682,0.0862531523214294,24.810961066352,22.3732707292605,2.97695709613753,1.44559215026423,22.3080597347683,2.51395569237157,1.67053032214534,10,2.39789527279837,0.872547735365304,4.19514926134407
515,113.600860595703,4519.66666666667,0,0.0405060418474896,0.225323369937705,7.20251629737112,9.29785753885909,6.5648292333915,4.11585834581291,9.07354655795626,3.56098535716381,2.99940067064261,6,1.94591014905531,0.00240446081029422,4.29825675160842
665,758.700317382812,4757,1.01467728614807,0.00825901643131033,0.0296566926810158,20.7802678672217,23.4107699641476,2.86475512230135,1.55147576025734,20.5590706295438,2.86475512230135,2.0709013675966,6,1.94591014905531,0.695810875300937,4.55387689160054
687,236.469848632812,3444.5,0.0351661741733551,0.000366036347539733,0.0576460526578551,24.748297712538,28.7594711586281,3.76010242183417,2.40518491748058,30.2130737728543,3.76010242183417,2.04850592812324,6,1.94591014905531,0.419319690339203,4.58642414316704
623,413.022155761719,4173,0.731187403202057,0.00570386697543057,0.102995897667164,26.1552913877699,24.8483568191529,3.68432448279114,2.6259354725599,25.7702622307672,3.68432448279114,2.59176494116112,3,1.38629436111989,0.198565560370748,5.04825215766756
987,377.378204345703,2384.5,0.258797258138657,0.00636799754610706,0.00747480073342643,23.5927827835084,18.5144818721673,5.44421945426508,2.15075193445075,20.4997211456299,2.32693115392155,1.02222108200914,10,2.39789527279837,0.0488449485749359,4.49677476663511
665,301.294525146484,2709.5,0.233764678239822,0.00336171045950096,0.0672098490543291,25.7233423704743,23.1906201680501,3.31512794922978,1.88021649558399,22.9584980434842,3.31512794922978,2.28649210450918,2,1.09861228866811,0.411726539369901,5.40117475198774
730,404.150054931641,2941,0.33629047870636,0.0011761123616516,0.0368540675437821,24.0512242347965,21.8190138498942,2.20877176109115,1.41900406845584,24.0517849816216,1.93835874211317,1.46951070698008,7,2.07944154167984,0.686686480277575,4.5136029924626
773,352.674438476562,6125,1.27981603145599,0.0131968891982623,0.153635067485322,21.009575000886,22.4516742161342,2.60495371498864,1.20018444864626,25.1697606404622,2.60495371498864,1.86317864757662,11,2.484906649788,0.478480913692422,4.16537239879942
515,230.449996948242,2843,0.279182463884354,0.00798809049143756,0.0958752336856179,25.4217313007643,27.2972408294677,3.60946022607675,1.97569537503753,24.0400617811416,3.09512370075133,2.62607294526461,19,2.99573227355399,0.81517950495579,3.24843462710975
537,730.080505371094,6179.5,0.838881611824036,0.0887416753857551,0.453976126980525,9.19931199268632,8.13817494710293,4.47476283653853,2.24199570749469,8.02225668165426,2.75763446642831,1.27694022348202,3.99996444444444,1.60943080129771,0.771882941325216,4.67656729321116
708,742.83544921875,2158,0.280057787895203,0.00321912788958656,0.0431898696211306,25.3803248128584,20.3824374607631,2.59113557190149,1.81268562987233,20.7552882724339,2.38436281906797,2.06498414460909,4,1.6094379124341,0.156653690804294,4.95300618125962
794,352.674438476562,5989,1.27981603145599,0.0157219452256818,0.06227227131102,21.6163938870994,23.254664175851,2.85182135028625,2.2731485360738,23.2263395945232,2.66036390033753,2.3971623640404,4,1.6094379124341,0.612185118091525,5.06764554881304
730,839.011657714844,6101,1.10222220420837,0.0226640212618676,0.134952574157609,20.3169855329725,20.5833847848993,2.30919388761578,1.44174184445816,24.6175556606717,1.71575002323425,1.04682450603927,16,2.83321334405622,0.686550592564636,3.75983119008622
730,195.569412231445,2589,0.285030514001846,0.00789172797566451,0.0117583713801928,20.805397160848,16.8927018367883,4.70850818345097,2.53600910633207,19.7886795891656,4.70850818345097,3.25078349193567,8,2.19722457733622,0.201358732964027,4.39581995680622
944,740.944702148438,4229,0.587477684020996,0.0156180490391939,0.0640765885047898,22.1736306296455,20.3130959374564,3.70121876145923,2.41753966471674,23.1896402994792,3.06403874119159,2.09140445136874,11,2.484906649788,0.339831952837839,4.3652195163575
644,715.694152832031,3253,1.3939071893692,0.00690956608379878,0.040148096266897,25.3348947525024,30.0449774424235,2.20115334542741,1.1455725008339,30.4318559858535,2.20115334542741,1.63190974783465,9,2.30258509299405,0.886925330941271,4.16511363311031
880,322.361480712891,4965,0.460789859294891,0.00572275221643181,0.0456496077862845,22.9335622151693,20.1763419115985,4.4944555802991,2.27350189344726,21.6714232126872,4.4944555802991,3.38720199342836,14.9999644444444,2.77258650001509,0.528793488484273,4.00733540745716
644,626.240051269531,5649,0.408813029527664,0.015356149009385,0.0355643834221198,21.8773101560532,22.1281464712961,2.22481053787011,1.30608737526985,24.8997690836589,1.83458782859534,0.751644681262121,4,1.6094379124341,0.502829933198492,4.85826081367025
623,534.542663574219,6813.5,1.15700209140778,0.12638819736403,0.320537235045929,7.44462713426162,10.1098030567169,3.65277851581551,2.03868008803251,9.78061553107369,1.43565522927916,0.851579828537201,5,1.79175946922805,0.575806883783986,4.6427870495594
601,1402.81787109375,5870,1.77983152866364,0.0795867670398245,0.350671433876748,4.02768254844096,4.29545572454276,2.05356457449543,1.19493242838251,4.1390126970079,2.05356457449543,1.5114587464287,7.99996444444444,2.19722062671113,0.911059086250719,4.20137430782408
987,754.970397949219,5796,1.23654174804688,0.00419937001241166,0.214855280957945,21.1832537989463,25.237908384535,2.07969671123439,0.887163779194942,24.5028669993083,1.1076761372262,1.01388169685317,12,2.56494935746154,0.212127651091372,4.32972068197194
537,825.437866210938,6020.5,1.61667168140411,0.0113465629241887,0.110332119690586,5.97721066091253,7.45113345252145,3.02663599280853,1.49318446773776,11.3349427541097,1.14315036432506,0.691288955247289,9,2.30258509299405,0.817398204323956,3.98341300151482
708,960.832580566406,6011.5,0.738596260547638,0.016507152966593,0.156996314345985,17.9689371320936,22.1327198593705,2.09809029566805,0.936265089938037,23.1096397399903,0.911892127045594,0.852454055112704,6,1.94591014905531,0.590177119341948,4.61653394463841
751,177.921203613281,3927.5,0.608516156673431,0.0111007101072431,0.0585516414234242,21.0965542824038,26.5725738366446,1.64929003057725,1.01965054168377,27.1417463514541,1.06252507083072,0.761308329186227,5.00004740740741,1.79176737043141,0.810886435871411,4.82963828133273
537,1039.28161621094,3486.5,1.95213687419891,0.0206386947571602,0.0757811200787764,27.1634223302206,26.6592614014943,1.872559837952,1.27436390917248,28.175858645969,1.75429314119389,1.10252238654166,5.99995259259259,1.94590337654561,0.274265568618837,4.34009471796326
580,1072.74377441406,5398,2.76401114463806,0.000458726029762602,0.107004668178273,24.40079920027,26.0812308152517,3.01937197659425,1.26361502253588,26.3392726474339,3.01937197659425,1.87095054610418,5.0000237037037,1.79176341983754,0.577249895241454,4.57126468370293
794,769.01708984375,3684,1.1646226644516,0.00386328207273223,0.0630114841440914,27.1049002965291,29.2439292430877,2.32595825767452,1.11468211918938,30.2193786197239,2.32595825767452,1.0364925223443,5,1.79175946922805,0.746314935134036,4.88532399201908
665,753.998291015625,6605,1.9947110414505,0.0403387511964475,0.178917990894146,18.3079433653089,21.5036385218302,3.15203276789734,1.26645489431298,23.1029771592883,3.15203276789734,1.72479371532346,7,2.07944154167984,0.469344353554003,4.42034549897602
537,762.407348632812,2026,0.455721884965897,0.0127251717273893,0.0443311848584571,20.0979297678958,14.6078607286726,5.07304140184166,2.12879933954245,13.2366820865208,5.07304140184166,3.00475232419613,4,1.6094379124341,0.289188480375012,4.67656018207476
880,131.298004150391,3814.5,0.594644546508789,0.00381043521196389,0.0113099752509846,25.9775309695993,20.5260891808405,3.31435732627844,1.69566430809979,23.3210555606419,2.99684142652224,1.75736218743916,9,2.30258509299405,0.810110404945942,4.47733681447821
773,817.993896484375,4627,0.350091010332108,0.0131808943283858,0.115482460577187,19.7452519816737,21.3935504424267,3.46109322587351,1.40198716249361,24.2368073357476,1.27191744263695,0.927858582865927,10,2.39789527279837,0.000547748100044654,4.25238377578905
708,466.979400634766,4624.5,1.16341733932495,0.032794086297919,0.0876825628051066,24.8790685865615,28.0953509171804,1.5352546483289,1.07310530459442,29.8940016852485,1.48115620904274,0.83214783340224,5,1.79175946922805,0.597351337783153,4.77068462446567
537,453.796691894531,6102.5,1.1252030134201,0.0172481355051914,0.126818662746874,21.3692952309885,23.1203578655537,3.23575643443434,1.59995133760095,21.5645228915745,3.23575643443434,2.16705393850389,10,2.39789527279837,0.420323155544815,3.88810282171049
537,1075.54516601562,5845.5,1.86657536029816,0.0132134470909904,0.0858465900611307,14.256627951728,16.6975742340089,3.19279185073881,1.44866095800141,15.843574778239,0.926644823081535,0.609914487445902,4,1.6094379124341,0.299244954958341,4.67656018207476
623,198.600860595703,3815.5,0.141922146081924,0.0143865201159841,0.0190694512742127,25.434447737663,18.0041648228963,3.73046391063426,1.58186690631695,17.8756421830919,3.73046391063426,2.69647873638072,7,2.07944154167984,0.570455597088447,4.35510497710762
644,107.65478515625,4832,0.432089656591415,0.0142580975020969,0.0765506306903845,21.4179078871205,25.1052632225885,4.18125763559592,2.80506474421258,27.5262485504151,2.79312601798912,2.24340953855058,3,1.38629436111989,0.240636806130202,5.08140436498446
987,479.321746826172,5337.5,0.617364883422852,0.0120464385724937,0.0866335530523017,20.8720657061506,20.9731764687432,2.05816553050341,1.73121475883925,21.8448861863878,2.05816553050341,1.75496013576794,3.99994074074074,1.60942606051201,0.862857529783166,5.28524397892147
923,311.903930664062,3322,0.392982989549637,0.0122263978205055,0.0643816704584417,23.3623469445013,24.7913750058129,2.78513231130467,2.41859220567654,22.9188133239746,2.78513231130467,2.33456793006689,4,1.6094379124341,0.461099187568007,5.21819132206875
837,329.346008300781,6771.5,2.31529355049133,0.0333786790590871,0.132541196082332,20.416394108598,21.0713377634684,4.12758840370576,2.26321334566644,21.4912495507134,2.60101512248662,1.94111531823828,7,2.07944154167984,0.835511088282664,4.65038252880964
558,523.475952148438,6112,2.06043481826782,0.16664776439082,0.408388316472418,7.02176117215839,10.2748389138116,3.29293422277567,1.59969183021224,10.9803977966309,3.29293422277567,1.83709038172254,3,1.38629436111989,0.54009406736117,4.93806460126142
665,1214.45068359375,4759,1.92576718330383,0.00373311230882933,0.0640214444646894,22.7623549512638,23.3845128377279,1.89492540002882,1.16590463151069,23.1988816155328,1.6529858271443,1.05864970325832,8,2.19722457733622,0.46161791431553,4.30256246331964
515,891.528930664062,2669,0.269417554140091,0.0264437341831574,0.0633847454120406,17.4480144213605,13.8159948878818,4.68647835106114,1.84152054799849,15.2318170759414,2.42347774074261,1.61034372371467,9,2.30258509299405,0.574581120316389,3.94158180766969
987,1137.92724609375,2171.5,0.940306961536407,0.0858124553764483,0.384095496999137,3.17031254541308,3.7615287144979,3.50965906582744,1.94398967579109,5.86189846462673,2.13498267186487,1.68998141824186,17,2.89037175789616,0.606652315978836,4.00429828153732
558,748.11474609375,6314.5,1.33318948745728,0.027519008186367,0.128600405901047,17.9084797192646,20.1476118723552,1.93842016465382,1.21523887202556,20.3119532691108,1.93842016465382,1.28643954855639,3,1.38629436111989,0.086181715571145,4.93806460126142
902,315.528839111328,3294.5,0.273834496736526,0.00308984069656759,0.0326236475304178,24.2418986850315,28.0154861995152,3.43890326362438,1.6906432199992,26.522474331326,1.6486557800861,1.22609892241923,4.00003555555556,1.60944502351993,0.129148122012473,5.1951694965427
537,90.7681045532227,2586.5,0.272177457809448,0.0171336082846096,0.0204447283888136,24.1069048351712,20.4483188947042,4.88956639382463,2.27018738004158,20.2519440544976,4.88956639382463,2.35932836450461,1,0.693147180559945,0.673889167201548,5.59285091394892
623,443.183563232422,3510.5,0.747290015220642,0.0333908411371731,0.143941584946742,24.8363318337335,29.5814922332763,2.02638573691526,1.35163169870058,27.3087565528022,1.4469042747735,0.966543448304627,7,2.07944154167984,0.49886027775592,4.35510497710762
708,672.737548828125,6882.5,1.62667572498322,0.040386009661308,0.225384822958606,18.8248016480477,19.2017530123393,3.07788496006646,1.34483567053852,18.1548858642578,1.92457820421277,0.99921062934263,17,2.89037175789616,0.153638231671856,3.67207233579756
794,270.118225097656,3217.5,0.321746379137039,0.0262207143854489,0.0767710612505041,25.2836455150318,22.8067934036255,5.195943444247,3.01161790589147,24.4054190741646,3.30351274836627,2.46915581804679,7,2.07944154167984,0.0822164609361311,4.5976419195673
601,282.839111328125,2271.5,0.262399852275848,6.62236936364025e-05,0.0303221722510827,24.6316804038154,22.3084248860678,3.06637965143193,1.51190084169642,24.1117865668403,3.06637965143193,1.62522508849018,4,1.6094379124341,0.585526773258373,4.78915702210111
558,1108.65979003906,5041.5,3.07509088516235,0.0193405962843762,0.0625395494509711,21.2209431104762,24.5103070894877,2.66951861169587,1.22120115085145,27.4697062598335,0.843681388159439,0.463574543512777,5,1.79175946922805,0.709037063421586,4.53259949315326
623,932.239013671875,4095.5,0.201128512620926,0.00126569146692646,0.130800673959403,23.3256263309055,22.8836085728237,1.92001278993047,0.985574686929795,23.3915166219076,1.89523091781495,1.0676726370481,4,1.6094379124341,0.377241779171604,4.82510860635335
708,794.27099609375,4687,2.16588544845581,0.168616295391015,0.417696520991925,7.28577201025831,9.70538621743526,3.99980181294506,1.35878097247822,8.64291407267257,3.99980181294506,1.84388503452404,13,2.63905732961526,0.290520427892516,3.92338676407846
537,793.200622558594,6409.5,3.22958946228027,0.0250962657547653,0.1510442766103,19.6589233822293,21.9250049485101,2.55633022476553,1.7844015736318,24.2704305013021,1.93551035161978,1.43214855072103,9,2.30258509299405,0.551447712537798,3.98341300151482
580,1123.53002929688,5175.5,0.409204393625259,0.019402691304812,0.137063280700563,6.32802662027296,6.43899148305258,2.55674618909901,1.81425021336802,9.23951471116806,1.92120009242527,1.65723314914873,11,2.484906649788,0.154496242218459,3.87812145375246
623,602.122497558594,4058,1.18477559089661,0.00385905918881235,0.0641119161976462,27.6244978012577,26.8419205347697,1.51597909597057,0.979625684268801,27.0547375573052,1.51597909597057,1.12643634324673,7,2.07944154167984,0.541686720799658,4.35510497710762
580,658.59423828125,4523,0.795464634895325,0.0151105046209246,0.0537081822783207,20.3718697414603,17.2579471490323,2.9369485801675,1.74624816167365,18.9072537316217,2.3679161433546,2.17332416753008,10.0000355555556,2.39789850511638,0.366639355102977,3.96512959842409
515,879.65771484375,3122.5,0.71802943944931,0.00267385360228545,0.117650413613557,23.2593495474921,26.2070466722761,1.35297102186159,0.854228360302271,24.9311909569634,1.35297102186159,0.92383055945661,4,1.6094379124341,0.0704382237510681,4.63472898822964
687,3.83701992034912,6080,0.0849118456244469,0.0636596444917927,0.0639047879549182,22.4990362803142,20.3666034301123,4.13805761234305,2.17416262778999,20.5668261210124,2.80366628856932,2.1131703053581,13,2.63905732961526,0.673312124802521,3.89327696260709
859,517.387390136719,2727.5,1.63227427005768,0.166975558611131,0.385749876877416,3.29516869953704,8.21549594667221,2.30131652782694,1.44172953242752,2.54282595316573,1.95427174592938,1.80542673844336,9,2.30258509299405,0.519280996838165,4.45318382899021
837,620.013793945312,4851.5,1.53193557262421,0.029162027281771,0.0595032478915343,21.4232532624276,22.0220107749657,3.73675165223977,1.67955383617117,22.6478998819987,1.43790291675373,0.838295278918322,14.0000237037037,2.70805178134788,0.166176443018913,4.0217722891416
859,969.084045410156,6041,0.715162694454193,0.014020900094863,0.0797206052608423,19.8722439304476,23.2645125071208,1.69985372444578,1.20303576903821,24.5333207872179,1.20516111296454,0.898056558451361,12,2.56494935746154,0.234982224962345,4.19081956452272
987,578.634765625,2982.5,0.653607189655304,0.000455134047758321,0.093102045496547,21.55945953041,28.94985754225,2.67346062451957,1.58303748638441,26.5484009212918,2.09866767948576,1.78875272654831,9,2.30258509299405,0.659308035633177,4.59208494643944
515,1292.4794921875,1837.5,0.299809843301773,0.0107536235577719,0.135172177729345,23.8827740125759,24.5008952246772,1.85358531672886,1.51521375287497,23.9603227403429,1.85358531672886,1.59704058512692,3,1.38629436111989,0.864534108491472,4.85787253954385
966,793.659240722656,3844,0.272879272699356,0.0147805859590591,0.0569269839640718,20.3971389319307,27.1301166716076,1.77751920388086,1.12835776749425,26.2550559997559,1.17166359776707,0.96135140044563,4,1.6094379124341,0.288485089859344,5.26372592177842
902,522.039672851562,4038.5,0.270157516002655,0.000920496326155984,0.0467335493474579,23.8422761199295,25.0809799900762,2.52443618632288,1.60836203008767,24.5306123521594,1.65363355839895,1.21404450081494,6,1.94591014905531,0.719072616648992,4.85870437100731
558,350.723571777344,6762.5,0.458133906126022,0.00326494459598692,0.231482852098591,23.1049264969364,24.947496174,4.010924939113,1.96124195011764,26.8618372175429,2.88742009428007,2.2998669349333,6,1.94591014905531,0.54235842165062,4.378448813326
794,1414.20959472656,5903,0.379151552915573,0.030278908414374,0.0951916806387096,14.390528656334,13.1133847945776,2.54246747118974,1.13275181933751,16.8230921851265,0.614844546327097,0.435670631720018,10,2.39789527279837,0.0933213671619885,4.27918818844877
730,290.890258789062,2997.5,0.236463472247124,0.00514440178348607,0.0874202170485106,24.1316531068535,23.5873673474347,2.35815159917979,1.38308997296514,23.2528703901502,1.89783425447086,1.29885802203294,6,1.94591014905531,0.554943018934637,4.64713438508712
558,455.749450683594,4032,0.55018949508667,0.000621324836192372,0.0490772211519541,25.1107341069048,23.19991979599,2.38946622505851,1.53962244984769,21.1068700578477,2.38946622505851,2.05007957240946,5,1.79175946922805,0.612438611131174,4.53259949315326
923,449.84814453125,4409.5,0.772157192230225,0.0764800677201869,0.151217092400515,22.5686237759061,24.1841041141086,1.24250245168614,0.745771213940117,25.1664285024007,1.24250245168614,0.657668551020341,3,1.38629436111989,0.235396494423782,5.44133487338296
794,754.35595703125,5734.5,1.16250550746918,0.0178187959838034,0.121653140754983,18.6808595021566,19.5694774718511,2.21030749046177,1.44341503419605,19.653098042806,2.17087117247829,1.13857313018786,11,2.484906649788,0.343701798398693,4.19217681145914
644,752.53955078125,3646.5,0.771892786026001,0.0383462539413628,0.104201283572596,11.9804780693465,4.62158594131472,1.55167393089164,0.821126860992178,4.39237916734481,1.55167393089164,0.890388789791481,5,1.79175946922805,0.860925552055251,4.6759392568763
773,825.979248046875,4081,0.90640515089035,0.0165012532851492,0.121553410849799,21.5920164108276,28.5835230509441,1.5125822955475,1.05298667590771,28.7800310346816,1.3038351452797,0.988608031131823,6,1.94591014905531,0.300166603622242,4.70436889953211
558,790.213134765625,4908.5,0.920718908309937,0.0120262274050162,0.0502260140566371,18.5367904457996,16.0715120174267,3.05017853884161,1.48408058071998,21.1259509616428,1.43984849274727,1.27746263089583,14.0000118518519,2.70805099122535,0.228411393411958,3.61630797115596
558,632.537658691406,3028.5,0.647484958171844,0.011144973677645,0.0346079374896178,22.0115560388052,23.8609907786051,2.69426417264549,1.31295138618157,23.9768929375542,1.4882003126726,1.14620715924023,4,1.6094379124341,0.0718787105234504,4.71492104994721
923,712.336547851562,2013,0.242753192782402,0.0209791863106155,0.0530893156946135,19.5110930453065,15.0079206103371,4.19263311047157,2.22443625126711,16.8190377977159,2.00145863351326,1.26075876979485,11,2.484906649788,0.405229371151452,4.34272258471485
751,599.669189453125,3335,0.698229789733887,0.015167687780469,0.0978297591912316,21.819589275784,27.5146095457532,1.36957139885769,0.840082535088231,26.348367521498,1.28512825646625,0.681058744043575,4,1.6094379124341,0.466924626245589,5.01196773933003
687,686.365966796875,3311,0.951866447925568,0.00413568091059346,0.0251607819783715,27.4217012959143,29.7033664544424,1.45249519596556,0.802116567652702,27.992418967353,1.45249519596556,0.969525574244577,5,1.79175946922805,0.0397112369004254,4.74057482299429
987,667.192749023438,2877.5,1.01167130470276,0.0099196138589619,0.0590780156835322,23.0749747806125,26.6732276704577,4.01374477919451,1.9745507155171,27.7066883934869,4.01374477919451,2.61448800061116,3,1.38629436111989,0.16762074997896,5.50837567831359
537,247.351821899414,3164,0.20522278547287,0.0279497560084501,0.0930797712856624,20.5607240205171,24.0565440990307,3.35080522292636,1.87810492604492,26.0523997836643,2.93313372480894,2.03855017176989,6,1.94591014905531,0.354286791454723,4.34008794545355
816,848.309753417969,2824,0.483361572027206,0.00898722369793958,0.0666816176945133,25.8728286955092,26.5416259129843,2.20757630389431,1.24076001962291,28.3657714419895,1.46841820936314,1.2332677680216,5,1.79175946922805,0.396448748916751,4.91265488573605
816,432.721435546875,6768.5,1.35246789455414,0.0124085002867034,0.092091775092161,22.2711922102078,25.1435249132988,2.89189563044655,1.93812130908574,23.8652219136556,2.57339790887806,2.22012429034373,10,2.39789527279837,0.136152453971111,4.30651908216574
902,100.05517578125,2629.5,0.115346893668175,0.00396638629450763,0.0741587134953789,25.4978769240841,26.5279135244864,3.56624691358671,2.16804563969655,23.202279663086,3.56624691358671,2.8290032061948,6,1.94591014905531,0.127453405244617,4.85870437100731
515,777.654296875,4919.5,1.47616183757782,0.0203824546604423,0.0983106367283781,19.8007953274634,19.5464208285014,2.76843680802181,1.84691931184765,19.8327052222358,2.76843680802181,1.90389468374509,1,0.693147180559945,0.509330324495006,5.55101972010379
537,832.953430175781,3228,0.685582637786865,0.00259765779864196,0.0555659686538732,25.574241786533,25.8425060272216,1.65145408003315,0.880935021920528,25.4216849433051,1.65145408003315,0.97333961905484,3,1.38629436111989,0.91076493907151,4.89970373338897
730,746.515075683594,4031,0.226766541600227,0.0103281155764421,0.0849102627004754,22.4773718939887,25.7844840049744,3.65509492519735,2.01404438244553,24.9545188903809,3.65509492519735,2.3490418858629,4.00004740740741,1.60944739387063,0.662141332108793,4.9835971402718
837,160.670501708984,3555,0.44118720293045,8.73190487560294e-05,0.051493441316893,26.3409433364868,27.9848106949419,4.13006893810911,2.05310456043844,29.0403932359484,3.5250441547999,2.01120346147742,6,1.94591014905531,0.804314133188488,4.78391392143416
708,448.780700683594,5954,1.75984406471252,0.0245334659498617,0.158400031314645,22.3923139551635,20.8571955521901,4.72324383211298,2.41512825497344,22.6070620642768,2.42824609583123,1.70901850879821,5,1.79175946922805,0.269238713641073,4.77068462446567
837,133.606079101562,6917.5,0.600393652915955,0.0074467074613267,0.148340863956321,20.9690169754849,21.6503809187147,6.61332816184636,4.19362005785773,23.3605643802219,4.18586241288426,2.66869773252039,6,1.94591014905531,0.507729117820821,4.78391392143416
923,832.953430175781,3994,0.685582637786865,0.00682886609245159,0.0372221571686424,27.1602597062306,30.1157223542531,1.04418038463793,0.668211453547294,27.7398364173042,1.04418038463793,0.578305367777594,5,1.79175946922805,0.908599222885849,5.0358697652748
730,348.532775878906,5157.5,1.89339995384216,0.000767188375426997,0.0548873305665758,24.1223997177615,23.5104001080548,2.93547652475937,1.36576106943812,22.7897949642605,1.430535886709,1.14317516684311,6,1.94591014905531,0.25042250472328,4.64713438508712
665,174.325439453125,7618.5,0.596608638763428,0.0124361680294243,0.145409116724366,18.9310459301036,18.7025324221011,6.63047048547316,3.87447804652009,18.9305812411839,6.63047048547316,4.76457184422331,6,1.94591014905531,0.0388059672324224,4.55387689160054
558,412.366088867188,5501,0.729163527488708,0.0218958511719798,0.0418964702193492,22.4991327388313,24.02216697106,3.56672773253358,2.32644864072363,27.2757977803548,2.07976079707991,1.2996017003302,10,2.39789527279837,0.20285878239333,3.92646368958294
601,48.9303588867188,5566.5,0.321274995803833,0.0099893073301196,0.0563459110210864,19.9669466018677,21.6037298555729,8.22130323102947,3.37706744559927,18.9902757432727,8.22130323102947,6.59434179124887,15,2.77258872223978,0.836179865287636,3.62600621229543
837,688.51513671875,4096.5,1.47431111335754,0.0198889577130004,0.189505472124857,-0.0290095859103303,1.81307198206582,2.52815637189677,1.85255555708537,-1.63211521572538,2.52815637189677,2.03827684492928,5.99995259259259,1.94590337654561,0.268397226521932,4.78392069394387
751,953.485473632812,5540.5,1.03571474552155,0.054851821267178,0.121027530146389,18.3887769924697,25.6153282165528,1.78170302178542,0.769861126190061,24.9797266218398,1.45993312107814,0.777488350565221,7,2.07944154167984,0.059719705597343,4.5419641100843
665,443.029815673828,3060.5,0.586398661136627,0.0534142852337034,0.0774016093112664,21.8292720015331,15.928546444575,5.41639863448184,2.55260854325897,16.2222608354357,5.41639863448184,2.51778267164644,5,1.79175946922805,0.458112022402662,4.7080275714278
515,623.498413085938,5199,0.850990056991577,0.0159838215511492,0.0842019084886658,20.3233317385437,20.0703996658326,2.59702002635815,1.32825465021677,20.8560318840875,2.21846646752164,1.43342999285359,7,2.07944154167984,0.198687585772256,4.1647253589839
537,242.914901733398,5813.5,0.954626202583313,0.00489242071333962,0.0496693093969185,18.5959670384725,21.709113629659,3.82117661861128,2.57232897512642,24.5951438903809,2.59360060561141,2.29300522700779,6.0000237037037,1.94591353529297,0.39677431470654,4.3400845592159
859,1322.65576171875,2509,2.79820513725281,0.117703931548625,0.429118813144115,1.16397270020985,1.77540087523289,2.73800159830786,1.63096445796094,2.31619436475972,1.65604696723364,1.16769530642086,15,2.77258872223978,0.659731966234898,3.98318019974447
644,397.894958496094,7377,1.40108561515808,0.00276562208906128,0.272199656211995,22.233866115283,23.3956248196689,3.93800286850636,1.77158648773924,21.9546924591065,2.44841977023617,1.8547934758033,8,2.19722457733622,0.203555728565294,4.27047414876813
880,259.911468505859,5096.5,0.250841468572617,0.0317006427347692,0.0530953909261171,21.9071628078337,19.8135859330496,3.59075857451192,1.87542808247747,21.408526357015,2.66365380417491,1.7594137487496,4.99996444444444,1.79175354328457,0.210198149908628,4.98816836418768
751,750.479797363281,3849.5,0.417854696512222,0.00522427350904309,0.108725170569357,23.3152428309123,24.970099022275,2.99181583987094,2.07225556869427,26.1820259518094,2.53298667976491,1.66158683340867,4.99995259259259,1.79175156796227,0.766152230028307,4.82965408380186
537,1370.65319824219,5269,1.67415952682495,0.0516661392867945,0.368674590488883,6.76412968862627,8.28289566040041,2.48699226165559,1.40181545013744,8.0710388183594,2.48699226165559,1.86154574908078,3,1.38629436111989,0.425640221502553,4.89970373338897
987,816.420349121094,5937,0.500949680805206,0.0485080986418929,0.0620125494086778,17.7608078214858,17.6991350809733,5.47475058130967,1.80552963954111,16.1513935089112,1.44936898562358,0.784747873746263,9,2.30258509299405,0.651048158567707,4.59208494643944
537,560.990844726562,4723.5,1.07298839092255,0.00100435342517002,0.069182409642675,25.2084731631809,28.7893454331618,1.61554998204183,0.749157159739811,31.3388195461697,0.825148749198497,0.601775756698633,10,2.39789527279837,0.542875205528198,3.88810282171049
773,274.880767822266,6147,0.495006322860718,0.0148839276519865,0.0857630607489206,21.0357047132267,23.0030252386023,3.66182981119484,1.69880172923775,26.0868778652616,3.66182981119484,1.96785711832399,6,1.94591014905531,0.413821367190526,4.70436889953211
687,370.348815917969,5274,0.562402486801147,0.0150032604928647,0.0969093459556767,19.8974751578438,23.6098103417291,4.54600184835346,1.67628759737737,24.6890774197049,4.54600184835346,2.38470568924315,9,2.30258509299405,0.364422227978792,4.2297491992283
580,882.323059082031,4736,0.787789404392242,0.011272954125598,0.0799367032191149,26.9948848724365,27.1303290685019,2.25551474856707,1.04545535178104,26.9382362789578,2.25551474856707,1.1987388050317,7,2.07944154167984,0.66470127634509,4.28358656186063
644,382.994506835938,6397,1.86405694484711,0.00866288587814878,0.0780054388596092,13.5736306180236,11.3207310358684,1.9849541097411,1.27606720680852,11.9230514526367,1.53450091199617,1.13317750900605,7,2.07944154167984,0.228019317873576,4.38825718442452
687,1277.9384765625,5559.5,1.41224324703217,0.0201802023375208,0.0552467797011431,-0.328870882306717,9.65449404035297,3.69438617328957,1.84263979010867,8.30164892408578,1.47144423666919,1.27627784967001,4,1.6094379124341,0.314898059269988,4.92289637978825
730,851.283569335938,6320,0.764110267162323,0.0748388029058233,0.22617722792446,17.3516259224185,17.9253139768329,4.32230405955533,2.11020314178849,19.7451017591689,2.77085785581154,1.6362640156361,11,2.484906649788,0.453134282773177,4.10813788435444
816,643.217163085938,7045,1.03547251224518,0.00815547341959189,0.0643167619643243,16.3561797459921,14.478885660416,3.49417521809725,1.92052906586376,19.7411787668864,3.49417521809725,2.19165115601358,10,2.39789527279837,0.551682976998991,4.30651908216574
816,1446.87072753906,6604.5,0.343218475580215,0.0425717265972878,0.151195942697228,14.4617877344932,16.5722900390625,1.66185303527853,0.656714416317576,12.999581697252,1.66185303527853,0.954888504168897,9.9999762962963,2.39789311791389,0.769923939264533,4.30652123705021
923,1089.81298828125,2445,0.754146337509155,0.020977942527594,0.061475051017915,18.5366983393188,16.8157013633034,3.16347049620563,1.27901920176245,14.1840907626682,3.16347049620563,1.97975518335746,8,2.19722457733622,0.431934733403565,4.63040465716663
902,502.845489501953,2774,0.323051422834396,0.00237508709620826,0.00515069116661238,24.0727940303024,18.8369136810303,5.31338948148188,2.36454345675224,15.6366513994005,3.66528773272169,3.22886017773428,9.99998814814815,2.39789419535671,0.550548708257886,4.40672032470591
987,603.149536132812,5371,0.77396547794342,0.0503757735007149,0.22475346978505,14.1049230719126,13.7333190776684,2.00492376666505,1.27126972232183,15.660830646091,1.21046277694443,0.744617536899686,6,1.94591014905531,0.742706544943796,4.94875989037817
902,817.536865234375,4066.5,1.57758140563965,0.00926365103284255,0.105271782015155,26.0954037409957,24.3034157117208,1.57910532447444,1.0604734110634,24.3478167215983,1.37822301179637,1.07582452557133,5,1.79175946922805,0.450957121216247,5.01285505083457
708,1402.81787109375,5451.5,1.77983152866364,0.0924278038825719,0.387100825983129,4.94416992433617,5.8255259619819,1.84172840333917,0.873763279919825,6.61976691351998,1.67835912598856,1.03662905476333,6,1.94591014905531,0.509203771016853,4.61653394463841
623,214.45735168457,5211,0,0.0239620860636869,0.0547450320773955,18.1049137607697,20.4506882279008,4.07731736522372,2.31936823752847,19.5379995134141,2.2965972035006,1.83606254611494,6,1.94591014905531,0.516224699651706,4.48863636973214
623,960.832580566406,5832.5,0.738596260547638,0.126442385636285,0.427912609058616,5.87395008456326,5.68516354031038,1.86611155836265,1.09452309901336,6.07842322455514,1.86611155836265,1.23589625320647,3,1.38629436111989,0.291440983802716,5.04825215766756
773,210.683288574219,3526,0.32391431927681,0.00546887772918581,0.0903555791009722,24.7001123202745,27.1768239205344,3.55754225060283,2.50943102680725,26.9790899912517,3.2920076111361,2.74200049333742,16,2.83321334405622,0.495192225174928,3.81706570453121
665,171.932983398438,3081.5,0.213123515248299,0.00311465163959213,0.0554337675259475,27.1372649086847,27.2821153561274,3.75895198445479,2.12743548850936,24.4877245585124,2.53135939627047,2.13262146794445,13,2.63905732961526,0.547778699344603,3.8607297110406
558,555.093383789062,4154,0.339070171117783,0.0108082847201132,0.0289718192459958,21.2035168145293,22.0268528267189,3.94429199644848,2.08728028076229,22.8060642242432,3.94429199644848,2.4543388069607,6,1.94591014905531,0.44520422339658,4.378448813326
945,179.71369934082,4912.5,0.811912536621094,0.0367195698863938,0.137399148798615,18.2620649112169,21.8287657419841,4.46646479925628,1.81498058361667,24.0119517008464,4.46646479925628,1.51110242934704,7,2.07944154167984,0.334482607896144,4.77174338581391
580,685.174194335938,7819.5,0.64326274394989,0.0489312520819354,0.205121506549276,15.4417246623705,17.8898710201948,5.9662121905554,2.16788356789813,17.6977923075358,3.69245048695519,2.41707612750726,10,2.39789527279837,0.603464231502572,3.96513283074209
751,33.6912460327148,3295.5,0.212566822767258,0.0117030750914573,0.0134718745959077,25.9511642538091,22.1266576131185,3.87828897276424,2.28552659211136,22.3350362141927,3.87828897276424,3.18115620597164,7,2.07944154167984,0.274198550237115,4.5419641100843
558,171.932983398438,3707,0.213123515248299,0.00383730010457839,0.0743282243539589,25.4251145065472,30.6004070599874,3.06603301063459,1.914909265362,31.2804849836561,2.51130355596194,1.62712832904386,1,0.693147180559945,0.781193004047678,5.63121178182137
794,437.205383300781,1907,0.448031961917877,0.00096913538699539,0.0259200248832734,26.5692352253903,32.880706678118,2.5526437302283,1.16557997440831,33.8540550231934,2.5526437302283,1.58317656787983,4,1.6094379124341,0.645719802884133,5.06764554881304
515,647.698120117188,2662,0.10691574215889,0.0022583763078643,0.0319415283371676,25.395856391059,30.8423238118489,1.62832868148989,0.931924415745327,29.337339231703,1.62832868148989,0.758939554686708,2.00001185185185,1.09861623927759,0.307978419840694,5.14555066138615
751,449.442199707031,2683.5,0.0882088392972946,0.0723229453320577,0.0785747275509294,19.4342214160496,14.8934255246763,2.75719373381257,1.44026695527996,15.9740126291911,1.46190507501677,1.20968411684479,6,1.94591014905531,0.0740557224055554,4.67549550270882
623,987.550659179688,6191.5,1.20830643177032,0.0812863766954592,0.149787386593037,4.37937152821536,6.51988507439114,4.23703598621052,2.42399736144146,7.71011907789449,2.88901343561482,2.12992555479501,14,2.70805020110221,0.767887161359489,3.72649631768524
966,687.458618164062,5005.5,2.25535345077515,0.229553574728889,0.365392422173709,5.28854520654164,9.07246973442318,2.42874637789165,1.52970661393868,8.52586029900448,2.42874637789165,2.29234551622335,8,2.19722457733622,0.800347086636097,4.6759392568763
687,636.735717773438,3173,0.887610077857971,0.0295784163413799,0.0736666740180176,21.1486985688569,17.63768603007,4.75138854426471,2.88936737766682,21.253683980306,3.66524111314114,2.24357626036701,13,2.63905732961526,0.021180012344361,3.89327696260709
644,243.150802612305,3072,0.194134742021561,0.0133007437569184,0.0310313839604817,25.9786097290695,23.3792503215649,3.72780050417423,1.83880134645941,23.8397265964085,3.72780050417423,2.35629932540117,6,1.94591014905531,0.157171423943339,4.52178857704904
751,781.103088378906,4344.5,0.282410711050034,0.00152326441064332,0.0541718802586502,19.8452569366783,18.6882340749106,5.45736276278419,2.62875177263742,22.7515193515354,2.81465115569734,2.05396857941059,7,2.07944154167984,0.0370882468633709,4.5419641100843
623,455.302581787109,7605,1.4780501127243,0.032393259164202,0.148411243952363,17.7534212324354,20.172419696384,2.28619587133208,1.21635361388738,20.3590344746908,2.28619587133208,1.37050816288694,6,1.94591014905531,0.832308687178597,4.48863636973214
687,623.498413085938,4560,0.850990056991577,0.0196883488498187,0.0657950065150885,18.6648030927103,16.4568321228028,2.50435735449266,1.25639140984513,19.078997124566,2.45590201275437,1.22771377739711,12,2.56494935746154,0.171956428532596,3.96738493476081
708,717.204956054688,2338,0.222425669431686,0.0478476687843781,0.114897038119228,6.82585333547286,4.26131944367387,7.13768041258747,3.53238021860432,1.44781943427193,3.26144848150468,1.81861821573757,8,2.19722457733622,0.803155828441195,4.3652195163575
902,777.52685546875,2537,0.527147948741913,0.00832921858023994,0.0187294637114732,20.1145945805376,14.0835311427261,3.27181111796164,1.99151468381011,12.2540830400255,2.82476132704851,2.45162690036626,8,2.19722457733622,0.779706109291718,4.6073899427264
601,151.757095336914,7247.5,0.840638518333435,0.0147685289890269,0.209994386533346,15.9095567764774,18.3857326224999,9.1874792325572,5.52621013241243,18.4171079423692,9.1874792325572,7.8243414346232,6,1.94591014905531,0.202483416888978,4.45268478547989
880,103.697998046875,2849,0.094729408621788,0.0032996636392113,0.0815554710980706,24.6937932127266,25.2385142916725,3.40094775228658,2.01756519091679,22.5863671196832,3.40094775228658,2.67334116782013,4,1.6094379124341,0.878562866644306,5.17048399503815
708,1015.53308105469,3392,0.5660679936409,0.0120512306232392,0.0255376105458467,20.5179595208937,12.8458753083881,5.15527553864147,2.22723847868993,12.9636370764838,2.84443584898094,2.42263178489391,16,2.83321334405622,0.275594467275533,3.7292307496375
816,768.426147460938,4406.5,0.612134158611298,0.00954162831929395,0.214499751815477,19.7953062057496,19.8948885697585,3.11048573627275,1.77647950210351,22.5170504675971,2.02282340863565,1.1756423998438,10,2.39789527279837,0.606381494773078,4.30651908216574
730,777.52685546875,3406.5,0.527147948741913,0.00732787235433463,0.0158346674549179,20.756140624836,13.1655288118305,4.13675772367619,1.91543932276521,14.9830256991917,3.01359357223937,2.11983106455614,19,2.99573227355399,0.427487520755032,3.59731226058845
537,618.62939453125,4709.5,2.18699145317078,0.256093100624962,0.367432701548221,6.76993973844793,9.08236871377022,2.46348369462009,1.62841843617512,6.80215606689455,2.43545520503963,1.74612648372398,10,2.39789527279837,0.374376093115755,3.88810282171049
537,453.796691894531,5925.5,1.1252030134201,0.00500424016939505,0.0869772275877914,23.9733411194176,22.5349808375041,1.93704118766214,1.30245973329321,21.614569176568,1.81835969009947,1.34084287793463,7,2.07944154167984,0.327573847436118,4.20655655282903
558,912.735473632812,3094.5,0.632183194160461,0.0130824094710817,0.0284303628208349,20.3265719957249,15.1230351342096,3.59575686750196,2.17154702853839,19.351168568929,1.61226719466508,1.34138855544847,12.9999881481481,2.63905648305405,0.848023349207588,3.68530247932726
859,599.669189453125,3145,0.698229789733887,0.0100837017681528,0.0919898324730717,24.8655651728312,27.2820049740019,1.91103401858705,1.30932919428243,29.8805841233995,1.84246197720403,1.24119248811007,11,2.484906649788,0.553329541076991,4.27086227219626
773,638.692504882812,4280,0.450925946235657,0.00735324373713908,0.103620236419697,24.0914623793736,25.3417005697887,2.7508804639674,1.69011706884415,23.7804731157091,2.7508804639674,2.1485375591243,5,1.79175946922805,0.483472978770255,4.85851957935937
537,1113.32885742188,5776,2.39548802375793,0.0273864995944244,0.113142233800808,16.3445624566847,15.6023454030354,2.18009760530804,1.35975249605567,13.4096449110243,1.75482548937707,1.54092285873402,6,1.94591014905531,0.121709903437621,4.34008794545355
966,305.421783447266,6220,0.643981099128723,0.0437854324798828,0.106222297285161,19.4541796489428,20.4922328370991,6.82176631224391,4.13599418698275,21.711783557468,4.70769541637422,3.26550584898101,8,2.19722457733622,0.126492389245635,4.6759392568763
665,1474.02819824219,5155,1.19303894042969,0.0933345663010527,0.145301032472254,2.20173157722724,4.45274056025914,1.87922486274044,0.910454613652407,5.6601257748074,1.15447944524861,0.821690988463291,11,2.484906649788,0.739635688870382,4.01488039086785
816,870.377258300781,1057,2.08651471138,0.154195126207998,0.389590330800164,1.04151458286105,7.49453623029922,3.28421224167768,1.44085482100177,1.43619499206545,1.3141811229298,1.09317569658891,9,2.30258509299405,0.123964054887543,4.40182926197006
665,76.1799392700195,3277.5,0.25572794675827,0.0131031792564826,0.0145846361811124,25.8760935547531,22.2465389545147,4.49774927952035,2.35035798185905,24.4316805097793,4.16604509100518,2.43782105807778,10,2.39789527279837,0.344988497976138,4.10189176785748
558,836.894775390625,5087,0.936664819717407,0.0320042206521833,0.0832600324533885,18.8589414172703,25.2963793436687,1.78787850704683,1.15585854964958,23.7769911448161,1.4748200050425,1.14379765706951,7,2.07944154167984,0.282091227593099,4.24491742070147
751,955.596801757812,5256,1.61416268348694,0.0172476263411738,0.0670765363546764,17.6128185108145,20.6022299217456,1.52678479916425,0.821185846713768,19.3166779836019,1.52678479916425,0.799079959822395,7.9999762962963,2.1972219435879,0.628510698355866,4.42418370817624
580,1533.99609375,3458.5,1.40287137031555,0.269956887173674,0.43990043397768,1.41935923586601,3.49325431541166,2.19207611350891,1.39110037781911,2.69418932596847,1.88720640420092,1.34837707896781,6,1.94591014905531,0.55196827055725,4.41711795448515
644,83.6003189086914,2765.5,0.0886341035366058,0.0042339830885112,0.0769289841537422,24.9956182951568,26.287261672247,3.54869378077441,2.04985249558442,25.3879971398248,3.54869378077441,2.57454351222808,11,2.484906649788,0.471565689307638,3.98279207631635
623,76.8620452880859,3815.5,0.484436333179474,0.00504984675528419,0.014184700484499,29.1370579176052,24.6229146321614,3.58343286074344,1.78809415295054,27.0448549482557,3.45012130945705,2.65340366175138,12,2.56494935746154,0.238897851731987,3.86959716132592
687,780.617309570312,5511,1.59574711322784,0.00262471234839623,0.130821040772261,21.5960657331679,24.0192283948263,2.83287940989218,1.34164821146441,25.0528024461535,2.83287940989218,1.83724792347587,5,1.79175946922805,0.844673339543377,4.74057482299429
708,629.098876953125,5312.5,1.23444998264313,0.00354642692117935,0.034469942782426,21.6844594073552,22.4243687947592,2.66153217260734,1.78695252877498,24.039262813992,2.66153217260734,1.65398814489201,4,1.6094379124341,0.400274236083017,4.95300618125962
515,327.97216796875,6589,1.05622851848602,0.00246269638315155,0.267620290958547,23.5152368730115,24.8206588513923,3.47654898971823,1.83652566781995,22.9465544382732,2.60747222040874,1.97305761689398,8,2.19722457733622,0.685561333795261,4.04694232332752
623,418.832427978516,3600,0.935775518417358,0.00262341237116459,0.113443333395981,20.1316667044035,24.2948170661927,2.45945400260184,1.2811477787329,27.3623835669624,1.02615372347488,0.790215708122287,9,2.30258509299405,0.454380759735005,4.13196142579341
923,466.458862304688,5247.5,0.100122906267643,0.00499420327815159,0.0550288171954101,23.6327051429339,23.3124841213227,3.38183079807433,2.04334385596868,22.0625131818983,1.79117865637044,1.57585755626711,5,1.79175946922805,0.267543440502182,5.0358697652748
623,589.706726074219,5076,0.583154916763306,0.00890428227987528,0.0723572096179659,19.4439185036553,25.0736699191007,2.36666918479266,1.2620050249113,28.4209974500868,2.36666918479266,1.91398994938383,8,2.19722457733622,0.677838400881378,4.23732194145123
665,702.834106445312,5161,0.734324634075165,0.00421360541298554,0.0343030896043217,21.495576353996,20.2737101139166,2.14811085646682,1.1803382615775,20.3468721601699,1.86071085484127,1.13102764917542,10,2.39789527279837,0.358920045579368,4.10189176785748
644,700.632629394531,4468,0.258483350276947,0.0772634735817483,0.256859486566462,4.18463654466859,3.14955368041996,5.4423774143377,3.07101873516696,1.52456817626955,5.4423774143377,3.01173537189652,2.00003555555556,1.09862414044973,0.627689549207588,5.36907458565462
945,214.654983520508,2583,0.530296981334686,0.00327283931665434,0.00474837918174131,23.2153648745629,20.5763451894125,4.52252741329194,2.0566376200051,21.5273658328587,4.52252741329194,3.62089828132477,11.9999644444444,2.56494662241506,0.284413668413955,4.28623830507868
558,1820.38989257812,4819.5,3.19896817207336,0.0640514980446696,0.181723908644376,2.72509079389675,2.40711322360573,1.73895011485112,1.07854616378007,1.83450872633199,1.26371572344093,1.18273823029233,6,1.94591014905531,0.683898148111521,4.378448813326
751,611.967529296875,5689.5,1.47279584407806,0.00472797269699399,0.037205035688693,21.3432066394437,19.4756141662598,2.84450141298857,1.63094602059458,19.1620945824517,1.85832351471213,1.65701567289585,9,2.30258509299405,0.0822960025924284,4.31882055877009
945,250.015411376953,5505.5,0.396630972623825,0.0437850514726534,0.0687800505393312,19.4483070250481,19.3115512424045,4.02147787454239,1.89277520976329,21.354307852851,3.66731956908888,2.3197881073008,6,1.94591014905531,0.0695048179610295,4.90527477843843
580,251.698684692383,3734,0.261914908885956,0.00368319385259852,0.00518984610714313,24.7858325466034,25.9857996804373,3.18921697519633,1.72010861636616,26.015774875217,3.18921697519633,2.38650338133938,4,1.6094379124341,0.0857573350980048,4.75359019110636
601,139.132507324219,3148,0.140373632311821,0.00295941640166575,0.0824648322580721,25.1283906793082,26.3581387144147,3.74179474564124,2.31608020209727,26.1180702209473,3.74179474564124,2.67481940417711,8.99998814814815,2.30258390780816,0.723106302185179,4.09601102672705
751,602.122497558594,4018,1.18477559089661,0.00432004990741319,0.0924377932922127,26.4943351622551,26.8731416490343,1.31156937552471,0.867124570711274,27.6750170813667,1.18241663275898,0.976498331730905,6,1.94591014905531,0.35364492601911,4.67549550270882
558,240.001388549805,4931.5,0.155784770846367,0.0261861299822357,0.165102450183632,11.5966553960528,11.9964730776273,3.77063790137175,2.24569310285982,11.7350156995985,2.45127150767617,1.93754218114527,10,2.39789527279837,0.578404021876678,3.92646368958294
558,453.796691894531,6739,1.1252030134201,0.016741485947307,0.137997288581289,21.6900536431206,26.3606355349223,2.82255508556507,1.26096504759577,26.1844993591309,2.82255508556507,1.60375775263953,5,1.79175946922805,0.46183529822862,4.53259949315326
687,622.61767578125,3577,0.684259712696075,0.0272382209377184,0.0351696619027422,19.764928538825,16.7881902785529,4.21019047427242,2.18347507145545,19.97854830424,4.21019047427242,2.41938361284303,4,1.6094379124341,0.175690254203027,4.92289637978825
730,642.308410644531,3356,0.951841175556183,0.00152087311552762,0.0362666410158603,26.4102924134997,25.4373292287191,3.64985527642426,1.80405729197467,22.8761264377171,2.78337146782054,1.17613528946374,7,2.07944154167984,0.738240120917816,4.5136029924626
751,497.430603027344,3945,0.189521282911301,0.000721373625498956,0.0372293056048356,22.4353167503111,22.1660861968995,2.40557938277096,1.4422007240122,26.5713393317329,2.40557938277096,1.5601870735872,7,2.07944154167984,0.756952651397116,4.5419641100843
837,170.528762817383,4085,0.146427050232887,0.00126049610427614,0.1052966265324,21.8854902479384,27.4868714287168,3.76360774347187,2.93605218213017,30.9700063493516,3.76360774347187,2.59009948460547,4,1.6094379124341,0.322420650039278,5.12038615805537
816,350.723571777344,5649.5,0.458133906126022,0.0393527978013886,0.0929763871734011,20.9605726713776,22.2831649780273,3.13322262071473,1.52501101135112,25.0289841122097,1.59391757743431,0.979466374235822,6.00001185185185,1.94591184217557,0.690894450724269,4.75850251278853
816,152.469451904297,2606.5,0.148988991975784,0.0031931054355141,0.0805800261851601,25.6423267938758,26.6275120735168,3.88499226358836,2.35900488097081,23.3154524061416,3.88499226358836,3.14664451641818,8.00004740740741,2.19722984481206,0.874624833819895,4.50718451015205
537,114.053321838379,3709,0.181197836995125,0.02991178656697,0.0772037556520324,22.0065712822809,25.3169619060698,4.86797707264326,3.3707658170978,25.390939119127,4.86797707264326,3.10986708915105,4,1.6094379124341,0.600336224611231,4.67656018207476
794,623.498413085938,4935.5,0.850990056991577,0.0230392653584559,0.102328996149911,18.8151912901137,20.2932055155436,2.97987179622419,1.72451823008912,22.3975372738308,1.68440640215851,1.09421117710133,6,1.94591014905531,0.840491776085933,4.73117331219182
773,370.348815917969,5274,0.562402486801147,0.0157122194213066,0.097298217096121,19.9239092720879,23.1913983299619,4.54600184835346,2.0506695168558,21.6587916904026,4.54600184835346,3.65091614934432,10.9999644444444,2.48490368682065,0.606545881010897,4.16537536176677
751,897.281005859375,4714.5,0.616026997566223,0.00350985733795639,0.132161684621547,23.4037424935235,24.7888941305655,2.51753708425199,1.16133849325555,26.6966406928169,1.08684610364549,0.476305563276733,6,1.94591014905531,0.0664387781812,4.67549550270882
665,352.674438476562,6101,1.27981603145599,0.0356683861950771,0.112185600092911,20.359150433284,21.3664132551714,4.06889119587566,2.31880393751293,23.087972047594,3.3371016388039,1.64126117630262,7.00004740740741,2.0794474675882,0.866388155956798,4.42033957306765
644,807.893127441406,2050,0.271772593259811,0.0168623304065925,0.0541870324829219,18.9249625954577,13.6772607398756,4.40892753303462,2.70877168094804,15.607669236925,3.95970793368782,2.80731782369485,8.00004740740741,2.19722984481206,0.0701994329874496,4.2704688812923
859,768.426147460938,3777.5,0.612134158611298,0.00852630430430779,0.0213541172796035,22.3594051566175,17.9688139032435,3.22688993119597,2.36591667767769,21.7987580193413,3.15684283941255,2.05621369696453,6,1.94591014905531,0.177349226318542,4.80985877292894
859,723.40234375,4235.5,0.115740299224854,0.0629612676610343,0.14822767889202,18.9937646804318,16.6759779034239,5.79238392460769,2.79536695300328,14.280849287245,5.79238392460769,4.22233020157741,8,2.19722457733622,0.487703045443166,4.55854434464804
794,974.08642578125,2906.5,2.57073259353638,0.106921576770464,0.314386539539445,-0.16895193826582,5.65269187536001,1.34536656004367,0.888236700954271,-0.934478505452432,1.14742725237826,0.615150027937517,10,2.39789527279837,0.397437109351027,4.27918818844877
623,719.459594726562,3121,1.58593237400055,0.0101281752599007,0.139909113832307,26.1608324898614,27.4914128621419,2.41612415699324,1.17976291584008,28.9354776170519,0.926304842843239,0.697939397988838,6.0000237037037,1.94591353529297,0.254545376096257,4.48863298349449
902,804.064331054688,5731.5,2.63563776016235,0.0102875226226473,0.0670560559223716,16.4777022255792,14.9763056534987,2.33151268981855,1.33253709058455,18.4187643686931,2.33151268981855,1.10112256891582,10,2.39789527279837,0.125798275646714,4.40671924726425
816,350.723571777344,6114.5,0.458133906126022,0.00853234656858604,0.0556689299321249,22.7787133370677,22.4174740473429,2.07692489989458,0.990397746808686,24.2786732143826,0.597798984650677,0.406572033534122,11,2.484906649788,0.635732249292414,4.21950770517611
966,730.080505371094,6339,0.838881611824036,0.0505375499649077,0.234298451207636,9.50064329742105,9.6209675324269,4.3807937351584,2.30900434479725,10.2687719557021,4.3807937351584,3.10761646844038,10,2.39789527279837,0.380386732851376,4.47526856141415
966,750.479797363281,2662.5,0.417854696512222,0.000303589769107049,0.0565908939636124,23.4112556088356,20.4332139121162,3.11469380925259,1.86694824602897,23.0761649237739,2.48402882293271,1.90417079751621,9,2.30258509299405,0.578859077556853,4.57057874121847
601,1421.42492675781,7685.5,0.540255665779114,0.0311367940939142,0.135748312687799,18.3412718290924,18.4041669845582,2.39574146599298,1.20848495984695,22.2741629706489,1.39810618611706,0.905248527601201,7,2.07944154167984,0.581724090950087,4.31915339285537
751,976.25634765625,5464,1.21094369888306,0.0216309581678793,0.128723817454134,19.603151698779,19.4396510371456,2.29088759917118,1.57326219325484,19.605868487888,2.29088759917118,1.7126641691361,6,1.94591014905531,0.867473524831742,4.67549550270882
816,748.11474609375,6440.5,1.33318948745728,0.0487880735752775,0.230748856628551,15.3225627078805,20.779218634581,2.56939448664695,1.29631362249023,22.538769446479,1.93009010128288,1.33873247625163,10,2.39789527279837,0.523929654709194,4.30651908216574
515,662.950439453125,4952.5,0.526257514953613,0.0320610582835634,0.171175834548276,20.7103401799356,22.6260431925456,2.11598501014136,1.53049296632447,26.00587955051,2.11598501014136,1.62326759859404,2,1.09861228866811,0.293959064845591,5.14555461199563
580,282.839111328125,2376,0.262399852275848,0.00723871709814716,0.00838292220006309,23.4192910300361,20.9441768487295,3.79405474185957,1.63461158439726,20.6508170657688,2.25142180220178,1.0304110947784,5,1.79175946922805,0.0414538631945783,4.57126863431241
623,764.805114746094,5889,1.50139939785004,0.00457404296114561,0.136995235164111,22.4875597676923,21.4957131703695,1.23748417995139,0.836889159751685,23.9940196567111,0.777689428454475,0.623047454131406,6,1.94591014905531,0.30793943223203,4.48863636973214
859,560.990844726562,4106,1.07298839092255,0.00326406326776763,0.0211136111176806,26.8910415280251,27.8179733117422,2.27569299284566,0.928613508914618,30.3248388926189,1.02840968060071,0.808761569953347,13,2.63905732961526,0.158016569789771,4.116711592369
880,923.99951171875,2939.5,1.69360554218292,0.219874420271839,0.34441413260263,3.59119321761602,6.69467760721841,2.77575348104146,1.39337158087063,5.10190586513949,2.77575348104146,2.06622889676475,9,2.30258509299405,0.552481477865301,4.47733681447821
708,802.435302734375,3241,0.425192564725876,0.0574032133120177,0.190373656814508,5.47418605435274,8.99352598644441,4.11052126974175,2.44836384953694,8.30107714335128,2.94733358441075,1.9077187084621,11,2.484906649788,0.325395784146981,4.07753744390572
515,172.592102050781,2157,0.147935405373573,0.00165696294600437,0.00864793124061691,23.4113608411564,21.2701378998933,3.22832195288596,2.04715106189568,24.5451938205296,2.2582691758073,1.4892534164332,6,1.94591014905531,0.100948940960141,4.29825675160842
537,807.548400878906,5497,1.33595824241638,0.0040535522277878,0.029502578087758,25.6335441377428,28.6903756690748,1.90292499549914,1.22641792822846,27.4889853159587,1.60537697329892,1.04152322148132,8,2.19722457733622,0.282262910946525,4.08877351717264
923,437.976135253906,4720,0.760908544063568,0.00489313128499091,0.0361235514622997,21.4228620713757,20.3223993937175,2.76814938906043,1.84702935515537,20.753012169732,2.76814938906043,2.40592906906449,4,1.6094379124341,0.187301294868063,5.21819132206875
944,88.0657501220703,3086.5,0.192126244306564,0.0015099140629502,0.139551414640678,26.7214327918159,29.5891321818034,2.18262376660048,1.44819384578993,27.3273139953614,1.94251349221775,1.50922039414946,7,2.07944154167984,0.245883457938668,4.77068462446567
515,275.992553710938,6260.5,0.406912505626678,0.0382037443199756,0.20970486543267,21.2723756578233,21.926473236084,2.81027673316279,2.27204306656699,19.0320952097575,2.78694740301436,2.50442080036324,4,1.6094379124341,0.876716598140728,4.63472898822964
880,1066.52294921875,5095,0.508563637733459,0.00845538927611145,0.0937123505120852,2.46389074017935,7.63744091131747,1.9700416097674,1.18568851061379,8.48563028971358,1.27724946020108,0.869595713662199,10,2.39789527279837,0.711179735539249,4.38202663467388
880,257.578979492188,2999,0.338247925043106,0.0158831335491172,0.0220774894204112,21.3087172436458,19.4159916559856,4.95956385591871,2.32212016093627,21.1098936292861,2.07329041894941,1.3434601742908,7,2.07944154167984,0.883899654575372,4.70048036579242
794,351.961517333984,3895,0.284901320934296,0.00886150098468619,0.0133617468738194,21.648506503635,16.565748751605,5.03420747607553,2.21163565662903,16.06678437127,3.84889298999097,2.08770614136252,6.00001185185185,1.94591184217557,0.25894162776274,4.73117161907156
859,540.847839355469,4742,0.987447559833527,0.0345503020972124,0.083712082869507,9.12513942264377,10.9309681503861,9.89657192517135,3.2789149216752,13.2346984439426,1.72520486666747,1.38948935564012,6,1.94591014905531,0.185416010671065,4.80985877292894
687,1175.38110351562,2012,0.520285248756409,0.0128674469562462,0.0391382118039481,26.2279071479716,23.5530406951905,2.14046863409789,1.05370450523369,24.7757369571262,1.87804270134711,1.16844605490026,7,2.07944154167984,0.904517793602548,4.45289275054251
923,185.502593994141,6374.5,0.363962769508362,0.00423112666004499,0.101147938844122,22.6844818115234,26.9910676638286,3.22813908948521,1.57690643675073,28.8244461907281,3.22813908948521,1.77203822250169,5,1.79175946922805,0.702729478925244,5.0358697652748
751,549.55419921875,3060,0.00252876570448279,0.0144946188498558,0.0281161922091613,23.3411330233339,19.304215085065,2.98146268443614,1.89433189071016,20.0697151184082,2.98146268443614,2.51501437607721,6,1.94591014905531,0.526583838823521,4.67549550270882
966,1533.99609375,2407,1.40287137031555,0.121340745004336,0.36343789883529,-2.57504499072115,2.14425973603221,2.39654134834683,1.20373903817765,-3.15390667385526,2.39654134834683,1.44906894607366,8.9999762962963,2.30258272262087,0.369159952933848,4.57058111159165
537,660.249084472656,2862,0.437928706407547,0.00439890803706078,0.0380068772268061,22.8610848129438,21.3381869724819,1.96658970593416,1.68313927725901,21.875546391805,1.90026723247063,1.67233613230565,4.0000237037037,1.6094426531636,0.776117358373575,4.67655544134526
665,341.053497314453,6691,0.504426062107086,0.0193991202530555,0.0904277865624934,20.2293292301957,17.7833267666045,7.29390169784125,5.02254643338026,20.9427840338814,7.29390169784125,6.79136761609107,11,2.484906649788,0.910494074209038,4.01488039086785
687,404.150054931641,3052,0.33629047870636,0.0150846410508692,0.0544811158855545,21.9111741055725,23.3697226206462,2.2109813369815,1.73860018864002,25.3858585781521,2.2109813369815,1.36447236728307,5,1.79175946922805,0.0565952314395683,4.74057482299429
816,228.483489990234,4849.5,0.732712209224701,0.0305765557820692,0.0854312844253471,22.8602416623024,24.9646020889282,5.09171079097291,3.26208315856777,26.2805809868707,5.09171079097291,3.34840695286298,3,1.38629436111989,0.79496980368167,5.31811999384422
601,947.182739257812,4778,0.280990034341812,0.0236557314542907,0.119988168351767,19.4846347562728,24.8456703186035,2.83332146737205,1.66774571556815,25.7227355533176,1.74214129550967,1.32197546493269,4.0000237037037,1.6094426531636,0.18313814584362,4.7891522813716
515,363.466247558594,2616,0.454375863075256,0.000589112648018641,0.0121286079267442,26.5337384008592,28.9497360547384,4.19336510496251,1.92301585750212,29.1710754394531,4.19336510496251,2.27129883331848,5,1.79175946922805,0.0233683310400224,4.45240743143568
623,937.891174316406,5667,0.657322824001312,0.0330187040877377,0.144896691887837,7.24052123584971,9.01041076183321,2.2852334320559,1.39780344457421,12.1391652848985,1.06820834429946,0.834505441966817,13,2.63905732961526,0.329049208962197,3.79548918917219
880,683.156616210938,5123,0.457497268915176,0.0222384847063886,0.0566616374064459,21.990138338971,26.6431358700707,2.97795882524403,1.38536120590962,28.6980591244168,0.659418335083622,0.511985197644526,4,1.6094379124341,0.861446633433892,5.17048399503815
665,848.309753417969,2935.5,0.483361572027206,0.0034589510821057,0.121953660350083,23.1536990483602,26.2917295809146,2.74060326755074,1.00908007015468,24.8725972069635,0.968559151179756,0.605990111677738,6,1.94591014905531,0.435085969993131,4.55387689160054
623,1438.49694824219,4885,2.29780888557434,0.0220196195153513,0.110950247465389,1.28853388550453,6.03771270469389,1.71211406634867,1.04513881966744,7.19206347995339,1.35576504768138,1.09253360885201,6,1.94591014905531,0.0925238322292238,4.48863636973214
515,1231.4580078125,5894.5,0.399926126003265,0.0624174951144134,0.199774695765456,17.965031703826,16.3486058341132,2.15267383827249,1.36791429947975,19.4036202324761,2.15267383827249,1.68478229439361,9,2.30258509299405,0.623511782181383,3.94158180766969
794,989.077941894531,3564.5,0.941765546798706,0.0110014149450706,0.0457609407095454,18.222463328864,20.8688603719075,1.28196374065674,1.01327983701358,21.6151273939345,1.08729608970955,0.987698812509233,2.99996444444444,1.3862854721915,0.727116136177861,5.29079798905564
665,563.924499511719,6041.5,0.973110258579254,0.00797469508971105,0.0735286470754701,18.822910838657,18.150203670155,2.60266973700205,0.942287098400756,20.9816199832492,0.872430738467296,0.66573175663092,8.00004740740741,2.19722984481206,0.186861505991369,4.3025571958438
773,76.1799392700195,3521.5,0.25572794675827,0.00383002037528968,0.090656740314401,25.4600955060734,26.5956434037951,3.61807645815433,2.14067258409008,24.7279697418213,3.61807645815433,2.85729378374202,6.00004740740741,1.94591692151915,0.00324130545846746,4.70436212706827
902,526.496704101562,6304,0.384812980890274,0.0067052716545497,0.0953155765529345,20.3063323400355,20.1975423653921,2.50844971504747,1.73787596335274,19.8166851891412,2.50844971504747,1.87813247067357,5,1.79175946922805,0.770056424275152,5.01285505083457
515,283.284912109375,7269,1.27040231227875,0.060626020367085,0.134536008664902,20.9706861106299,20.580157661438,4.8258223792153,2.42780537588437,22.4378897772895,4.8258223792153,2.40021588149758,7,2.07944154167984,0.873071298331308,4.1647253589839
644,439.938110351562,2774.5,0.398635298013687,0.00191167493115074,0.0209042463418108,25.1711967680189,32.8946665627616,2.24059175449525,1.01335599798506,33.273547744751,1.80749361543559,0.754280075676299,4,1.6094379124341,0.410796910459382,4.85826081367025
580,953.485473632812,5326.5,1.03571474552155,0.0161621215922096,0.073905303230589,16.8698689778646,17.0567088445028,2.7588657266901,1.07757711463584,19.3286107805041,1.24811307166294,0.800435034856383,7,2.07944154167984,0.075431661824966,4.28358656186063
816,466.458862304688,6115,0.100122906267643,0.0221873928035343,0.131732029678155,21.0495206853395,23.8895631154379,2.27782713561119,1.32768892725766,25.7974887847901,1.16550045934117,0.908123774903566,7,2.07944154167984,0.668058060128671,4.62497281328427
537,906.440734863281,6074.5,1.02049589157104,0.0414271041900527,0.13119009497025,17.7142601300312,14.5276341937837,2.46670899541749,1.52469182395344,16.4728065490723,2.19897140969601,1.76515363542717,11,2.484906649788,0.796769893749181,3.80109144472086
537,443.595184326172,3986,1.15945708751678,0.00747170559030863,0.073130179681673,22.5771581055016,23.0064586162567,2.69935971835126,1.62587979823256,24.3301353878445,1.92430498616845,1.30920530794013,5.99995259259259,1.94590337654561,0.180995752682187,4.34009471796326
687,1212.48095703125,6944,1.00688076019287,0.00450804546856531,0.0974117362974418,17.2578914068079,12.9575596086907,2.85356064477219,1.66116933395972,18.4795100318061,1.8720154733405,1.33269447095866,8,2.19722457733622,0.645009896895823,4.33510971488613
537,965.072387695312,4407.5,0.502149939537048,0.153150913854574,0.299837660788469,4.02067412919899,8.28677017423843,4.19246686174075,1.61078400836105,4.44871843126083,4.19246686174075,1.9934267436749,9,2.30258509299405,0.295374422259406,3.98341300151482
623,585.111206054688,4697,1.68195474147797,0.00171041974859421,0.00405310548009297,27.8261450367589,26.2475822925568,4.05001794127635,1.74704956042669,27.109316974216,2.2738267343643,1.45236007428876,5.99998814814815,1.94590845593219,0.709806742042046,4.48863806285527
601,832.953430175781,4428,0.685582637786865,0.00629971021974285,0.121406637043467,25.4190129803073,26.890960709254,1.44371595318715,0.869845419416806,26.6322619544135,1.36285982852725,1.07457856685758,5,1.79175946922805,0.32849219254117,4.60683546530715
537,1137.92724609375,5505,0.940306961536407,0.0429861002311505,0.162028920550163,1.31484272454378,4.21552458543044,4.36951323026634,1.61650106970218,3.88099695841476,2.46247694582141,1.77813185285373,10.9999762962963,2.48490467447741,0.772815962203585,3.80109342003146
601,84.391227722168,3228,0.154543682932854,4.58694329950049e-05,0.0389712822388191,26.6546801461115,25.4450055122376,3.77288952864733,2.06200981969096,24.0339603847927,3.77288952864733,3.23657278472711,5,1.79175946922805,0.852803624223554,4.60683546530715
837,866.659912109375,6235.5,1.26827311515808,0.00504626229228222,0.0478798525121427,16.2748899459839,14.0618823793199,2.37077838864894,1.4903357560358,19.3859706878662,2.07724377837335,1.19850671272025,9,2.30258509299405,0.889564371483825,4.42723897749543
580,611.967529296875,5964.5,1.47279584407806,0.0303456434085092,0.399024258833396,8.04049104054769,12.859432554245,3.36019743847632,1.73462222542746,12.7275441911485,2.38652842430638,1.81602151393168,5,1.79175946922805,0.609760633204126,4.57126863431241
665,958.828735351562,4155,0.43938273191452,0.0193837081216408,0.0354272972302034,24.579256250525,23.9752075195313,2.67848465697803,1.0900432195787,21.7054583655464,1.03108861401372,0.568192175590508,7,2.07944154167984,0.339877648796864,4.42034549897602
773,586.762756347656,2163,0.108757086098194,0.000415347887841477,0.0168829293706168,22.8255615521502,17.0611566861471,4.36725835717199,2.8349509202941,16.777396774292,4.36725835717199,3.78638772716946,5.00001185185185,1.79176144453475,0.70589913730771,4.85851760405268
515,215.981048583984,3942,0.364087402820587,0.00162207565736949,0.0123259005202101,25.6285506504839,23.8779467900595,3.49921862067786,1.97187828265965,27.2504395802816,2.522589267468,1.7516749861302,7,2.07944154167984,0.0180843493905393,4.1647253589839
558,986.648010253906,6671.5,0.727876424789429,0.033815803235008,0.168085849319628,19.7182157249861,18.9337771675804,2.65360514123183,1.41344780043615,17.9767524295384,1.61556758336582,1.36251475342573,8,2.19722457733622,0.526271472591697,4.12713438504509
773,796.003662109375,3640,0.15797159075737,0.027842883806791,0.0498766970677025,19.8283675491169,22.1860351986356,3.16238999934497,2.03276119159534,22.3916634877523,3.16238999934497,2.665149143439,3,1.38629436111989,0.271679472470201,5.26398468746753
665,666.636169433594,6250.5,0.640838742256165,0.0221755408369582,0.0859077978938139,3.83558995837257,11.1104210535685,6.32224605247532,2.62110302136302,8.1958400302463,2.63940522159826,1.71667684910681,7,2.07944154167984,0.534511766475803,4.42034549897602
902,832.953430175781,4938,0.685582637786865,0.00127042042035796,0.117226170299411,24.8036199145847,27.5268961406889,1.7243708071643,1.04658490008072,27.7786776648628,0.956538856988391,0.809785992659605,4,1.6094379124341,0.414297983534858,5.19517660762852
515,839.011657714844,6525,1.10222220420837,0.0322365250421086,0.0961585406179459,18.2335287401754,25.7653444199335,2.01762194510402,0.828038729432748,25.1512826707628,2.01762194510402,1.26999311060771,4,1.6094379124341,0.0554222398016598,4.63472898822964
816,658.59423828125,4534,0.795464634895325,0.0383423467422546,0.0843756828423601,18.846436436971,26.9486262427436,1.40211979784499,0.897400598884945,26.3934566073947,0.878682958570817,0.773788888500749,6,1.94591014905531,0.67291097563212,4.75850420590879
537,233.664810180664,4461,0.321935683488846,0.00220297640316858,0.0741841055545471,22.2866594950358,24.3791652679443,4.02755238404827,3.58475944919315,25.5338082207574,4.02755238404827,3.66127355756238,1,0.693147180559945,0.547827762755843,5.59285091394892
773,1307.60546875,4905.5,1.04186475276947,0.0134546676182197,0.0648772678761027,15.2555693226476,13.9160924457369,2.32500715200911,1.3250518665306,18.4866551717122,1.22108237507977,0.808503198741904,11.9999644444444,2.56494662241506,0.707700828132955,4.08533242617236
902,240.001388549805,4314.5,0.155784770846367,0.0119035186540692,0.0150252314515384,27.1700926626883,22.0624787012736,2.46867183014399,1.42329289241491,24.2998954349094,1.0639161831939,0.675037495472681,7,2.07944154167984,0.777006981403928,4.72517297838279
987,748.76318359375,6613,0.836077034473419,0.0509398135504462,0.167448141009068,19.0016057701521,19.8030858463711,3.68854903273626,1.73661900026614,22.7270319620769,1.95736258171811,1.21825063428805,8.00001185185185,2.19722589420778,0.517519182639157,4.6974441452257
708,660.249084472656,2997.5,0.437928706407547,0.0209785247526355,0.0471871655481131,22.7704017269996,20.5519923073905,2.52158406378664,1.94202470285839,19.3289087507461,2.52158406378664,1.99145370904033,4,1.6094379124341,0.280115528426792,4.95300618125962
751,657.5126953125,5447,0.483828216791153,0.0151539429303789,0.160151598399942,17.9139559427897,24.0940952724881,3.52870742817005,2.06124367901272,23.8623608907064,1.73136046217181,1.45478513996174,6,1.94591014905531,0.341360233012845,4.67549550270882
794,590.668518066406,5329,1.49780178070068,0.0146481824437643,0.108656761168646,18.8472793791029,22.5089206926751,2.06434274553528,1.21209694184557,20.477107832167,1.59826768932758,1.35030100532434,8,2.19722457733622,0.430399043382884,4.47985888391092
623,633.419067382812,6055.5,0.877325296401978,0.0112169933608079,0.0528751537543606,20.6387032211468,20.3952990849813,2.76238295475572,1.77708746331274,21.9451042175293,2.76238295475572,2.11251092332171,7,2.07944154167984,0.446395852442409,4.35510497710762
923,531.675476074219,3917,0.616933286190033,0.00593618987351263,0.0613815009070464,20.962322386875,15.9514678137643,3.73505814629774,2.16455334381873,21.0567356109619,3.73505814629774,2.24547482834678,11,2.484906649788,0.346826305638736,4.34272258471485
773,832.953430175781,4067.5,0.685582637786865,0.00404511130737006,0.0559857252813387,26.802907254619,27.986807900888,1.03165686539276,0.673957044090975,29.94645652771,1.03165686539276,0.812747347923544,6,1.94591014905531,0.411370930354295,4.70436889953211
902,779.1259765625,4234,0.518483519554138,0.0175872167314992,0.222912411725474,20.41873139002,21.6036652353075,3.07735154598161,1.69539798267004,23.7040787167019,1.79553498290458,1.2590834322635,8.99996444444444,2.30258153743217,0.000715152167589439,4.50203298263046
794,812.182312011719,4908.5,1.72316575050354,0.0016776361970372,0.116350130814311,24.8790882356706,25.8552243550619,2.81383683584427,0.974272924303166,27.2634010738797,0.868707711585068,0.634867864552244,16.0000237037037,2.83321473839076,0.895759487834861,3.84386872285638
537,383.740020751953,6769,2.45946002006531,0.13038516168012,0.312740103707977,11.0927317301433,11.7184688850685,3.06987434335338,1.87079781807206,13.4122001224094,3.06987434335338,1.88312161545333,6,1.94591014905531,0.459684366282549,4.34008794545355
580,574.991943359375,3471.5,0.526812493801117,0.000836213894690019,0.0337329388655512,23.8771867936658,20.4244677649605,2.33482989169238,1.51509843297763,22.6819742414687,1.78297513695197,1.36161830831626,6,1.94591014905531,0.778944172002903,4.41711795448515
580,72.1501922607422,4103.5,0.15434093773365,0.00157127575717197,0.0214904361201071,20.9881312134445,20.4094017505646,5.15212667638148,3.86773921379706,20.8068059709337,3.93473393922848,3.39955419066102,5,1.79175946922805,0.359061573520354,4.57126863431241
601,762.407348632812,2396.5,0.455721884965897,0.0176419117669013,0.0670693619148217,21.7211240624869,18.9236142264472,3.71565645257073,2.33160908282831,18.76286277771,3.71565645257073,3.00367437934627,3,1.38629436111989,0.584507729846874,5.01230057341532
537,239.644088745117,6254,0.831608831882477,0.00412479372583263,0.141883630259098,21.9294721623903,22.5234172936642,3.35220409075659,1.19254499330821,20.8758630116781,2.53319821720285,1.53459338900746,8,2.19722457733622,0.25815313451661,4.08877351717264
837,825.979248046875,3548,0.90640515089035,0.010755666528155,0.119590506136152,22.7999301295127,27.8831633249919,2.11791512078016,1.32954129605267,31.0355530209012,2.0902505030487,1.22450192187098,7,2.07944154167984,0.62089735468303,4.65038252880964
537,490.577209472656,5757,1.14034652709961,0.191233829194001,0.520080544360283,7.53003179913475,9.68914131588406,3.6045865225685,1.48716968467981,8.82376802232534,3.53434662954104,1.68221131195659,9,2.30258509299405,0.81367840891564,3.98341300151482
923,1066.52294921875,5660.5,0.508563637733459,0.0297392914371386,0.0735298701756761,16.3409980322725,15.2323695977529,2.3328907714754,1.27112726734429,16.45413424174,2.3328907714754,1.63545612237909,5,1.79175946922805,0.0561837334942653,5.0358697652748
859,582.515014648438,1986.5,0.184504494071007,0.000382446219933996,0.0135068408048724,22.5091572094989,19.2677121321361,4.48176780239958,2.24650255163719,22.8972842322456,1.97482831446428,1.51210268203187,13,2.63905732961526,0.108626467367848,4.116711592369
558,986.648010253906,6724,0.727876424789429,0.0171999878561628,0.100278822138147,21.0600515673238,23.4526427586873,2.22922878239028,1.14103932403766,20.010265604655,2.22922878239028,1.31226293372324,7,2.07944154167984,0.218288508194965,4.24491742070147
537,213.03955078125,6513.5,0.533386826515198,0.00576212639585449,0.234270627939367,23.3613836514053,25.8846429189047,4.80314744008933,2.81184247788061,23.2811356014676,3.40454945126254,2.86730184487756,7,2.07944154167984,0.736298583869322,4.20655655282903
515,432.721435546875,6940.5,1.35246789455414,0.0123804469768558,0.0845606465053272,20.9878925077376,18.9377531980857,3.41227123158957,1.63449955912336,18.4467049068875,3.41227123158957,1.90264965041412,10,2.39789527279837,0.328435637166387,3.84627162786537
537,102.847801208496,6311.5,0.384894400835037,0.0111611050109559,0.186841575278152,22.6059404885897,24.2318425072564,3.33827823446451,1.85364633564778,26.7170639461941,1.3082417001168,0.993910830787573,6,1.94591014905531,0.561994234507812,4.34008794545355
708,849.817626953125,5277,0.693582653999329,0.0459319289756337,0.103977254402164,18.4276336628903,24.3644520475153,2.35714695071946,1.00640027970305,26.1861405266656,1.03725874983003,0.805672472190469,16,2.83321334405622,0.370393826244247,3.7292307496375
859,576.313232421875,2528,0.51000314950943,0.034582683543416,0.109535913376885,26.3261441760593,27.0192230083325,5.99846876217552,3.56288341909861,28.9386825985379,4.443319125126,3.70588205287952,6,1.94591014905531,0.634684805185196,4.80985877292894
558,6.2121787071228,4838,0.072287805378437,0.0618873893062144,0.0619575602159941,24.6393730286629,21.3609250386556,2.64379448245394,1.18372639810427,20.5248890346951,0.350554997876279,0.278877568260274,12,2.56494935746154,0.849198560595975,3.75940960491977
773,503.549652099609,7355.5,1.64104497432709,0.0137525672883463,0.0987744550442251,19.7692499960623,19.7531368255616,4.33180650905438,2.34003695846062,22.0337696499295,2.47825292616243,1.38219532088625,7.0000237037037,2.07944450463841,0.70404740832809,4.57083454394901
837,457.202575683594,2795.5,1.28242373466492,0.0113627070128253,0.0606155948923224,29.5939759148492,30.687780740526,1.6530608485699,0.774243844069081,31.4298587799072,0.759190607094709,0.371925761090611,3,1.38629436111989,0.112336225748986,5.34352970936958
623,764.862670898438,3688,1.72151350975037,0.0111096662892187,0.128282917081265,23.8560807334052,27.1864937252469,1.82502449425867,0.993795788079864,25.2520771450467,1.26799064767673,0.921098364967265,12.9999644444444,2.63905478992949,0.849934419121269,3.79549172885796
515,611.967529296875,6143,1.47279584407806,0.0541529650872477,0.407903245026958,11.2374638260052,14.4533871968588,4.25675868156013,1.70653485135682,13.7372640397813,1.50620181807347,0.976633672546076,10,2.39789527279837,0.545815771273601,3.84627162786537
644,817.536865234375,4519,1.57758140563965,0.0155166254342767,0.171749728477774,22.650988705953,24.4185290712298,1.77720703144209,1.41306272438253,26.3059398227268,1.60282912975022,1.20377993802373,8,2.19722457733622,0.677886224765312,4.27047414876813
859,117.946846008301,2678,0.0440252982079983,0.00108748664099778,0.0301780374957268,25.5798527379189,24.902459081014,3.73112003728984,2.22170874982496,23.2578627692329,3.29693605344997,2.58941031648586,11,2.484906649788,0.230841260974396,4.27086227219626
837,242.914901733398,5899,0.954626202583313,0.0168654344621046,0.0417149096356546,20.7260397511144,26.8329946517945,3.67820872341855,1.91421398576164,25.2217581431071,2.59377399465214,1.67504529008821,7,2.07944154167984,0.697764190354068,4.65038252880964
601,1555.69567871094,5326,1.37173914909363,0.0451928579162946,0.11868831081086,16.6416895548502,15.794889530991,2.30338232409251,1.16985669580087,17.3282435099284,2.30338232409251,1.10817347751563,8,2.19722457733622,0.571960982687554,4.20137035719899
558,597.288269042969,3194,1.50636351108551,0.00226330120981899,0.0491397643072276,26.6489129808214,28.5061029752096,1.54819276485804,1.02781072065117,27.9150840335423,1.54819276485804,1.27014144630999,5,1.79175946922805,0.702170875947658,4.53259949315326
773,839.011657714844,5226.5,1.10222220420837,0.00700932517352726,0.0602253276970153,18.7689301562566,17.1519059499105,2.72513583505379,1.32883230397673,21.0888089497884,0.910762523102731,0.794687053456513,6.0000237037037,1.94591353529297,0.599471174605957,4.70436551329446
687,481.582427978516,4356.5,0.348447531461716,0.00802048202213257,0.197845817694365,21.466591474745,25.1686694780985,2.41934977883345,1.49117938785981,24.7454707251655,2.41934977883345,1.51093548208344,5,1.79175946922805,0.811666537250512,4.74057482299429
945,712.336547851562,2093.5,0.242753192782402,0.0245634348202657,0.0265998243807424,16.5803660498725,12.6657742023468,2.84683364209926,1.73326151070205,11.3975328233507,2.84683364209926,1.77065175541166,5,1.79175946922805,0.663660199006099,5.05942545826569
687,333.972900390625,6117.5,0.749445199966431,0.00936886017194283,0.179483230535411,18.7324669622607,21.310605568356,6.21352823661575,3.71451313832491,18.5875532786052,6.21352823661575,4.5342428216111,9,2.30258509299405,0.865646171784816,4.2297491992283
537,783.719055175781,2485.5,0.205688863992691,0.0151963507827979,0.0505403160074351,18.9774134523125,14.0364936969899,4.20789372840925,2.56726198513777,16.3222688462999,3.69761947921545,2.47599738885061,6.00004740740741,1.94591692151915,0.806544773208962,4.34008117298971
945,365.156860351562,6113.5,1.45274662971497,0.124486311134284,0.331055816865593,13.318458790933,18.7450553307167,3.53657371165723,1.27454505846402,21.8739022572835,3.53657371165723,1.61815780486344,10,2.39789527279837,0.390679274713645,4.45328965469537
730,753.556701660156,3458,0.185573309659958,0.0145962870357259,0.0400705895428821,20.4100643157959,15.2653610229493,4.76472874501502,2.22983377649273,21.4438108232287,1.94820636588128,1.47396297997158,21.0000474074074,3.09104460823815,0.43336839187882,3.50199992590429
837,897.281005859375,5697,0.616026997566223,0.0304884363208267,0.150998018084916,19.5213748644757,26.2367625034217,1.0173642268575,0.620345391888172,26.9981509738498,1.01360738607098,0.651632832427945,8,2.19722457733622,0.646729292127481,4.53259949315326
558,481.582427978516,3665,0.348447531461716,0.00952017083469059,0.0311338055994277,22.1731351503763,20.1806019306184,2.87958281263002,1.65426391564334,22.2944567362468,1.38135241929063,1.18826895935671,5.0000237037037,1.79176341983754,0.128142869423273,4.53259554254378
623,123.55451965332,3634.5,0.497645556926727,0.00352894631654266,0.0100414185369253,26.1572879340059,21.0119990422176,3.20566019425465,1.57129605033237,25.3493173811171,3.00046654998238,1.7281315656441,10,2.39789527279837,0.607927099222951,4.03665124598908
601,624.928100585938,4534,1.09349226951599,0.0114690279627148,0.0288532146053271,22.2912035993351,21.7947476313665,2.92045873989237,1.37694402394832,21.1935622321235,2.17831949787811,1.63850323966695,10,2.39789527279837,0.556176475775425,4.00069966173684
580,941.752563476562,4458,0.757914841175079,0.0289905549654748,0.102812344432408,16.5351747369254,18.2029841528999,2.40478287057407,1.27307123462026,15.8359621259902,2.40478287057407,2.08212340168895,11.9999762962963,2.56494753409805,0.73778009514695,3.79808056944241
837,590.668518066406,5230.5,1.49780178070068,0.00214178625277839,0.111996429224003,22.1236829532091,20.7356235080295,2.58892489138858,1.31495837240155,21.3754616207547,2.58892489138858,1.72203052925592,12,2.56494935746154,0.780792707025259,4.16487471302794
601,267.5693359375,3042,0.223103433847427,0.00229000069811391,0.00907649210178718,23.1269852710026,19.9152503389301,4.368091623851,2.57100517465694,23.7317992740208,2.29016391988799,1.73251365137917,8,2.19722457733622,0.29093906922223,4.20137035719899
665,274.308929443359,3307.5,0.124740153551102,0.00537486630321382,0.090102810703641,24.1003769372099,26.3790345237369,3.2921814615727,2.31975679393508,26.2783792707656,3.01370713663177,2.52011249787031,11,2.484906649788,0.731386365100377,4.01488039086785
515,832.953430175781,2919,0.685582637786865,0.00926083751922846,0.0488505400878481,24.5402132136848,24.1070497724745,1.32999668600958,0.910076700416381,24.1152871873643,1.32999668600958,0.942205418027186,3,1.38629436111989,0.261358385190291,4.85787253954385
837,21.9871101379395,5341,0.145916566252708,0.01332889597224,0.0623092961262195,21.1547441906399,21.8716390064785,7.32103343106526,3.49149703380984,19.2483747694228,6.74574032683865,4.80592868728113,11,2.484906649788,0.52399165444725,4.24491742070147
730,746.731811523438,2227,0.249693408608437,0.025626158668512,0.0979986195714204,16.7177531826881,11.7890053219265,4.82515670784006,2.11149619389083,11.4840363820394,4.82515670784006,3.06832873515915,6,1.94591014905531,0.602103803155675,4.64713438508712
687,1667.89038085938,6642.5,0.573336005210876,0.0488876967354628,0.146397339379885,17.075703659878,22.8450608853941,1.76731102874312,0.846714972620157,23.2700248718262,0.966737583964578,0.696914777151526,5.99996444444444,1.94590506967733,0.612608380923936,4.58642922254502
601,400.749816894531,4763,0.582581281661987,0.00183248813226555,0.0424299319652093,20.1283763673571,21.1180998201724,6.52112200289238,2.6744343960293,20.6500081380208,6.52112200289238,4.26586960849873,6,1.94591014905531,0.0143799720652601,4.45268478547989
751,638.692504882812,4078,0.450925946235657,0.0107773934625968,0.0275947074846137,21.7809353366976,21.8856777191162,4.2670457722891,1.77155340359463,20.974769422743,1.98182437386755,1.29972962333158,7,2.07944154167984,0.602538287265234,4.5419641100843
794,563.924499511719,6029.5,0.973110258579254,0.0228358155998478,0.088976479173283,19.311266240766,18.875551387242,2.0910607188285,1.30818366030987,18.2714104546441,2.0910607188285,1.6267158048049,4,1.6094379124341,0.133078119719207,5.06764554881304
580,586.762756347656,2248.5,0.108757086098194,0.0032578056750765,0.00579630363008476,23.7972016160205,19.2204472435846,3.86699669919651,1.78455281580556,22.213201989068,1.17677436272155,1.01553788561726,12.9999881481481,2.63905648305405,0.0896612040042164,3.72397162048641
515,625.711242675781,5127,0.461108267307281,0.0187841923602434,0.070824032363447,17.9867874555691,21.0705923398336,1.33757120735625,0.855340021495959,20.4334946102566,1.33757120735625,0.913247565503553,5,1.79175946922805,0.31052872969788,4.45240743143568
837,466.458862304688,5473,0.100122906267643,0.0100208777615372,0.163853008148319,24.6053517741542,26.5700141482883,5.72235266935985,3.4716101685789,28.3573070526123,4.11819102212476,3.20523431143482,3,1.38629436111989,0.508370559729232,5.34352970936958
537,525.271606445312,6796.5,1.25371539592743,0.0196343262329819,0.164563809162122,20.4023954179552,19.9535478591919,2.47103720608839,1.7720317083839,21.5456096225315,1.58043659450947,1.14797175894784,7,2.07944154167984,0.651899942076514,4.20655655282903
665,350.723571777344,6881,0.458133906126022,0.0422360007104103,0.169087661040649,19.5309597015381,20.5151747776912,2.05955385905437,1.34024216080868,18.5357170528836,2.05955385905437,1.71749343309759,10,2.39789527279837,0.310371353352734,4.10189176785748
794,221.145004272461,3770,0.327324092388153,0.0074700289911398,0.0910138347261977,23.1805248342535,22.5062556514034,2.35231914940087,1.40767691952284,23.8066993713379,2.14823791434015,1.21082274599948,6,1.94591014905531,0.0692582207614088,4.73117331219182
515,230.354278564453,2039.5,0.592697083950043,0.000759925677574103,0.0204242716774914,25.9337301028673,28.162969271342,4.56669778413904,1.50162046682918,28.6295581817627,0.982661405076236,0.641340379584743,7,2.07944154167984,0.265447601280368,4.1647253589839
837,412.635498046875,6746,1.02715349197388,0.019975769966603,0.113160554141956,19.3349218156603,21.2713466008504,2.29058777424299,1.24455481122522,24.4778343200684,1.47209882021512,0.793383875935304,7,2.07944154167984,0.405459302166341,4.65038252880964
923,316.454040527344,2926,0.0955562070012093,0.00186822769026662,0.00761309790632225,22.9010453870221,17.6453689010055,3.63898034436225,2.32901036831267,20.4199619717068,2.4635299273023,1.9108786272652,6.99998814814815,2.07944006019726,0.231117975023377,4.74818917430559
708,1205.56555175781,7043,1.94381666183472,0.0682324472920932,0.311822552147632,8.59860000610348,8.35123790899917,3.9583701614054,2.29224545488583,7.87446492513021,2.69997469776835,1.61734332045847,13,2.63905732961526,0.546894572466487,3.92338676407846
751,55.6521797180176,4108,0.107631117105484,0.0667146766309337,0.0891432615762291,20.7652588102554,18.7686273462633,7.35814251144988,3.78960561676976,20.6329384273953,7.35814251144988,4.99190909663423,14,2.70805020110221,0.449239415110783,3.91335545066192
515,510.428649902344,4668.5,0.822908937931061,0.00817699862102828,0.121439703863604,23.4983095435686,30.8414650689988,2.50523343813759,1.63923088324791,29.5592844645183,2.36428386385839,1.87903987590287,4,1.6094379124341,0.458288441421917,4.63472898822964
859,436.362030029297,5200,0.34952038526535,0.0136599591537525,0.0412953243419878,21.1137120523761,22.3689326315215,4.66179367083826,2.81940412963346,20.6805964999729,4.66179367083826,3.82792095369116,8,2.19722457733622,0.0256973199109982,4.55854434464804
859,387.957366943359,5595.5,0.562925755977631,0.0143197882485424,0.033808714001637,11.0622480677463,14.4592655923632,4.13976681154231,2.40624493250902,16.0471513960097,4.03986733071145,2.59339776821145,9,2.30258509299405,0.50812904796263,4.45318382899021
794,6.2121787071228,4632,0.072287805378437,0.0132727012391456,0.0204315546858211,23.7081626680162,17.9058297128389,3.66898072511413,1.76011234583564,18.1585170321995,3.66898072511413,2.09653628309483,8,2.19722457733622,0.428745919256278,4.47985888391092
816,970.873962402344,3299,0.455164670944214,0.0212845599351397,0.0708853654863546,18.5530268638366,13.9128661049737,4.36973174606185,2.25781037549652,17.791815270318,1.17416769514769,0.885491260061058,9.99998814814815,2.39789419535671,0.755904522350516,4.30652015960739
730,750.479797363281,3597,0.417854696512222,0.0114329796387125,0.0583472807046768,21.6082631880237,28.7664594014486,2.3416782382523,1.59000770761163,29.1696548885769,2.3416782382523,1.55473713348445,4,1.6094379124341,0.0798963695043324,4.98360662170834
580,855.351318359375,5290,0.476745992898941,0.054633351577035,0.224781870705659,8.49149987962517,10.1782489776612,3.20579747781904,1.40938620188245,10.03248240153,1.78143479899576,0.975192414224379,4,1.6094379124341,0.763588035101818,4.75359019110636
515,827.812927246094,4517.5,0.372539222240448,0.00976627616367409,0.0302154679477802,20.2736722098457,18.2262296040853,2.42119232186214,1.24909175044922,18.8929055955675,2.42119232186214,1.40145633085951,7,2.07944154167984,0.174946819493422,4.1647253589839
515,174.325439453125,7394.5,0.596608638763428,0.0560708396981795,0.115929602214756,19.8391629372874,18.54010850155,6.28158872091524,3.77742768273201,18.4003046247694,6.28158872091524,5.36364378145003,8,2.19722457733622,0.302720725320559,4.04694232332752
601,762.407348632812,2026,0.455721884965897,0.0219016963384995,0.0536541828443298,19.2499376194451,14.5478597640991,4.06436997217839,2.09452043175771,15.3084772321914,2.15602637521554,1.43240969652896,11,2.484906649788,0.847106401936494,3.91368828474721
773,900.093017578125,3588.5,0.753914713859558,0.0102428461520923,0.0602933566522879,25.1613019184401,23.3719632929023,3.57474459458465,2.17872616524077,25.049464586046,2.30471854882335,1.39077450775265,8,2.19722457733622,0.50193534495296,4.4530544712512
580,297.021942138672,7409.5,1.31988382339478,0.0664420540540469,0.203277150864629,20.3600665143741,23.0780741192046,5.78101054672294,3.36374845485137,23.6327979193794,4.59961926125167,3.2956444704695,4,1.6094379124341,0.182955962276861,4.75359019110636
558,329.346008300781,6980,2.31529355049133,0.0544336403815997,0.179276774401693,20.7380460800662,21.883192952474,4.29631505849892,2.01025203628412,24.2226145426433,2.46500233662574,1.6236106871637,9.00001185185185,2.30258627817853,0.589972286630958,4.02177268420278
623,487.748840332031,4213,0.262837827205658,0.00697806190883909,0.0826686462947812,23.9170593630883,27.5228988829114,2.05025481588604,1.07946811924049,29.4747732374404,0.874570259287628,0.583520206291345,4,1.6094379124341,0.873786142672492,4.82510860635335
859,700.676696777344,3223.5,0.367230385541916,0.0216897077218938,0.0564138679360333,21.7604122859177,25.3923999362522,2.30491877534096,1.44417927735075,26.7025257110596,1.94420060443684,1.3223197263154,2.00003555555556,1.09862414044973,0.2878718438634,5.65714478153453
944,838.048034667969,2172.5,0.221270680427551,0.030526976013217,0.090873753902514,19.2426379296087,19.3875865545028,5.29771044712218,2.14243578159516,19.7739879184299,1.2067999952744,0.835635897210369,10,2.39789527279837,0.463226106173564,4.45223089334713
558,1043.26452636719,1446,0.915077149868011,0.0107037097337788,0.0348346020901964,25.2386853084769,21.7343969980876,1.7806579241599,1.14948346074186,21.5748776753744,1.33675462660422,1.05576285888174,1.99996444444444,1.09860043674602,0.870885109457162,5.22575852563529
730,753.998291015625,6964.5,1.9947110414505,0.00819371691219928,0.153279190563278,23.321657065935,26.1743234422472,2.45307562814816,1.44633781737601,24.9945791456435,2.45307562814816,1.58238661711441,6,1.94591014905531,0.503717618054626,4.64713438508712
987,198.600860595703,3624,0.141922146081924,0.00317672845702077,0.00814743864557244,24.5645408507317,19.9810429467096,3.4681093925388,1.99930281764754,22.708346303304,2.06757437425757,1.6336991793988,12.0000355555556,2.56495209250053,0.496967931417986,4.32971794693295
580,74.6308059692383,5156,0,0.000201726220581122,0.117251722605957,23.1925346798367,25.6356165568034,7.43555232765843,3.03840810284495,24.5125896030002,3.18593632045438,1.65404319355646,7,2.07944154167984,0.188041515263824,4.28358656186063
537,1474.02819824219,5040,1.19303894042969,0.054822858051029,0.237983964090031,4.90294129962018,5.4486612760104,2.36902325332838,1.43298619442175,5.49516406589089,1.92042629286728,1.65441608065178,10.0000118518519,2.39789635023887,0.805123009695595,3.88810174427
687,576.660461425781,2072.5,0.329366385936737,0.0120113799820203,0.0323705250523503,23.918285583168,23.0863704232609,2.9200798603141,1.02732605394753,20.2185313330756,2.9200798603141,1.57913918967196,14,2.70805020110221,0.0783423477422582,3.82428409112014
623,468.597351074219,7246.5,0.659568965435028,0.0228177382402031,0.0989696704690353,19.3840031244421,18.8693305333456,5.9006032034411,5.03811183723506,19.3104553646511,5.72513276126233,5.21372316012083,7,2.07944154167984,0.210579016311066,4.35510497710762
601,55.6521797180176,4028,0.107631117105484,0.0124692093160768,0.0409908440752069,21.221362262302,18.2492239210341,6.98546791345574,4.61069556797889,19.3541777292888,5.67948377682834,4.78496352174175,12,2.56494935746154,0.570083795113032,3.83364557707367
751,214.45735168457,4658,0,0.00656637723581355,0.00725711739550405,23.9509070693805,23.2221137273879,2.22680882961839,1.56680426413611,24.0491846296522,2.22680882961839,1.6574284917023,4,1.6094379124341,0.68326252432302,5.01196773933003
558,611.947387695312,6254,0.381786316633224,0.0616259813983966,0.256321198246191,6.34844269222685,6.52311795552572,4.81238557184035,3.8304966821033,6.77099189758303,4.81238557184035,3.90075505240465,1,0.693147180559945,0.369985759290516,5.63121178182137
537,171.932983398438,3081.5,0.213123515248299,0.00311335821890779,0.0554281617091341,27.1869494967991,28.2851092974345,3.75895198445479,2.20924520799828,26.258086988661,2.18401956463806,1.83319241117969,9.0000237037037,2.30258746336161,0.813031414679461,3.98341063114726
902,790.94873046875,2980,0.269934415817261,0.00529341235227321,0.0727356102772703,19.8359590222758,19.6521438739918,4.74396434515892,2.9937511197173,22.318928443061,3.95883824031698,2.57822155303625,6,1.94591014905531,0.358276257382284,4.85870437100731
558,899.250122070312,3599.5,0.601141214370728,0.083293865077561,0.258199337218425,1.02465084855271,4.02607316970824,2.5124948017056,1.18312453040214,-0.342500220404702,2.5124948017056,1.87297697920142,17,2.89037175789616,0.7043171406897,3.43398720448515
944,855.329956054688,5385,1.41610193252563,0.0114654254655484,0.169111839903696,20.0062360743041,20.1617376963298,2.66321802651694,1.6461863535417,23.5384871588813,1.96135422525705,1.62230948639977,6,1.94591014905531,0.369360866345226,4.90421601709019
944,746.731811523438,2553,0.249693408608437,0.0337004357717881,0.101397592716385,17.1730464484103,14.0106181707138,4.53881590579715,1.55672992403594,15.5560900794135,2.29620825823276,1.51369770566973,10,2.39789527279837,0.680030829052639,4.45223089334713
623,239.644088745117,6552.5,0.831608831882477,0.00360215639760497,0.0254230400513009,18.3156418058608,17.2317981481552,2.7921862612537,1.6928217749419,19.2724408467611,1.49462404365115,0.755954442323719,13,2.63905732961526,0.831958816342257,3.79548918917219
966,1123.53002929688,4957.5,0.409204393625259,0.142841664155679,0.272185971849726,1.28767512741916,2.84093089633518,4.40141202417484,1.938699691354,-1.13149002922904,3.89800868667522,3.0675177864729,12,2.56494935746154,0.260268292429204,4.30821447675098
623,579.333190917969,5967,0.216790109872818,0.0113736785274448,0.0932252124740991,18.8250403332455,14.7491847405067,4.29719743283028,1.81184390741121,19.6940085517036,2.62056143415034,1.62110192847905,10,2.39789527279837,0.856002687737158,4.03665124598908
537,123.55451965332,4080.5,0.497645556926727,0.000608510948840291,0.00145741302850411,26.2021226042061,21.906202252706,3.60132290200834,2.09579420584542,23.9177661895752,3.47203111196217,1.92772461866838,13,2.63905732961526,0.747168713952325,3.64694076489361
751,730.080505371094,7050.5,0.838881611824036,0.0403708014457465,0.17148727681144,14.6983240975273,14.1550163057116,2.97086763776593,1.33444023752249,14.1258208380805,1.16445699524007,0.67416247493811,9,2.30258509299405,0.0776306953584603,4.31882055877009
665,524.356384277344,4853,0.806849658489227,0.0135416931423435,0.0489055281883282,19.718731693555,20.7514843986148,2.75269551843198,1.1546507567037,18.5717576768664,2.75269551843198,2.22070764218596,10.0000355555556,2.39789850511638,0.221240578840528,4.10188853553947
966,453.796691894531,6824,1.1252030134201,0.00951863462701752,0.257209386074209,23.3821277290263,24.3386408381992,4.26667895488182,1.85799114146625,22.7244407229954,2.84526868031973,2.02917825551818,9,2.30258509299405,0.702153507924057,4.57057874121847
644,143.174743652344,4904.5,0.498963445425034,0.0363408450805167,0.169645065336063,21.0850682364571,23.8188271204631,5.24118491544819,2.95222938487705,21.4727862040202,5.24118491544819,4.37055169314167,7,2.07944154167984,0.0536264631759109,4.38825718442452
644,797.24365234375,3425.5,0.0752527937293053,0.0197750389118134,0.0464690928609102,18.0115541109474,12.3332938966298,4.12497991093081,2.82011071557932,11.3561066945394,3.828318373254,3.57877746202562,4,1.6094379124341,0.591955443463974,4.85826081367025
580,562.852966308594,6857.5,1.59532570838928,0.00771805649401358,0.142277162474908,18.9629842778688,17.6485231448443,3.26886552397044,1.27405398332018,19.614799118042,1.50152049765602,1.25189101231657,10.9999762962963,2.48490467447741,0.899177285969925,3.87812342906306
880,263.719482421875,3226,0.199139177799225,0.00142294714384761,0.104455226293222,24.3445752133605,28.3952296998766,3.53716715609093,2.64351103137898,31.0077847798665,3.094685282067,2.38171235207458,3,1.38629436111989,0.600508619168553,5.39362754635236
601,1555.96435546875,3638,1.42539298534393,0.0578259100852776,0.37419469213155,2.73348241079424,5.19626573504826,3.54466745939337,1.83246206115921,6.80517582363558,1.76790778203354,1.08105530269175,8,2.19722457733622,0.147531519036416,4.20137035719899
665,597.414733886719,3946.5,1.0817699432373,0.00705372413354155,0.0370913455016897,22.5631038993918,29.1304524739584,2.43728775088617,1.48530258253572,28.9081120385064,2.43728775088617,1.80932952809854,2,1.09861228866811,0.895128315166948,5.40117475198774
623,866.659912109375,6685.5,1.26827311515808,0.0206899247088046,0.181570318897954,17.1310548570422,20.1344185299344,2.75758660279362,1.96863404390408,18.067671500312,2.74272711061423,2.55255418179276,6,1.94591014905531,0.560758864928866,4.48863636973214
580,735.846862792969,6229.5,0.943470060825348,0.072748252688335,0.268331471768427,7.90095096301002,13.1168067387172,1.56266525476368,0.972173507672408,12.4296898735894,1.51992645388191,0.992968858244417,4,1.6094379124341,0.352013908332993,4.75359019110636
816,76.8620452880859,3051.5,0.484436333179474,0.00522796777517343,0.0134500204170003,25.915724013954,20.8131913503011,3.43114018765584,1.80875410843813,23.2001245710586,2.74111191146836,1.71766973155575,7,2.07944154167984,0.132812968558297,4.62497281328427
537,506.533752441406,3254,1.87917292118073,0.00102453932388258,0.0168149950219565,26.7288617246895,26.6594600359599,3.14062344949947,1.71947187691405,25.8906801435683,0.78870954760473,0.645453422190438,17,2.89037175789616,0.0301896835616202,3.3956263366127
902,535.941162109375,3314,1.15457797050476,0.0057957231062602,0.0324768849706771,28.6096316388859,26.1947195688884,1.63763611260927,0.985966116900694,24.791188176473,1.21981250627626,0.937426974878039,5,1.79175946922805,0.0447565830878545,5.01285505083457
601,748.76318359375,6350,0.836077034473419,0.0508286588739288,0.142821829349266,19.0283676352552,19.1703451898363,3.68854903273626,1.68509895928255,22.6334491729737,2.22769880512854,1.15351497278552,9,2.30258509299405,0.559006008381021,4.09600984154116
730,2.67283248901367,4413,0.020331958308816,0.0610235093871623,0.0611257773981535,24.4903133638444,21.6138179583427,2.74916175248832,1.09943433928895,20.5720624287923,0.426187254396592,0.285190967190735,10,2.39789527279837,0.453106370509742,4.19514926134407
515,189.597442626953,2583.5,0.10794985294342,0.00431541146263115,0.00774953762893205,24.0553402521277,19.7814046133132,3.44618734310744,2.04949139473703,21.5310874938965,2.0340595320818,1.51110616997674,11,2.484906649788,0.0682701960873858,3.75926025087574
751,184.717041015625,2827,0.108575157821178,0.00123010908137999,0.0471787322845287,26.5665344874064,27.7494211717085,3.93874647606653,1.92397136290043,25.0005423651801,3.93874647606653,2.03521732893639,8,2.19722457733622,0.858396910318296,4.42418107442792
623,633.643798828125,3862,0.411400467157364,0.0235185409298282,0.0516274349083901,19.1770537878878,18.2600899166532,2.20772698112834,1.07980727461081,17.601677831014,1.64060926712486,0.996932053858929,9,2.30258509299405,0.478366495259254,4.13196142579341
515,104.336791992188,5681.5,0.508589804172516,0.0248556695319344,0.118936220164279,10.2811419895718,12.677400479998,4.29685122814297,2.13086851876993,11.7237723032634,4.12305734961778,2.18457362275928,11,2.484906649788,0.0657432363466667,3.75926025087574
708,754.35595703125,6423.5,1.16250550746918,0.0116494211230638,0.112543235945409,21.5277583440144,22.8399826049805,2.34152417513374,1.84475375685203,23.4562223646377,2.34152417513374,1.91067756218734,3,1.38629436111989,0.294263702814048,5.17614973257383
580,555.093383789062,3812,0.339070171117783,0.0382335146388328,0.0673726520079896,21.6781491392402,21.2430142720541,3.19518793598887,1.79111327038198,20.1070845286052,3.19518793598887,2.23607659239417,2,1.09861228866811,0.446721782477686,5.26441581487235
558,152.469451904297,3637,0.148988991975784,0.00142658158989661,0.0797566111038606,25.0875322772611,25.9067712539282,3.88499226358836,2.34272138843334,24.5234411451552,3.48142735220791,2.43864751137071,10,2.39789527279837,0.33434529695607,3.92646368958294
794,432.721435546875,6940.5,1.35246789455414,0.0124108986345206,0.147668889302725,21.018717722739,19.0763250350953,3.41227123158957,1.54534220547007,18.7185732947456,2.43863264033592,1.29974173784763,9,2.30258509299405,0.841322204061131,4.37449836825309
751,817.312622070312,2932,0.258437246084213,0.0197939181469344,0.0590039889038039,19.7842969053535,15.200976063655,3.47558716822984,1.89693007909197,17.0655113220215,1.78527149653575,0.9788646621231,10,2.39789527279837,0.248850016889283,4.22351037896576
515,455.302581787109,7848.5,1.4780501127243,0.00369076911886168,0.221506217719675,19.9977840382566,21.1319610878273,4.97837086945276,2.17582408795114,22.0771141476101,4.97837086945276,3.91818854550301,6,1.94591014905531,0.72250766507444,4.29825675160842
751,799.070678710938,3557,0.346232533454895,0.016370019602121,0.0521464394857318,20.692983963669,21.5198448816935,2.553315309133,1.77092417380437,18.1634248521593,2.553315309133,1.93586619072472,7,2.07944154167984,0.62951792894279,4.5419641100843
773,600.57958984375,5688,0.948854506015778,0.0856682835528169,0.281206865102288,2.8568155924479,3.40986563364669,2.37126329127161,1.08127355769067,-3.50759078131779,2.37126329127161,1.82585281420203,21,3.09104245335832,0.64278974828899,3.55923659522911
601,773.699035644531,7302.5,0.159082651138306,0.013570772655406,0.12149123634947,17.4727761750581,16.3120700109573,3.90915587661666,1.90245045724526,16.7740040249295,3.90915587661666,2.51834946764951,11,2.484906649788,0.828227142147897,3.91368828474721
708,1308.58569335938,6359,1.74353384971619,0.02150627577576,0.0618008934498455,21.7126574854698,21.5620059042266,1.5815453800449,0.796368662646643,25.3460700141059,1.5815453800449,0.958720627388615,8,2.19722457733622,0.561290777340038,4.3652195163575
794,578.65185546875,2163,0.0896443501114845,0.0103018775993249,0.0173564177794105,24.201684816422,23.2975389138247,3.08258712999129,1.82528558353347,25.8138911353217,3.08258712999129,1.73832388533381,10,2.39789527279837,0.445642190429042,4.27918818844877
644,676.811218261719,4193.5,0.864470720291138,0.0424536102328581,0.0756035218055473,23.9431708017986,20.0715215138027,2.56771857869123,0.857896660516666,20.1918138292102,1.76302763871238,0.738680528916204,25,3.25809653802148,0.42148698722502,3.20960218808287
751,1459.34985351562,4877.5,1.07926988601685,0.0100910318186784,0.0434923842889141,19.431461957706,20.5513909816742,2.8544447540505,2.33374607214317,21.1439431932238,2.66559383511399,1.97691629954789,5,1.79175946922805,0.563505489060576,4.82964618253608
644,176.757354736328,6405,0.598669171333313,0.00143632053543996,0.045742760905469,21.7487317854358,22.2385808167634,3.02736423510107,1.54878889665489,23.5005940755208,3.02736423510107,2.32098974773999,6,1.94591014905531,0.453266383292199,4.52178857704904
601,402.766662597656,4696.5,0.974054932594299,0.0115292245055976,0.0655894854703192,7.42810112737834,7.96668435732528,7.33202585724359,4.52891664821298,10.7949195861817,5.36729258563682,4.46973088665003,4.99996444444444,1.79175354328457,0.857858058733329,4.60684139125064
816,849.817626953125,5474,0.693582653999329,0.0211796802798823,0.107267665981539,18.8590192159017,22.1101606278193,2.12688559413135,1.28816737423482,21.340109761556,1.52532581221444,1.26327690725091,11.0000237037037,2.48490862509469,0.108784775760191,4.21950572986942
859,156.237060546875,2675,0.0806954652070999,0.0375816905236874,0.0593604355078234,22.9725891933646,19.2961628884981,3.08303637056437,1.47261683528549,19.4555609385173,3.08303637056437,2.2605552592491,8,2.19722457733622,0.632538109727939,4.55854434464804
558,621.858337402344,3975,0.311653405427933,0.00013753858698351,0.0285539912686623,27.316807519236,30.9021727970668,2.86277793072204,2.04731576697665,33.9852219051785,2.7713698122259,2.04003219279366,4,1.6094379124341,0.825323784585004,4.71492104994721
708,816.693603515625,5503.5,0.852921187877655,0.0145680280043017,0.133121508107987,19.9474539479903,22.0852927172626,2.15858448128992,1.49651617343269,23.1394206576878,1.7414675725875,1.16364969231502,6.00003555555556,1.94591522840749,0.114507056099917,4.61652886528623
537,637.1611328125,7846.5,0.996161937713623,0.0927636370256941,0.202903317194064,18.9687376412013,20.1759064645479,3.92018481147046,1.55113319558257,22.6828117794461,2.29478510740135,1.21944006485118,8,2.19722457733622,0.523643186473373,4.08877351717264
623,1324.20532226562,3451.5,0.840688943862915,0.00808272544766453,0.0601442958460936,21.047888364074,21.5304266611736,2.24326410973275,1.7118735648305,23.4476774427627,1.80950324365706,1.3506731918164,7,2.07944154167984,0.0874833237905661,4.35510497710762
665,171.957916259766,3016.5,0.300055950880051,0.00145716165519971,0.0341745806989309,24.3991928948296,23.8005327398127,3.56424156445538,2.74857105134197,22.923074552748,3.37271204320264,2.56281945353037,8,2.19722457733622,0.780807404809182,4.30256246331964
644,812.182312011719,4586,1.72316575050354,0.0133060639764082,0.0193568655089713,25.7982143361082,23.2478502485488,2.09732129876239,0.898707127016786,20.2342071957058,1.02587262406214,0.840722625393379,8.99996444444444,2.30258153743217,0.0395371133322783,4.16511718867218
665,22.2258834838867,3534,0.326375395059586,0.00167457187595943,0.126211418582045,23.6236482107512,23.5850817256504,2.98460450468095,1.87244600896043,25.1630584292942,2.98460450468095,1.74717479138354,9,2.30258509299405,0.546342869819552,4.19720194766181
537,625.860900878906,4174.5,0.398135274648666,0.00434902160747797,0.079760120927471,21.1800842073229,24.7820578257243,2.42453196250751,1.20820362688257,25.8750822703044,1.19129165217472,0.808989117046103,7,2.07944154167984,0.685564280672093,4.20655655282903
708,262.413452148438,6134.5,0.413627773523331,0.00914300615564301,0.26148648127284,23.5696329793623,24.4272140209491,4.63547497785626,2.01103634138269,23.1754769643148,3.04289084771458,2.15610953819188,10,2.39789527279837,0.850368666815266,4.16454882089535
515,512.335876464844,3782.5,1.7194412946701,0.000670250489509527,0.0361170868620846,24.9607404565299,27.669804014983,1.45638977595777,0.50950594839718,28.5045853084989,0.605289824953584,0.305115829530127,6,1.94591014905531,0.424991167287917,4.29825675160842
966,171.932983398438,2997,0.213123515248299,0.00424741109156557,0.063897430388753,26.9874784681533,27.5862863222758,3.60056048431995,2.13034442562309,25.9428471883138,2.34514920694581,1.94613402394525,12.0000355555556,2.56495209250053,0.169867288790705,4.30821174171199
537,404.150054931641,3150,0.33629047870636,0.00157284563728766,0.0185309706089249,23.9784675598145,22.7423024336497,2.89841911927831,2.16180586953118,23.0184131622315,2.89841911927831,2.55618016286304,5,1.79175946922805,0.727438610284349,4.49423862528081
537,305.044738769531,2449.5,0.245956107974052,0.00341349679356995,0.0339103615008938,24.493545827558,23.0753669102987,1.97632764793288,0.718130273618429,22.1627420213487,1.97632764793288,1.19861125630748,5,1.79175946922805,0.859253827942259,4.49423862528081
515,983.220703125,5387,1.69203853607178,0.020150687129501,0.0545060245685391,7.46356193717872,12.25001533145,1.6471493989799,0.973891863818427,12.5565643734402,1.56175302600453,0.895904411123083,4,1.6094379124341,0.587953281736027,4.63472898822964
687,206.48681640625,3609.5,0.452662974596024,0.00198570342812943,0.00648680506237298,28.5273182653613,29.3133003234864,4.58871484440036,1.87749834408767,32.1690856509738,1.96938501204509,1.13178736997772,7,2.07944154167984,0.743118028831478,4.45289275054251
773,676.054016113281,2836.5,0.275960385799408,0.0478508623283638,0.0648718458099609,15.0220547829905,9.11576322979403,4.10733958740043,2.53882193667554,10.9000776502822,3.41795876168186,1.77064031733863,9,2.30258509299405,0.035488336358529,4.34769395559338
816,729.612915039062,5531.5,1.05148696899414,0.00151887856374344,0.0626194018111192,24.850761964586,27.2109870274862,1.52191906025982,0.785590184000916,30.8495426601834,1.52191906025982,0.866345528200174,17,2.89037175789616,0.376667850517366,3.81404259706794
558,446.562438964844,2995.5,0.10079350322485,0.00289518137226707,0.0174738500233751,22.8995855885168,31.7215342415704,2.218666334822,1.42758033406278,32.8774518330892,2.218666334822,1.56259455546143,3,1.38629436111989,0.189561622609332,4.93806460126142
816,843.040161132812,2067.5,0.259085416793823,0.0106374342530025,0.014734100292948,22.8293277863534,17.883541502776,2.7695359448199,1.54119228115331,19.9567930857341,2.75164973878634,2.10502968106312,15,2.77258872223978,0.226771833318466,3.93182563272433
730,293.354827880859,7396,0.431968867778778,0.0057524252363983,0.225745472905285,19.1751523663921,20.2393047234951,6.83390092459052,2.80307307402424,21.7815149519178,6.82427131144102,4.71440678915732,10,2.39789527279837,0.41425626215805,4.19514926134407
515,203.655227661133,4076,0.167576730251312,0.000104224981839707,0.0949144309774645,26.9441132166052,29.8080373764038,3.53409348195558,2.38380410704767,29.8859592437744,3.53409348195558,2.53735914145828,1,0.693147180559945,0.707843902150484,5.55101972010379
923,698.351135253906,4886.5,0.306656569242477,0.0030535082894616,0.0327212734281588,23.9241544511583,26.8642283006149,4.63569789762168,1.86078101220715,26.2204853057862,1.78404231878284,1.1064728108183,8,2.19722457733622,0.0772653339644601,4.63040465716663
601,741.629821777344,3354,0.238830044865608,0.00869575332026784,0.0282709403892234,21.1039042401057,20.6924480633858,3.00145728336692,1.84293229593918,20.1453440348308,2.2702790314934,1.72387518873609,10,2.39789527279837,0.255327767067828,4.00069966173684
751,477.750122070312,3585.5,1.12202250957489,0.00344698157038792,0.0457126188263679,27.7746189965143,32.9135255972544,1.10259605582649,0.576737126585046,33.0404525756836,1.10259605582649,0.629722638225184,5,1.79175946922805,0.745326390415495,4.82964618253608
558,820.585327148438,3860.5,0.168016120791435,0.0140653772238402,0.152777726789846,19.8833741505941,21.9239451817104,3.78929909049786,2.34138745072026,25.0647244347467,2.8307500607424,1.63161241836725,3.00001185185185,1.38629732407846,0.702048386025858,4.93806163830285
537,662.526123046875,4500,0.975771427154541,0.0224641432725008,0.0670684482757409,20.5109880796043,24.1259090706155,1.92171370558597,1.13718694024614,22.7131841871473,1.92171370558597,1.18515969683363,6,1.94591014905531,0.092848943280734,4.34008794545355
837,957.333801269531,5112,1.06965065002441,0.0472566249193846,0.374388773420453,7.36647272564119,10.5996065210414,4.10804020458211,1.60714130706004,11.7160488128662,2.51033587636104,1.47456005181274,6,1.94591014905531,0.187392908932576,4.78391392143416
665,133.930130004883,4528.5,1.0093857049942,0.0243734137233851,0.0785438844518751,24.2865684550296,25.0358480544318,3.50561430548692,1.92107690040983,25.3049942016602,3.50561430548692,2.20518281989995,4,1.6094379124341,0.889446604655229,4.89034912822175
687,171.932983398438,3441.5,0.213123515248299,0.00294320921246083,0.10622915530065,27.8291060977512,27.1716251267327,3.03426906281899,1.98688517437265,27.8000145382352,3.03426906281899,2.64302563501808,9,2.30258509299405,0.755848091655099,4.2297491992283
966,138.822891235352,5524.5,0.495989263057709,0.00459624464288666,0.231370966279172,23.1639683918286,24.7020712852478,4.70230773552216,2.62442066825134,23.0260629018148,3.41152352437833,2.79607644508318,9,2.30258509299405,0.665413704322221,4.57057874121847
816,209.886001586914,2624,0.031656201928854,3.1200929960562e-05,0.0496992382654859,25.7817490895589,28.2579031414456,3.67765278844986,2.76520592853836,30.9483943939209,3.67765278844986,3.28733634402867,3,1.38629436111989,0.198307392390127,5.31811999384422
515,611.967529296875,6439.5,1.47279584407806,0.0046555179925285,0.0978993381434172,21.8212136791599,17.6799843225724,3.00662770027548,1.34467037106594,20.5639494154189,1.20050565597391,0.713634137385208,10,2.39789527279837,0.0672936364604338,3.84627162786537
708,520.82666015625,7440,1.34248352050781,0.0897376090966837,0.296606568266011,10.8824331495497,12.8586028178533,4.3885158759204,3.07022715845759,10.4929061889649,4.21208833651424,2.86920147902233,13,2.63905732961526,0.615492439180711,3.92338676407846
515,457.202575683594,3344.5,1.28242373466492,0.00423950778006699,0.171971656821395,24.7269507459415,28.9326143206972,2.16512121587505,1.02760527269833,29.7944283379449,1.2662686511056,0.827006202387843,8.00004740740741,2.19722984481206,0.791722923150637,4.04693705585168
751,474.827789306641,4529,0.50040203332901,0.00896264066507868,0.0382685616951797,24.5663504528743,27.5772142682757,3.12806722906896,2.0395699454186,29.0959252675374,1.75200960747298,1.35721876300368,4,1.6094379124341,0.398980189457507,5.01196773933003
537,570.706665039062,6920.5,0.949957132339478,0.025866798942527,0.101192864114513,20.2157167291129,20.1969753901164,4.34383579405824,3.27432714475015,20.5531311459011,3.87156873924578,3.25245703828257,7,2.07944154167984,0.501120043120965,4.20655655282903
687,266.074096679688,2569.5,0.204309940338135,0.0129263215751934,0.0204412227832229,24.4020313898722,18.0009814085784,2.22110982673829,1.65657886325599,16.7941227383084,2.22110982673829,1.83346656514092,6.9999762962963,2.07943857871248,0.765828065925403,4.45289571350987
708,26.7037925720215,4058,0.195971220731735,0.00645256601094601,0.107065442354905,22.6482782999674,22.8548105716706,6.63281455529638,3.63768536826156,25.218157280816,6.63281455529638,3.66428187914154,5,1.79175946922805,0.153814725063736,4.77068462446567
730,307.826477050781,4749,0.567372441291809,0.0236547493289549,0.0315910117120168,22.0183700315414,21.3315032482147,5.18767048359122,3.82807192108417,22.2002991994222,5.18767048359122,4.2423852485834,5,1.79175946922805,0.897722830307106,4.80128506491438
644,1147.34338378906,6700,2.03423500061035,0.0382358251724,0.086374831826955,16.5943793307068,17.6078575249874,2.08865218017631,1.18659727374608,19.9131968180339,1.68263928678549,0.795303189839988,8,2.19722457733622,0.0860794664007818,4.27047414876813
880,616.091186523438,3321,1.09493863582611,0.00437342821921405,0.0277196928889012,27.1150023019443,29.987534459432,2.45410120478942,1.18959370173599,31.0391981760661,1.32379977536614,0.994826718657815,5.00003555555556,1.79176539513642,0.401854329958305,4.98815651233583
859,879.435546875,5671.5,1.936283826828,0.100399117411222,0.217245181418416,5.7465590282153,6.08351086510555,4.82663926618176,1.88742603231593,5.13560490078396,4.82663926618176,2.41056239276139,9,2.30258509299405,0.773785371115591,4.45318382899021
665,576.660461425781,2044.5,0.329366385936737,0.0114430781962938,0.0207341382796962,22.7321837722614,18.532730710065,2.8662771529248,1.62640202755813,20.6423047807482,2.77483829930632,1.73888102687555,15,2.77258872223978,0.305961200640606,3.72719831841607
751,510.785400390625,4844,0.387317091226578,0.0316260764675036,0.0499422260754869,19.282280899376,18.3735235691071,5.12744382214035,2.53380353575999,21.0470975663927,5.12744382214035,2.81342287725287,5,1.79175946922805,0.572820273824369,4.82964618253608
623,922.609375,3131,0.376778692007065,0.06200780588809,0.130420352189191,12.2559174855551,5.79860704210068,4.68454148095845,2.32111426214994,8.75617815653487,2.24159784433701,1.36937290238263,12,2.56494935746154,0.90834484020956,3.86959716132592
537,766.253784179688,3888.5,0.265852779150009,0.00143584902360772,0.0652438928750527,19.3004710939195,17.3779765658909,3.85225603359466,2.46152222561715,19.0320068359375,3.85225603359466,2.91517462339058,3,1.38629436111989,0.457365212783317,4.89970373338897
708,576.660461425781,2091.5,0.329366385936737,0.0028319238012493,0.00523071802731323,23.6127145705685,18.6254566555932,5.35585255271419,2.29086053894463,17.1566639370388,3.73413680633121,2.69740894622178,10.9999881481481,2.48490566213319,0.174813311027336,4.07753843156053
751,1526.57299804688,5731,1.08147072792053,0.011727292145455,0.0694039125591104,15.799187596639,11.7361296618427,2.98175550678031,1.33898168381505,15.4550253974067,1.21562164419097,0.689985898747163,6,1.94591014905531,0.169035195330869,4.67549550270882
816,316.855041503906,5226.5,0.402246981859207,0.00442385199575668,0.0347197279673885,22.6369601095877,24.0175402959188,3.25962430968885,2.39695173854707,23.1783127678765,2.3529994962228,1.75355378490457,7,2.07944154167984,0.680182905083967,4.62497281328427
944,156.200378417969,2628.5,0.226620405912399,0.00147634597117374,0.0138522511945354,23.813602209604,20.6813082059224,2.93661199292203,1.7529600684812,25.0610087076823,2.09781934154438,1.24556076558532,9,2.30258509299405,0.754827109274255,4.54754107315146
751,986.648010253906,5671,0.727876424789429,0.00563817357788921,0.0890824625307864,23.2798324584961,22.4830660184225,1.94548534057388,1.34919701523802,25.1405606163873,1.90262581096322,1.51622318005341,5,1.79175946922805,0.398007479013199,4.82964618253608
537,484.988494873047,4673,0.335300832986832,0.0476722162453811,0.0818975505236246,21.4503574658465,20.4630020777385,2.56280074187309,1.38823813577805,19.9567754957412,2.56280074187309,1.49919086585779,7,2.07944154167984,0.106310892662407,4.20655655282903
794,769.01708984375,3546.5,1.1646226644516,0.00691689769700687,0.0705206189886383,27.0600087032524,27.8910229365031,1.90920542075574,1.12751563943756,27.9288957807752,1.2493274911438,0.868885188526491,5.00001185185185,1.79176144453475,0.350735666418409,4.88532201671239
623,603.149536132812,5735,0.77396547794342,0.0189065594291264,0.176430519658915,16.2074233106388,16.9498197702262,2.10083950257428,1.47907875456832,18.1687730577257,1.35800576340481,0.972297171154816,10,2.39789527279837,0.581421582787368,4.03665124598908
730,119.035636901855,5378,0.643101215362549,0.0266708890871001,0.044588829295801,19.0641940646701,26.0475527162906,5.2026918103607,2.57183408015169,24.2401170094808,5.2026918103607,4.03044901654307,6.00001185185185,1.94591184217557,0.907536281065963,4.64713269196686
601,685.472106933594,3987,0.516277074813843,0.00157948131635521,0.0624445309308541,19.7608660591974,18.3944351037343,3.45618891897794,1.89070922964619,19.4134629991319,3.45618891897794,2.5904115314499,5,1.79175946922805,0.871058218759416,4.60683546530715
558,1370.65319824219,5389,1.67415952682495,0.013067045345867,0.117584249163208,1.30287606023973,6.43533545902795,1.66293792169205,1.12349494043664,7.59139743381081,1.60734479872665,1.04972166001356,11,2.484906649788,0.443017444317929,3.83945231259331
644,879.435546875,5110,1.936283826828,0.0768347874134534,0.36024608771028,3.07558144160686,4.31663426130251,3.39181471001262,1.95706955717657,-2.59546148512101,2.5641931100539,2.03695878480533,10,2.39789527279837,0.446639119770092,4.06980345330598
837,499.831970214844,4287.5,0.450528562068939,0.00770164540869089,0.0453736526154422,22.5067721007973,21.7369157937857,2.33218429060346,1.33680012010724,25.0755780961779,1.79674431146533,0.951838864871109,10.9999525925926,2.48490269916291,0.306114058375928,4.24492137132656
537,460.484222412109,6892.5,0.231805592775345,0.0252875955962963,0.0440668044620409,21.8509879450645,21.0084997177125,2.68242530076768,1.53443853262398,21.8166296641032,2.68242530076768,1.48715458198592,5.99998814814815,1.94590845593219,0.801849591980098,4.34008963857668
837,974.08642578125,2906.5,2.57073259353638,0.106921576770464,0.314386539539445,-0.16895193826582,2.89196901674626,1.32601132148403,0.74360037186672,-0.934478505452432,1.14742725237826,0.615150027937517,6,1.94591014905531,0.653860072362834,4.78391392143416
708,828.0712890625,3466.5,1.15399348735809,0.00673437427443346,0.125320696375837,23.1354324128893,25.3298661186582,3.47797174442747,1.80589953147438,26.2379600101048,1.53716348691411,1.40422816248448,4.00001185185185,1.60944028280166,0.0930131353926591,4.95300381089206
816,1338.73828125,4668,1.31939828395844,0.0367795301758065,0.164085589505245,0.384259509014839,0.868428530011897,2.03728858471527,1.23259400988311,-3.09875293307829,2.03728858471527,1.35427360500784,11,2.484906649788,0.450175750369027,4.21950770517611
966,879.435546875,5582,1.936283826828,0.192334822350531,0.499333203837555,5.23448077156428,8.18644019232858,2.74694203113073,1.00781318566969,7.60716039869516,2.74694203113073,1.59114499172191,9,2.30258509299405,0.483060873241788,4.57057874121847
923,333.972900390625,5054,0.749445199966431,0.0170157613392377,0.0429663071162985,20.7427940245598,25.0533106486003,5.02753897592005,2.59893879914388,25.3418685489231,2.77451857084236,1.76288414680717,9,2.30258509299405,0.801144641390466,4.52504414150881
773,512.335876464844,4347,1.7194412946701,0.00158879383895538,0.111841743688846,24.4740576214261,25.3673453436957,2.5075610250289,1.07537294801007,24.9397324879964,2.5075610250289,1.52668909456909,12,2.56494935746154,0.823484262210012,4.08532969112589
987,49.176513671875,6097.5,0.103714011609554,0.00916367593199041,0.057551611877372,21.8992311265734,23.4471433851454,4.34204764402075,2.41672522681849,20.6296700795492,4.34204764402075,3.91122249518766,9,2.30258509299405,0.117206813384215,4.59208494643944
665,761.877197265625,4632.5,0.824808597564697,0.0268078087060957,0.084420285977199,19.5411549927086,22.4052285512289,2.62726061067449,1.91117076924845,20.6844749874539,2.62726061067449,2.33731528334989,4,1.6094379124341,0.840742877417776,4.89034912822175
515,455.749450683594,3313,0.55018949508667,0.00501691950218941,0.0341706182903856,22.8583925185666,22.6110908349355,2.60621501451211,2.01624121959205,24.523672358195,2.60621501451211,1.90510009734593,5,1.79175946922805,0.596244346026796,4.45240743143568
644,190.166259765625,5438,0.49260950088501,0.00613808088068524,0.0740812476886923,19.6703549067179,18.8160042354039,5.12348405581015,4.19887742685458,18.5174084133573,4.86394122259964,3.76619044582696,4.99995259259259,1.79175156796227,0.401482579965941,4.67594715814208
515,835.799438476562,2488,1.84555077552795,0.0122853254512947,0.0427524223321925,20.9978885650635,17.7576270148868,2.17302660232691,1.26789136361274,17.6900096893311,2.17302660232691,1.60883895304102,4,1.6094379124341,0.75140367302764,4.63472898822964
687,866.659912109375,6411.5,1.26827311515808,0.0141693193134955,0.107250899527124,21.6008062547253,20.8679430643718,3.31993771549869,2.04389963216773,23.4640785217285,2.65759364237682,1.93633629767358,6,1.94591014905531,0.565790983291543,4.58642414316704
751,1090.40075683594,7350.5,1.82107281684875,0.0234977395899989,0.116629930672303,16.961102175969,19.7259056438099,1.61597399676519,0.841493438389631,17.6336267683241,1.61597399676519,1.14525115468406,7.9999762962963,2.1972219435879,0.763840461235076,4.42418370817624
601,1307.60546875,5187.5,1.04186475276947,0.025146287673369,0.10993865281646,16.2754420700894,13.1887884351943,2.62580467945328,1.55643803399031,14.675157377455,1.87176528128938,1.70294713019153,12.0000355555556,2.56495209250053,0.31491624381717,3.83364284203468
687,143.174743652344,4722.5,0.498963445425034,0.0181795771329654,0.110089222664861,21.7234055180703,25.8179945991153,5.24198948159906,2.69811233343843,27.7249203152127,2.64984570793884,2.18526216396481,4,1.6094379124341,0.0763251326146273,4.92289637978825
902,786.729187011719,4228.5,1.29019832611084,0.024556258799894,0.0339247833447054,23.5912900206864,22.585882335239,2.53191676739532,0.812751535597393,19.7941085391574,0.516993225833496,0.39385554129994,9,2.30258509299405,0.727243310872747,4.50202942706858
537,88.0657501220703,3186,0.192126244306564,0.00204304224007501,0.0474970348272556,26.2881199094984,27.3184610655814,2.87767400996777,1.85157230818157,29.54261847602,1.97547868951512,1.30739561458206,8,2.19722457733622,0.22038081204646,4.08877351717264
580,796.003662109375,5040,0.15797159075737,0.00886126521708519,0.0461122353287884,21.1210178744408,22.1783433669653,5.0653615114238,2.08887077287389,21.0351410335965,1.02579148803707,0.878146263408054,10,2.39789527279837,0.764613382620366,3.96513283074209
537,859.694458007812,5191,0.584969043731689,0.0181400080467284,0.0468341443654161,20.8610244956068,28.6129338219052,3.04782352519099,1.82982334709348,28.6436464945476,3.04782352519099,1.97002261226029,4,1.6094379124341,0.593340822848654,4.67656018207476
580,270.767822265625,5879,0.285229504108429,0.000750424500893132,0.0816439497828014,22.5717078055105,26.4120011829195,4.44136952719352,2.30101935359365,27.2445518069797,1.8526360882982,1.33876711570217,4,1.6094379124341,0.21889939441198,4.75359019110636
944,686.365966796875,3437.5,0.951866447925568,0.0173212028385734,0.0548409321402943,26.0717485161238,26.3846694787343,1.15450419114174,0.713170116727347,25.8211738162571,1.15450419114174,0.865281388159724,5,1.79175946922805,0.866572235404274,5.05836669691745
580,825.979248046875,3682.5,0.90640515089035,0.00251363604349564,0.0956147775828811,25.3912427635603,26.5026940663656,1.98642430675313,1.20264415663117,26.5724559783936,1.30016963350506,0.971949947588598,12,2.56494935746154,0.583537112719246,3.79807874607893
987,444.666198730469,5881,0.609521806240082,0.0293711856778245,0.0884087019080866,14.7665973027547,19.4204446792603,4.22689483402571,2.94473200581753,20.9204604254829,3.6619503245208,2.75905377507311,7,2.07944154167984,0.717367606635252,4.81522849775365
751,1526.57299804688,4909.5,1.08147072792053,0.0142316041876711,0.0801669401854248,3.43135738592036,6.48560536702479,2.66412916086441,1.09740046869577,7.25403217739529,1.22594603001323,0.967963620334487,12,2.56494935746154,0.681327026629126,4.0564562943026
730,728.261047363281,3766.5,0.0651917308568954,0.00251769296827931,0.0431730114816347,24.8221339755588,26.0480186231209,4.7191855179529,2.11579000219804,27.5201310475667,2.60002517910461,1.39247894035103,8.99998814814815,2.30258390780816,0.525944428493814,4.29046062633428
730,816.693603515625,5103.5,0.852921187877655,0.0151485906445288,0.0471415799500363,19.304034497661,20.3157457669576,3.17957848981682,1.70419437252537,21.1321547190349,3.17957848981682,2.06424040301905,9,2.30258509299405,0.831096918016432,4.29045944114839
880,785.163635253906,3242,0.171106830239296,0.0263014727972397,0.0491390415956268,18.6704107797274,14.4559233801706,4.17226288834166,2.02025836192391,15.1931072235108,1.64906978569225,1.27093900153187,11,2.484906649788,0.693932331464926,4.29501525768425
644,1279.55078125,5628,1.67939734458923,0.0733507784924825,0.306676490206726,7.23452384292438,7.03887074788412,5.369514905207,2.04949869831666,8.49453570048018,2.54025803646245,1.23879238763173,7,2.07944154167984,0.677085500515291,4.38825718442452
665,544.748291015625,6703,1.01989543437958,0.030890648896559,0.0820252881736181,20.3993317880938,18.240948260272,4.14843056577288,2.19312380194006,17.7901158226861,4.14843056577288,3.24993004928193,6,1.94591014905531,0.797796138566657,4.55387689160054
923,662.727416992188,4334,1.04276835918427,0.00367097608124922,0.157021211784926,23.5089928493705,23.0227656740131,4.53825433103793,2.02187827632833,25.2130619049072,1.91614851994287,1.57743433481768,8,2.19722457733622,0.345463224747052,4.63040465716663
859,53.243537902832,3167,0.216838717460632,0.000281922496998988,0.0259814060352035,29.8050576979114,25.8870962547534,4.1816004730308,2.04049167712232,21.2914060380724,4.1816004730308,2.88115720183656,8,2.19722457733622,0.0899730866597628,4.55854434464804
601,3.06595373153687,5856.5,0.0348584428429604,0.03225750708555,0.0448710240069552,23.7988504197863,20.9440994686551,2.70029956049985,1.53798321582878,19.7438388824463,2.70029956049985,1.40915030734833,6,1.94591014905531,0.892876281329011,4.45268478547989
644,864.029418945312,2753.5,0.683296799659729,0.00524795742103024,0.10346217143271,25.2869396291753,26.2346893310547,1.9504292400494,1.30034199744005,24.7954464382595,1.86632269145347,1.64953629606008,8,2.19722457733622,0.296768045288749,4.27047414876813
601,598.891967773438,3731.5,1.08884632587433,0.0133539504251843,0.0657661370992813,23.5947459723359,20.634405194796,4.50841270755501,2.51339023572931,23.8487369113498,3.72420658531769,3.05413918770979,10,2.39789527279837,0.131022691331691,4.00069966173684
537,1421.42492675781,7710.5,0.540255665779114,0.0658651072206595,0.177200978551973,16.1635480162918,16.3178359398476,1.77522441564816,1.02636659372632,18.4029725816516,0.416333145598464,0.342575398351589,10,2.39789527279837,0.580518265745778,3.88810282171049
623,479.321746826172,5391.5,0.617364883422852,0.00844595845997631,0.128726814695337,21.253702500046,21.4858657836915,2.12648853237633,1.6265541006237,20.5404701656765,1.97111325355442,1.79422760377929,2.99995259259259,1.38628250919781,0.676985099219942,5.04826400958965
644,418.832427978516,3525,0.935775518417358,0.00779172571944997,0.121219066854071,19.5580398135715,23.8427282686587,2.58500841682459,1.69079167281961,20.6746070014106,2.58500841682459,1.83088935843451,6,1.94591014905531,0.650241048562064,4.52178857704904
816,914.427856445312,2395.5,1.87019574642181,0.169479631694475,0.399632923683274,0.351887207939569,6.16927794501896,4.0212050818523,1.4822234727938,-1.28647503323026,1.3388853832707,1.03513319022775,11.9999762962963,2.56494753409805,0.128964360571324,4.13946682086606
987,624.928100585938,4230,1.09349226951599,0.0100706185310138,0.0439683597040457,23.9399215000932,25.2146697998047,2.35264623104821,1.69482600818554,25.9069949679904,2.19521392207017,1.80908028301403,6,1.94591014905531,0.544912871681975,4.94875989037817
537,119.035636901855,4849.5,0.643101215362549,0.0126164674695879,0.0340306028753972,20.8697932335638,18.9043333689372,4.10800767406385,3.19032691397266,20.1196560753717,3.18266900518637,2.85914534979166,5.00003555555556,1.79176539513642,0.375518046412198,4.49423269937244
987,777.654296875,5462.5,1.47616183757782,0.0140375451168389,0.150930765829482,20.3332319854409,20.4833619320032,2.94981798547522,1.89603936395304,21.9972273932563,2.18033702352276,1.95449717977786,8,2.19722457733622,0.661584618650555,4.69744546209726
665,432.721435546875,6980,1.35246789455414,0.0163170654898508,0.216983666323664,22.3344022771364,24.0837144215902,2.89501798833664,1.84393597858621,22.6510205162896,2.89501798833664,2.33698901590584,5,1.79175946922805,0.305655597096248,4.7080275714278
558,115.143966674805,6442,0.325465708971024,0.0670779053889845,0.291961071161957,19.6173660490247,21.5061483383179,4.43456911072948,2.03099470017636,21.7634368896485,4.43456911072948,3.00040101781411,6.0000237037037,1.94591353529297,0.903328566746758,4.37844542708834
773,477.078430175781,2997.5,0.795574128627777,0.0139912422728479,0.0793421389176707,22.1322128931682,22.7463543574015,7.34074382462979,3.68841421738416,27.7203002929688,6.67247355473057,2.99244573887902,5,1.79175946922805,0.821749015609256,4.85851957935937
2426,937.453601655506,7427.5390625,1.01070928952051,0.0193769126897045,0.1366289526025,16.1019503275554,11.4575312874534,4.34683993483963,1.79971050174182,17.2153712802463,0.615372160541951,0.547430130018738,19,2.99573227355399,0.971586732546042,4.79826681595
2640,595.149952281605,3918.38636363636,1.12465100306453,0.00142332060721445,0.0268776400421524,23.5050520638682,23.6668405144762,2.51889509306916,1.47622005594716,24.7046709645076,1.3086851373225,1.11663092511582,4,1.6094379124341,0.572413141209567,6.26909628370626
1073,855.329956054688,5389.5,1.41610193252563,0.0144292697249249,0.113752403973717,18.1573601404826,22.0964621225993,1.95389867187288,1.24392803181743,23.6923023223877,1.1182333975918,0.930050961054354,7,2.07944154167984,0.261553326563466,4.89877220095086
2533,769.01708984375,3185,1.1646226644516,0.000812285778181376,0.0706897098443839,26.4874887890286,29.1779061317444,2.06806512269627,1.04477733156317,29.498136138916,1.48682076929695,0.770541757129771,9,2.30258509299405,0.576218687912179,5.53457455700763
7857,165.854888448528,3508.37745098039,0.579579175395124,0.000119832637516444,0.0103813082471487,25.6717951328021,29.2602085227108,4.89567042654808,1.72593321873465,30.5450760095467,2.07889782117952,0.844211912950509,6,1.94591014905531,0.944444011777244,7.02324998412051
1009,196.328887939453,3451,0.124801971018314,0.00235856530051137,0.00713071751615502,24.5806935095019,19.4457342077184,3.53890322771692,2.21446729778001,22.6896288553874,2.10100565961981,1.6811626643412,6.99998814814815,2.07944006019726,0.698880565977503,4.83727496015635
1567,633.399108886719,6200,0.340484201908112,0.00408983392965467,0.153435433486337,22.4365010292299,21.6662933985393,2.53917508423481,1.84020009293476,22.3038451300728,2.53917508423481,2.30946655963996,5,1.79175946922805,0.87030732503635,5.56515877312797
1503,542.655094691685,6307.23809523809,1.07012739635649,0.0118344468891275,0.179786348322488,19.4396489455403,19.3239116244846,2.12814068219183,1.64770936753113,18.8546689270665,2.12814068219183,1.62710787394008,7,2.07944154167984,0.479934511721306,5.23577684807314
2597,854.047501314603,2379.92307692308,0.26522068977356,0.0690946489461363,0.106859623628858,19.3154340906514,16.7377384686363,4.15364133423809,2.23861043125072,20.1675741472815,3.67105041915738,1.73736499450727,14,2.70805020110221,0.902918397055403,5.15406201056054
7513,170.265757215784,3035.28342245989,0.667932689824003,8.33935922039608e-05,0.0622815145198272,26.2754260794719,29.640699821785,4.6937208819779,2.54437452909396,33.1378078816551,4.6937208819779,2.94650767997535,7,2.07944154167984,0.0661926531941037,6.84494859068932
1438,102.949281087736,5814.96341463415,0.859244184523094,0.00887471343999276,0.138573654449472,21.8743312211417,23.2739995360513,5.95081673087796,2.88393612204752,19.3506429884169,3.92251588745185,2.80032528511682,11,2.484906649788,0.31086642467956,4.78610188849299
2447,139.619941219207,3248.78225806452,0.0920122357145432,4.28071485078274e-05,0.034504989148097,24.4079726748996,24.6541311458086,3.50464396679246,1.78651863674016,25.0346921093575,3.3119386285341,2.29954468248435,10,2.39789527279837,0.210755283003636,5.4047227906443
1224,849.817626953125,5101.5,0.693582653999329,0.00795874943544916,0.0524713054638717,20.1551415105021,22.1131165981293,2.42344320034833,1.70159817491537,23.536002307468,1.35216680768107,1.13265258489966,5,1.79175946922805,0.548839027261266,5.31811999384422
1245,780.586320206926,5237.52702702703,1.49218019279274,0.00603400836246237,0.0769092273025071,18.346577451895,17.3243941710876,2.41322257657465,1.24457026787059,16.2923432507673,2.41322257657465,2.10216673466692,10,2.39789527279837,0.868893911005909,4.72899553610044
1073,869.809326171875,4793,0.642109036445618,0.0240041584912518,0.15084016235561,18.4787061834848,20.8353477023898,2.8563569279916,1.10150936137665,23.4714095221626,0.78084033292364,0.579994551086709,11,2.484906649788,0.923622848520254,4.4933070928427
1610,169.205579535906,3158.81818181818,0.223351060651069,0.00370005423508763,0.0868260844738477,25.4706281052308,27.1993536168878,3.55248258619806,2.46568715584159,26.9404499015423,3.53948526086687,2.57215040776836,10.9999881481481,2.48490566213319,0.17974065300696,4.89908379584532
2726,1096.89459086573,5685.95348837209,1.84698696330536,0.0410518506455543,0.0881405366469366,14.3890761220177,11.8337968725907,2.97120596250484,1.59831475003827,13.8300962403763,0.844991586152133,0.708317844606088,16,2.83321334405622,0.0322761349076004,5.07737726820026
1052,1263.45070043103,5026.37931034483,1.87099051475525,0.0321833214217652,0.0912541897318044,0.0752434079086584,4.09082258064763,1.35972222731972,0.919579274196724,1.57590074502644,1.35972222731972,1.03101200901126,4,1.6094379124341,0.879007447111317,5.34901048086356
2447,1333.22327013983,7275.24637681159,0.633502155110456,0.0335259468254016,0.105506585223572,13.1941674679373,12.6675324768426,2.82829073441689,1.40661913120286,14.3461088982181,1.29332843863204,0.766559372580869,18,2.94443897916644,0.052647765803307,4.85817908427623
1910,529.683000235722,3913.83620689655,0.361998356621841,0.0123941714809529,0.0524130652319931,22.8755519858457,29.6594526159352,2.40920640412596,1.11477429276305,29.451491665018,1.7635265906849,1.26797767870058,8.99996444444444,2.30258153743217,0.239518180683085,5.25227698360851
2748,1068.05481040641,5751.38356164383,0.894887137494675,0.0169993659481955,0.156170319565687,17.9366330644674,20.8797757048585,2.91654103394619,1.48529197667919,21.1289494675589,0.904137346587636,0.684332166863883,12.0000355555556,2.56495209250053,0.0581459125578249,5.35367656084171
1331,271.996241642879,6014.07692307692,0.286546420592528,0.0142231046670551,0.115646939128752,20.4820943824511,19.5758917669966,3.03253427767834,1.91590041477314,18.8245881333312,2.31035983486839,1.74042598238906,7,2.07944154167984,0.469320676793178,5.11424427671528
1631,866.659912109375,6235.5,1.26827311515808,0.00504626229228222,0.0478798525121427,16.2748899459839,14.0821124443641,2.37077838864894,1.4503595755683,19.3859706878662,2.07724377837335,1.19850671272025,10,2.39789527279837,0.623445162065378,4.99905332982264
1395,19.8350205140955,5124.42857142857,0.208906671580146,0.0363543344543871,0.0405383588068803,24.4260514219784,24.3756953971096,3.76277267017403,1.21089575706012,25.3822470892043,2.82429276063682,1.70481475616439,15,2.77258872223978,0.665308737974819,4.46806097201569
1138,994.251037597656,5583,1.71729052066803,0.0017899359767739,0.0134156587667391,25.5127986456758,25.9002818425496,3.45334761754807,2.24631819556501,26.3948044670953,3.45334761754807,2.53433343487696,11,2.484906649788,0.891332106824842,4.55212096489828
3413,268.083053234012,4146.1724137931,0.953524730926336,0.00915664101984113,0.0975230337670619,26.9760911611261,27.9032524144762,3.49196883073531,1.59963002274827,29.8768602407755,1.34214755095263,1.16891690689206,8,2.19722457733622,0.562156796771894,5.93812237157049
1932,832.415224272629,2902.51724137931,0.196396079556695,0.0142831637972281,0.0380287533057968,20.0592373154541,15.3017998464223,4.64578873793643,2.24809552427715,21.2201948480131,2.11323527517686,1.49321360922328,20,3.04452243772342,0.128422366845407,4.52178857704904
1009,576.315856933594,5759,0.755308747291565,0.0423667256734568,0.120900638719334,19.8791138515678,19.8108871318676,2.80872138980787,1.37179116220614,20.5243927001953,2.80872138980787,1.62707898844561,6.00003555555556,1.94591522840749,0.717902757328539,4.97079979194612
1116,801.370910644531,4454.5,0.525042712688446,0.00213526550470178,0.0570783605767211,24.0584381554717,23.2931182861328,2.73810938023856,1.69326090833969,23.5341422186958,2.73810938023856,2.08919589730484,7,2.07944154167984,0.903759725477009,4.93806460126142
2576,718.197778320312,3255.27464788732,0.459080222249031,0.00879211383154529,0.123508990454461,24.9327182202645,25.6960005582321,4.3714695443574,2.61512492767721,27.6358271083922,2.42887305726823,2.07247692924494,8,2.19722457733622,0.111529614772319,5.65676850988802
1181,623.587056477865,3970,0.622323840856552,0.00776317904811208,0.0298645003696159,22.4945633672899,20.881535713761,1.95582738334739,1.38987987484364,20.9786502414279,1.95582738334739,1.35533180741712,3,1.38629436111989,0.0697282611924034,5.68782245507747
13094,291.450543301347,6081.72173913044,0.509568045450294,0.0250373482297698,0.0490643449447851,19.8044176875067,29.046505615216,3.80136153080994,2.04196566573724,24.097825584473,3.80136153080994,3.19419236297353,9,2.30258509299405,0.270459185213906,7.17732429600699
1288,591.64794921875,2996.5,0.272329300642014,0.00110194010018816,0.0102557708574373,25.1405792728547,19.222957327427,4.51230107303739,2.53378518451235,22.3170980241563,4.51230107303739,2.90883886808861,10,2.39789527279837,0.689879917298512,4.76295063386593
7213,297.221784735445,7287.35175879397,0.985045412077976,0.0211981634051576,0.0632271727214176,16.9331978127519,15.7664897331241,3.471082243371,1.70902443961397,17.129110529914,0.755962775335525,0.52400115661041,13,2.63905732961526,0.205730262228212,6.24458290288841
1696,226.192821044922,5146.16326530612,1.06569558620453,0.102045804975826,0.160365728973361,12.2218297722728,16.8839890473554,2.29329348110836,1.24149204583225,15.8019369856301,2.13391073001516,1.13935546171349,7,2.07944154167984,0.597680544864317,5.35658627467201
1009,699.312051773071,6201.06451612903,1.46370527893305,0.00211369471120583,0.0486759470603798,20.5035197266927,18.7525414682204,3.55798732532632,2.23063054351576,21.3746385280377,3.04558542733611,1.63518269806188,13,2.63905732961526,0.714301378221856,4.27765769073835
1803,119.507530544115,5167.73913043478,0.208405518661375,0.0272037400514071,0.140877676438079,22.3791039987462,22.1036635314401,5.08383056079529,3.71407316276137,21.38389407356,4.86584104019764,3.51278108222931,6,1.94591014905531,0.449538283276736,5.551297074148
3070,300.559265136719,7104,0.769343554973602,0.0648774736474884,0.163985874087082,20.3698022370698,20.6830800605543,5.64083561161037,3.01358517634717,23.4510761260987,3.67360555151411,2.2402352235789,8,2.19722457733622,0.797040999185199,5.83220826324502
9445,576.309387966805,3714.84232365145,0.920878108606299,0.00669610123582121,0.0417675376124337,26.7663843549743,25.8299726749688,3.38162843377168,2.18441521722718,27.6454144827393,2.95798295330434,2.40154365360856,13,2.63905732961526,0.707971405230931,6.51418345032035
8264,129.890007814525,3754.04739336493,0.593781302961128,0.0117562111652545,0.0138389896065984,26.5634842302301,22.8775411961392,4.48781114924599,2.05166060402854,26.5136094600041,2.50357319435866,1.45920168558659,17,2.89037175789616,0.909355803007482,6.12929225290331
1288,202.105133056641,3175,0.543885767459869,0.00248914048587423,0.006649356174524,24.8856011134321,19.4740716863561,3.70598871480056,2.14197275842713,22.9678732977973,2.5299905113881,2.08044454014236,15,2.77258872223978,0.714722320199393,4.38825718442452
1996,87.6401461791992,6331.56,0.689071686267853,0.0334724052776366,0.0931944315076963,20.7706411160705,22.8417346289219,5.48456607637377,2.90520356382972,22.1458182610406,3.20113469492295,2.38623050364341,10,2.39789527279837,0.556399204573028,5.20100518407304
29880,571.178062955099,6633.86547911548,1.12271263414643,0.0150988452505068,0.293479854677543,22.7439299322788,22.7926336545459,4.5345247193534,1.73167939086448,22.4501352340903,3.0179988735779,2.37313764884897,18,2.94443897916644,0.0972943399898041,7.36050566008031
1417,153.085536147609,4301.28787878788,0.37068358244318,0.00147531223760846,0.00606720796545069,23.1057495809527,21.8641863273852,3.88280801880135,2.39999560113641,21.7519998364176,2.28065151827533,1.95848240468532,7.9999762962963,2.1972219435879,0.499928267150618,5.05907529610278
2039,697.937947221236,3581.27272727273,0.276237005537206,0.00363587425804894,0.0262955910832926,20.7108239062954,22.7009523664202,2.08533030288118,1.50990993933343,23.6727435795949,1.57359688526437,1.26811266695548,4,1.6094379124341,0.828391984854774,6.01077685814036
1116,796.520307268415,3339.55555555556,1.57937089885984,0.00227484128301891,0.0538326337271001,27.652022895499,29.5619297034834,1.36168508966407,0.724547942565757,29.6747609001129,0.774553504413451,0.624901090586963,10,2.39789527279837,0.880664110330909,4.61961087014289
4787,362.143346817767,3848.55785123967,1.10224012664107,0.00469714285128005,0.0127560222662746,25.5644212101573,28.3080492522325,4.41655532677333,2.83515849137771,29.2548276153369,3.79468159844981,2.75560368024333,6,1.94591014905531,0.425285273289604,6.5277490403372
11484,204.365204138258,6650.02599388379,0.560038319760305,0.000193794475721644,0.262540900952073,21.3606572696244,21.8975085145854,5.81211090722187,2.91572955538863,20.3027067170838,4.8883781098251,3.93562073973956,11,2.484906649788,0.552433444463932,6.86380339145295
4036,822.994132663893,4630.71739130435,0.77559529957564,0.00202342901343446,0.0374768568683804,21.1811110358753,21.2760612418686,3.06699315640803,1.88574081320287,24.6572964765024,3.0066238844498,2.18672202736196,17,2.89037175789616,0.505505145269973,5.41263762357733
2898,405.195465087891,3804.5,0.384945631027222,0.00609066151313442,0.0579975925896612,26.4232726230416,24.3943526373969,2.62645539984133,1.51527129097367,26.7404959360759,1.54023077450546,1.05348832057302,9,2.30258509299405,0.319426186489535,5.66919102988658
1610,799.502882354113,2931.81632653061,2.34592901443949,0.105887450324509,0.314073190167175,0.190090245153328,6.64123415914526,2.94821805645569,1.4984891847773,-0.81870657819195,2.59133389749827,1.74028174750593,11.9999762962963,2.56494753409805,0.504762129626741,4.81904192388046
4121,271.067524761235,5126.81018518518,0.361238821110594,0.0316052996404887,0.0480956557471593,19.7946134343179,19.294547693229,4.72481268276591,1.84919708183895,20.9537208180368,2.03728634513438,1.2416209700878,7,2.07944154167984,0.0211645644651096,6.24440958965898
1760,627.192504882812,6744.5,1.93941915035248,0.0675172560762007,0.142343787977161,21.9137439604728,19.055441236496,4.78678507905108,2.7065924641299,19.4471253712972,4.78678507905108,2.95976540024791,5,1.79175946922805,0.293560958197384,5.68130961880414
2640,202.384001079359,6992.73026315789,0.475980906110061,0.0174902054082918,0.0893603584432551,20.1878512820215,20.1867977168074,6.15714707784793,4.9956241374209,19.4993615825275,5.79214722565773,3.87612388754442,10,2.39789527279837,0.417625867049212,5.48063892334199
2404,599.669189453125,3828,0.698229789733887,0.00686678850667732,0.027011532670155,23.0442709030644,26.9625476360321,2.07365206337928,1.22240754818981,28.1372833675809,0.926804442965639,0.608814802681125,13,2.63905732961526,0.272489810891915,5.14583196603984
1481,1092.3599480523,3305.7,2.5663523250156,0.105555564972082,0.324677707798695,0.539555329116013,5.96543278399815,1.92600003795983,1.08310108280706,-0.436710734426185,1.92600003795983,1.19388965760509,9,2.30258509299405,0.753510558868274,4.99788772127375
1202,491.185037949506,3248.63636363636,1.10002360799733,0.0103670354109024,0.0377929433137273,28.0958763737834,26.310732755895,1.56503183867106,0.952046017169048,25.0305014112582,1.25030450752038,0.953982655910009,4,1.6094379124341,0.920653126744616,5.48230420266105
4615,784.564208518458,6547.04961832061,1.51808461524148,0.0192056794852015,0.0817894298853345,17.0360220351068,18.6378777540368,2.15568638774907,1.05831343298673,16.3136620884735,2.15568638774907,1.43402014179155,12,2.56494935746154,0.186810746311915,5.87211778947542
2318,524.743329448085,3353.33870967742,0.595768211349364,0.00126467998335194,0.149979040919315,24.8368344453928,26.8218358963906,3.65806787966509,2.07338690880972,29.2244110873096,2.73763905631533,1.84968908716872,6,1.94591014905531,0.427212980090291,5.80254987484438
1181,799.923583984375,3801.27419354839,0.321174533136429,0.00434026570938314,0.0427046803352523,22.8416610170864,22.2184470474079,4.14640358100067,2.66238361538457,20.01710025008,4.14640358100067,3.11376877401512,4,1.6094379124341,0.591403774003304,5.46467890376326
1030,463.114769829644,5599.22222222222,0.127833737267388,0.0284358357484141,0.131144301701689,19.1408515835986,20.5719926007173,4.66636804783791,2.49681071409474,19.0502906092891,2.32541283219238,2.05628903758229,14,2.70805020110221,0.273016748073405,4.22926388012147
2061,901.968913416709,4029.58064516129,2.25278502414303,0.233924288613444,0.388446479131097,3.43265548491706,7.79359696073027,4.59460257975068,1.57037507927988,3.99582127396781,2.35031879384174,1.52157083352272,19.9999881481481,3.04452187334937,0.668287169581966,4.58642470754109
1159,742.936889648438,4913.5,0.489504814147949,0.0636096583391819,0.216737789592418,13.3542959643949,12.3707217534383,2.18417106866069,1.78464040753906,12.391410446167,2.18417106866069,1.85806952250873,1,0.693147180559945,0.754023139250875,6.36216566277981
1910,370.2385857322,3602.19318181818,0.456726084378633,0.00392987045961264,0.0152198242951229,26.7076549574776,27.5690816474684,2.90123316672031,1.51316859323216,31.4319215292882,1.24597242753822,0.845567029403038,7,2.07944154167984,0.0578106547651878,5.47541697936084
1438,563.769300981001,4503.36363636364,1.07957548309456,0.0518362144608011,0.154720770766787,22.1218822691176,18.9814821202002,1.77951867749472,0.839468251941206,18.7144723795882,1.77951867749472,1.35956038283863,4,1.6094379124341,0.999934876454332,5.66157062584689
2855,498.518574590268,3410.59420289855,1.09497681907986,0.00383010022206734,0.0381502670491564,26.5687363156579,28.3440803638403,2.82554173931109,1.15500432920232,28.4087870218519,2.22600183526778,1.17753891219213,6,1.94591014905531,0.310780678100207,6.0109169730348
2168,545.119013859675,4244.96153846154,1.66651640030054,0.0268552503553353,0.0488057466705934,15.5476205780054,14.3600304676937,3.55489247301739,1.8806824654109,14.5508795452933,2.12556588837207,1.25947537936122,7,2.07944154167984,0.551320215298833,5.6021188208797
1181,755.803771972656,3611,0.13211839646101,0.0194902349230368,0.0663931317110595,20.1330337196268,20.6398379734584,2.76306620596102,2.01589227398759,24.0987167782254,2.22593073153443,1.74015585343912,4.00004740740741,1.60944739387063,0.130536025469303,5.46466942232673
2147,400.357520913178,3839.47169811321,0.45151645394991,9.67093013695508e-05,0.0137126452642683,28.6925526904344,28.6091024141559,2.56304280842248,1.48815997356848,29.1929027293464,2.56304280842248,1.86490117521944,6,1.94591014905531,0.426278925211795,5.72591664882347
1030,755.594006347656,3072.25,0.602895337343216,0.0174249541233038,0.0365062332798736,18.7116464869181,14.8391634877523,3.11468259875185,1.64244608821314,14.9512925465902,2.66788199214452,1.12986855910519,7,2.07944154167984,0.929874498962451,4.85787253954385
1889,902.102111816406,2319.52941176471,0.193727264037499,0.0591733199327736,0.0982083882123939,19.4083038848839,16.9107008312538,4.17629335698728,2.23407183106927,20.3328191520342,4.09274525766382,1.84414453564825,14,2.70805020110221,0.534865029281115,4.8357526663993
1417,41.4196406470405,2951.28571428571,0.545000459584925,0.00286060211281379,0.00704731534759365,23.0837843430573,20.8947710414877,5.84747275878431,3.03159122479075,22.3052397652278,5.84747275878431,4.11943473130425,16,2.83321334405622,0.652924284122301,4.42308389563446
2533,797.137587856239,4558.5985915493,0.235521827785062,5.39480626565271e-05,0.0166044439535387,18.7251410796235,16.0435374320909,3.61544009494215,2.16500605216885,20.4626481684535,3.61544009494215,1.98933874154607,10,2.39789527279837,0.432442373451488,5.4392643772033
1417,245.663405568976,3158.15789473684,0.196362569928169,0.00278076232997443,0.00313921931665275,25.6694262553693,20.5159769008034,3.92920245049742,2.4543859006886,19.5863380744443,3.92920245049742,3.48720543861592,9,2.30258509299405,0.0796013603199934,4.95371214669663
2018,274.303140677658,3746.96,0.372954955288008,0.00254386753674936,0.14279222246412,23.3713403998482,23.6399385706584,3.28224532377713,2.44692099563426,21.2679690975613,3.28224532377713,2.98113038118739,5,1.79175946922805,0.615639699326336,5.8181027316855
1030,1202.99326804832,4576.71428571429,1.40845425482149,0.0113639195792738,0.0732096063372012,23.7770442517306,23.9174657237773,3.23243460677801,1.99010404849067,24.7265021127369,3.23243460677801,2.52250925708808,4,1.6094379124341,0.0538536658388468,5.32787616878958
3735,1044.86717693622,2977.08173076923,2.52664740727498,0.0786971646155498,0.302689905988091,-0.543948502142257,2.87609894355614,2.22028036329256,0.914551047026412,-1.69108738695451,1.29023887908538,1.02036237528921,23,3.17805383034795,0.564652217568965,5.04744926721897
3606,750.043457654058,3000.22680412371,0.332618253267541,0.00374055871106498,0.0769309693497664,24.9889391572478,28.5960106252122,2.24816141289131,1.370048000689,27.2037417342983,1.63598441740781,1.12043182358167,9.00001185185185,2.30258627817853,0.702098675068911,5.88776812558473
1073,1438.49694824219,4509.5,2.29780888557434,0.033695746275118,0.0927051726786807,-0.888526889255957,6.95822124481197,2.33393252623821,1.39797699925069,4.35103123982748,1.0761401604199,0.735140050866585,7,2.07944154167984,0.776357943761002,4.89877220095086
13309,1232.40947128081,5016.22471910112,0.303811159834895,0.028716049468627,0.121012767180508,20.8168697871519,23.8814445251532,3.98451482570489,2.17325657309817,22.0005376741979,1.98415640227694,1.74210196156008,9,2.30258509299405,0.131564341496949,7.19361068409251
1567,440.024399175877,3843.3625,0.842923248686442,0.0108419344674644,0.0196895835340072,24.0841659668953,24.1205001322429,3.01244720334593,2.23219324709629,25.31370133294,3.01244720334593,2.49952972736733,7,2.07944154167984,0.509612454857433,5.27747670067618
1309,712.129258219401,3643.98333333333,0.36278769771258,0.032974517672221,0.0756182629439093,20.2124195618442,22.3382799925628,3.00806909179136,2.11401525941944,23.0612322630706,2.53371581661775,2.03087687649473,3,1.38629436111989,0.862174949041541,5.79072440479001
5238,767.772607374561,4745.53488372093,1.17946092980777,0.0023856279056701,0.0204741164253549,26.0932212675374,25.0627028121505,2.95762849329978,1.49783149647294,24.9946895172225,0.690885237427682,0.570506458286436,21,3.09104245335832,0.042172199580859,5.47265257170934
4121,641.065955528846,4000.85576923077,0.587619611850152,0.00774364569275248,0.0338869745881236,20.4841863226753,28.8735776928416,2.40547944958005,1.42191606632269,29.2425077976325,2.363736674627,1.33121598160885,6,1.94591014905531,0.961847828112818,6.3779409822835
1374,165.615951538086,3060.75,0.222225837409496,0.0184673843689325,0.0192403227103029,24.5716817999399,20.7020095189413,4.04197034767448,2.47859672989526,20.0968395233155,4.04197034767448,3.34184765382308,7,2.07944154167984,0.790942199029767,5.14603993110246
2168,115.67574603741,3314,0.244668832192054,0.00274136033608649,0.00735246382227135,22.9940647100003,20.4858067893284,4.48147579312171,2.30488396561158,23.7289945423094,2.37505072505192,1.6446211130819,11,2.484906649788,0.0612358069429394,5.19665371277154
1932,526.829001108805,2161.4693877551,0.3137594734629,0.013769943563216,0.0252672496351254,22.8064868477196,17.8571042133657,4.42030097428917,2.33119904696917,17.5119947437797,4.42030097428917,3.16969646716069,6,1.94591014905531,0.172713828697134,5.62040086571715
6955,405.055391618007,2593.82984293194,0.763347559333465,0.0142328066141107,0.0332761588589172,24.7113796314664,28.0959771425698,4.44381280087031,2.6652989718273,29.6885714907643,4.2209796805299,2.37297320540549,4,1.6094379124341,0.399616033945184,7.23777819192344
10304,565.089469143892,2115.0687732342,0.164477144402615,0.00708111069431494,0.0290800567056134,23.6104713280596,23.0617063028797,5.08112229996517,1.24181536777834,23.1362282224748,1.15362757070383,0.868242601562772,18.0000118518519,2.94443960294792,0.390454251824415,6.29584784539621
1030,249.64727640152,3530.484375,0.201255940832198,0.0114935617747314,0.143699267447186,26.7143478817411,28.6603783925374,2.68041822385629,1.69073933302075,29.0545756445991,2.62036622259672,1.84470870834712,6,1.94591014905531,0.880891174928814,4.99140393216837
3714,145.861083984375,2989.99484536082,0.358923758069674,9.76378610210538e-05,0.0572509765426459,26.6132465021716,29.8556819024365,4.32408213471336,2.46274949502168,33.4745712463799,4.32408213471336,2.79449560085119,7,2.07944154167984,0.0454957568179095,6.14042320023282
1331,196.327789306641,4588.5,0.191517874598503,0.0421894964747445,0.170879677394865,16.0377220153809,17.7289712221195,3.93763811327848,2.67674181896061,15.8827958001031,3.43933498095469,2.57628031582311,22.0000118518519,3.13549473122692,0.744790072100143,4.05819108716819
1224,405.016841888428,4576,1.11125476062298,0.00769865119728408,0.0365769528389599,24.9111228122506,24.506146367391,3.4987849289636,2.07143341325849,29.4418545193143,3.4987849289636,2.19102520260453,5,1.79175946922805,0.0391913123511906,5.31811999384422
1460,790.884878540039,4262.31707317073,1.63599454313517,0.0159057116530673,0.196843527061127,20.7920022276671,24.5612517903139,1.92791316928257,1.19657955408054,26.8363446656928,1.57017165082269,0.90873354187399,19,2.99573227355399,0.0801289433090308,4.29045944114839
1932,631.192694413035,6904.78947368421,1.31033147636213,0.0224514160429223,0.162709548638916,18.8294578797636,21.2253513620611,1.72794411360779,1.01176739086601,21.3091432314868,1.58761670935462,1.03901691634986,8.99995259259259,2.30258035224207,0.687634582140647,5.2637306625304
32263,432.333960075289,3996.76053864169,0.97265561472895,0.011170011692332,0.0697902383831351,23.2626585375158,25.5859284296885,2.59480040092275,1.5477649239797,27.7943608035093,2.54031440337056,1.65867667401547,10,2.39789527279837,0.512383844785079,7.98378106897745
3585,1076.72741699219,5104.01546391753,1.13683915138245,0.00979861219459736,0.0978773454015198,17.7081553656894,17.9142167430712,2.07695741293016,0.885984779654464,16.9473858543824,1.50991410179549,0.871849202324905,8,2.19722457733622,0.645776912095136,5.9872891756975
2275,692.181789710873,3575.46721311475,0.56903073045074,0.00910892067971235,0.105215170742025,22.9301604698097,25.8895528084594,2.39813357249809,1.87865573386696,26.27030467188,2.06955808913696,1.79298849050683,3,1.38629436111989,0.0816805853914538,6.34344097026516
1116,574.068587239583,2192.35,0.226252533992132,0.00398709371478579,0.0278941878550827,23.8053687475061,22.5054677186189,2.17092803462596,0.94560242832963,21.6691822193287,2.17092803462596,1.49503024882648,6,1.94591014905531,0.226347494782419,5.07159599388594
5023,1172.96845545913,4583.87593984962,1.11267768072359,0.00293324733011076,0.0336673920187471,26.522562611133,26.197588012001,2.39374772019735,1.37959361090841,25.5048811929267,1.82640411594644,1.1811326342533,10,2.39789527279837,0.355825493440317,6.12388737095167
1631,579.901086425781,4958.14444444445,0.364774480130937,0.0185215867391094,0.160008482115464,24.4251882432326,24.6412020047507,5.50348644190593,3.24190996661786,23.507267690588,3.8731998607193,3.20498840460001,5,1.79175946922805,0.440741324496171,5.60518913339296
2039,587.546101888021,3613.07407407407,0.667364486941585,0.0173983322850862,0.0391930606578361,20.7812855253495,27.5192854622264,2.14801873631075,1.50880191379402,23.0115513460136,2.14801873631075,2.00257869762758,9,2.30258509299405,0.691436169082721,5.31762967758041
2275,709.165902944712,5015.66666666667,0.410921018398725,0.00872292450886001,0.0788554369332451,23.7018669884148,22.4287178723499,2.48263389584449,1.72434506487276,21.69531963875,2.48263389584449,1.82158807088112,9,2.30258509299405,0.823128008794304,5.427150238391
1352,832.953430175781,3821,0.685582637786865,0.00598607792920802,0.0265151960006662,25.0161736888271,26.1422988732656,2.21822860618117,1.54341196120901,28.5311690860325,1.8757795670989,1.61822406684775,5,1.79175946922805,0.759935068161772,5.41758078737485
3993,304.595576736162,5013.82075471698,0.39793596219904,0.0218606410661579,0.0589246755779745,22.9903746536233,25.8206944039783,3.86596640905649,2.09639214441829,27.2362014546584,1.69103567965055,1.12327238781972,5,1.79175946922805,0.598132041590299,6.50053863783517
1202,597.414733886719,3946.5,1.0817699432373,0.0108273227954925,0.0404072884436708,20.6456714630127,29.5204035864936,3.03870525701601,1.59679359746559,30.1113385518392,3.03870525701601,1.7640301198604,6,1.94591014905531,0.193540855025688,5.14583196603984
1009,635.816240393597,4092.23913043478,0.767935301946557,0.00051778763761497,0.0190986553004022,26.1417596764406,28.5710533722587,3.54855470650733,1.19636930842499,26.970518523138,3.54855470650733,1.61826401424944,13,2.63905732961526,0.604633200033746,4.27765769073835
3113,495.642248535156,7003,0.954242867581985,0.0164499970824699,0.0988680655229032,21.5278337926219,22.8940212220987,3.93654420994102,2.70725626604663,21.7112617293214,3.48724568486934,2.7370113341845,10,2.39789527279837,0.598411806308089,5.64544689764324
1653,820.762220594618,6157.25,0.55356388952997,0.0423729198412875,0.124742091892992,17.796445813743,17.4448125546571,2.71787266409853,1.14181878897201,20.257783885061,1.84423750768958,0.996753439178391,11.9999644444444,2.56494662241506,0.498472521751074,4.84540047540596
2597,935.884966450353,4142.11290322581,0.441993057247131,0.00436340021841321,0.04357808785395,23.5816203267881,23.2801486476775,3.38358422784153,2.62108694409131,25.4251000612867,3.12647110020929,2.90175490601472,5.00003555555556,1.79176539513642,0.635689487836736,6.07034681652633
1481,670.677001953125,3213.5,0.0949526652693748,0.0483435051562182,0.106048402391469,7.60217839722998,3.86537230075942,7.28567700248373,3.11467496153173,0.434478590223591,1.0128030830034,0.726171783120673,10,2.39789527279837,0.529241389542635,4.90257754146943
2039,701.304114248238,4234.75490196078,0.836409844604193,0.0275616654109026,0.0374338275827734,23.6340738013,21.8302436828614,2.64161816503603,0.807107426601532,22.1296468423083,0.443823847026256,0.289960053275506,15,2.77258872223978,0.781361339461367,4.84762604833467
1546,55.6521797180176,4801,0.107631117105484,0.00326863635262953,0.0037927909800608,22.3417553159925,18.9763644478538,5.12482856138383,3.03073364738196,18.5742177327474,5.05594973432719,3.75554747087346,8,2.19722457733622,0.998347345599334,5.14620165181115
1009,195.105987548828,4445.5,1.29757308959961,0.000909007502283288,0.0442721455070512,24.9224166747063,24.0993120034536,3.68656564477318,2.56312865797931,22.2033102671306,3.63535260461034,3.25301950681156,5,1.79175946922805,0.787795479026034,5.12495555112555
1095,140.993148803711,3336,0.0451409034430981,0.00241900197701028,0.00342017957520113,25.1595513210502,21.5103899456205,4.35741256970652,2.564890224579,22.9629033830431,4.22863678617015,2.66116357726565,11,2.484906649788,0.850877190301958,4.5136029924626
4808,738.137450225594,3328.57364341085,1.47730406864669,0.0254852051899695,0.0797668237971687,22.7399940154628,19.447252557444,5.53938661654098,3.10188917032912,24.5498094005075,3.13042432707848,1.7267657946222,10,2.39789527279837,0.481875837445355,6.08014120341667
1760,404.150054931641,3075,0.33629047870636,0.00959308665422043,0.0411743253098642,22.988895198863,29.8965262730916,1.85545485778511,1.28160193658303,29.6787622663711,1.85545485778511,1.33248028731606,3,1.38629436111989,0.547727422113512,6.08677472691231
1245,260.339147714468,2794.73076923077,0.16418277988067,0.00469743497019146,0.084762883001672,25.4585898712512,27.0814248859373,3.66260684034736,2.33848701023858,23.7998294928135,3.36161319948137,2.82526335576312,12,2.56494935746154,0.65848172377517,4.56194145143727
1653,442.362596130371,6836.5,0.967011773586273,0.0134845813712076,0.0708680294355375,23.8231584118259,21.361026763916,3.75476842505215,1.97515840581301,27.1354390886095,2.9591702344741,1.98584113039657,10,2.39789527279837,0.0764430365127656,5.01245182502265
2640,-0.390126608200927,5262.76865671642,0.0362171596950955,0.0448760834030991,0.0947651917721369,23.3874712306565,21.6347421708985,4.16193594987937,1.08956820338675,23.2126942863907,0.647106400825919,0.382799275002886,13,2.63905732961526,0.0558183710310433,5.2394768665251
4422,757.617903645833,6029.90163934426,1.17161644349496,0.00544800173734782,0.116257592114406,21.0369611738432,21.2124721329069,1.54640052953944,1.01025828679304,21.8861100910792,1.46650768719535,1.038163739644,5,1.79175946922805,0.48496555238323,6.60258789218934
6354,227.995422029756,3903.46448087432,0.421641179121257,0.043247308788977,0.103980942112091,19.484837350902,27.4982832518649,4.09973631434107,2.84569422313439,24.7690431223107,4.09973631434107,3.45802121792185,4.99995259259259,1.79175156796227,0.0840881875713348,6.96508824686719
3241,110.097485012478,3533.12962962963,0.288064421143061,0.00192574495158859,0.00607797710282211,23.2197790796343,20.5889531601605,4.57466668889067,2.34165412019125,21.0621714446771,2.88524520992058,1.87534379857709,13,2.63905732961526,0.504543484911432,5.44457987352629
1030,889.769533284505,2459.98333333333,0.373410057028135,0.0116534966674142,0.0829866798428843,19.2050673577094,18.6099409543552,5.48266866798826,3.33594332691262,21.5830831739638,5.48266866798826,3.07143942951471,10,2.39789527279837,0.033194550425472,4.53941880842531
1030,663.912475585938,6246,1.33767759799957,0.0174862197095322,0.127973987789321,19.181302253149,19.5349622481909,2.87747743235485,1.74123854172807,17.8796616024441,1.95816894393457,1.63424011114574,10,2.39789527279837,0.766806565304171,4.53941880842531
1009,453.796691894531,6684.55555555556,1.1252030134201,0.0128707337994416,0.136898087209257,20.5182270396425,21.0798205037597,2.42498599196955,1.62866898286919,23.7563494254532,2.42498599196955,1.46510055011558,4,1.6094379124341,0.388362047556684,5.30727710791951
1073,338.557729867789,4029.55769230769,0.522170919638414,0.0024837349124377,0.0870879976315364,22.7732036476462,24.9361067356208,3.98883802534783,2.74655605193725,26.5726237761669,3.38046157053379,2.53148597133649,2,1.09861228866811,0.404932169059838,5.87960145396259
2383,1513.72048905967,5262.35507246377,1.25555410592452,0.0243738473868196,0.0767262780950208,14.3520955686018,13.2348262178725,1.77299037447771,0.87907101622957,14.8795990131519,1.77299037447771,1.00573098294817,6,1.94591014905531,0.909016866548787,5.83020532804343
3735,1371.65632481729,3641.69680851064,3.65265262511469,0.0314633715388809,0.0439861892034813,19.5481061050915,15.9801019817379,1.00024872842746,0.385325462725789,14.802537207457,0.667216665222703,0.340056742611927,12,2.56494935746154,0.0948342059046996,5.66055374010538
1181,768.426147460938,4357,0.612134158611298,0.000933339663351518,0.0476362438000528,21.6025732183969,18.8019207116329,2.58069271615009,1.49493807175268,20.5608262379964,1.32892702316443,0.962109312938543,8,2.19722457733622,0.166388773671763,4.87689223886114
1481,301.133904266357,5974.825,0.41302002966404,0.0159430690853291,0.113376098904907,20.1731633207534,21.5375568531177,4.02456423491761,2.41800771227159,17.5727868821886,2.4099557653104,2.18547633897518,6,1.94591014905531,0.844411598106131,5.35456266521249
1438,37.8349266052246,5152,0,0.0174295940714337,0.0785974284551507,20.1765956666735,23.5353835090758,3.93147338950783,2.05220942261639,22.4043946160211,2.19609504266042,1.68509413943995,18,2.94443897916644,0.886596050896321,4.32656955911455
1910,468.892056613498,2199.74444444444,1.25864040321774,0.0125246567069314,0.0583664541430749,14.1731236484031,17.2161974511965,3.47147417390425,1.88456520829683,18.9295118732217,3.3733668916887,2.16128699989389,8.9999762962963,2.30258272262087,0.988738818916306,5.25227579841981
3091,297.337238512541,2947.12,0.155010926684267,0.00733982378665047,0.0351726426078636,24.1143039525351,26.1827134224221,2.7122770466637,1.53841881810747,25.4840512254503,2.7122770466637,1.95429967252095,8.99996444444444,2.30258153743217,0.589295233593128,5.73366840469995
2855,999.562795663809,6863.3051948052,1.36519783503049,0.023072013392792,0.112751545875239,18.7258916464652,12.8079686296015,3.11871512003604,1.43567053354037,16.687328994773,1.69355883115265,1.26088344500058,10,2.39789527279837,0.2470015388784,5.55893184929174
2082,474.337585449219,6334.5,1.23113965988159,0.00795624566015718,0.0912844458215325,21.5529453489515,23.4254450056288,4.03191606400022,2.390859167722,20.1536352793376,3.27968173567257,1.98483379941348,12,2.56494935746154,0.589852874532364,5.07613489171338
1288,573.988826976103,2354.02857142857,0.318325994645848,0.00816587315151358,0.0102744439479304,23.3326524719848,18.4848734189594,5.18356121385427,2.40865931536836,14.2724481612917,3.7288108166239,3.33368054596824,8.99998814814815,2.30258390780816,0.608854634744565,4.85826199885614
2726,976.25634765625,4815.5,1.21094369888306,0.00849670751927079,0.0554497026493657,22.5733163361909,21.9053021828334,2.23315960038109,1.08448682444148,21.1728297763401,1.39131792851263,0.894473691385097,13,2.63905732961526,0.942477185567462,5.27153328264122
3070,356.86843577925,3454.38690476191,0.606635345033852,0.00188501449800697,0.0177255349954176,23.6041252894092,22.5997952846413,2.80033168365739,1.94822579688011,22.7918991028317,2.80033168365739,2.50820427638661,6,1.94591014905531,0.582483372763845,6.08352269152593
1524,227.215100721879,5854.94318181818,0.328009975227443,0.000999269467161991,0.0133794090535408,18.5216926459111,19.7149184569652,2.37658905285942,1.41215851129994,19.1703971554535,2.37658905285942,1.77474774094028,4,1.6094379124341,0.582650405390981,5.71965582381249
1395,2.76268877301897,4280.97058823529,0.0236522976309061,0.0910394455859048,0.0936257343539173,21.716419765996,21.1260844913903,3.06860740859871,1.74235005027662,17.9726181454129,3.03450446867274,2.33005536364508,10,2.39789527279837,0.166952264540791,4.8427544214571
4443,737.14070090927,5153.05,1.07797499764867,0.0076957320194488,0.0508592173796508,19.8474576437345,21.5018582661947,2.67181699425612,1.86473848131056,23.399229756108,1.29972746804928,1.10148443067748,8,2.19722457733622,0.641118884925796,6.20186052559969
1717,547.233867730035,2592.23333333333,1.80644956959618,0.00194420101576382,0.10437965443307,24.3355649552522,27.2008409225402,1.63904175754895,0.967551497396174,27.4704119741182,1.63904175754895,1.15223695246022,6,1.94591014905531,0.533220808383761,5.50242371184216
1309,738.338959665009,6251.81818181818,0.859729055202369,0.0098893817254011,0.102342564951819,23.4688719200366,22.9246606340847,2.4988535270142,1.54730406917406,24.0108598946723,1.87892124281826,1.34156001847614,6,1.94591014905531,0.919666737136775,5.23110861685459
1030,389.930005525288,5543.23684210526,1.22285334060067,0.0195997951496121,0.130737429853119,21.5530101664583,22.8717116974947,3.34402720027426,1.61381881981315,19.6742849941143,1.76915682462192,1.52638893920397,7,2.07944154167984,0.24972247834598,4.85787253954385
1266,1053.77536349826,4437.11111111111,0.946670320298937,0.052339981718426,0.121197409560554,18.4856531920257,23.3774878094092,3.72493453286265,1.60856272896761,26.211749978713,3.54640748487588,1.98868745753264,8,2.19722457733622,0.605595863737145,4.9463930253679
37157,267.530973888579,4943.40526849038,0.396474847843703,0.00746979761985976,0.087244026432609,23.3417933235483,23.0233072148238,4.47470877465617,3.59787254174198,19.9835964097668,4.47470877465617,3.93870072097119,10,2.39789527279837,0.828328178452739,8.12501218490054
1760,672.268786763036,4612.5,0.758805022683254,0.00120907381227653,0.00888332157801841,25.1822637414419,26.6090500513712,5.79376116088873,3.78553680452901,25.3316262986925,5.79376116088873,4.59266171310207,7,2.07944154167984,0.774449566594173,5.39362754635236
2039,847.77744140625,2426.18644067797,0.238333247601986,0.0187281312841663,0.0393116688336267,15.9092083344373,14.2019639797437,4.02217481222951,1.99446332185499,15.8814079722891,2.78985549138232,2.01988262494677,8,2.19722457733622,0.553006343570492,5.42299019323824
1910,195.569412231445,2914.5,0.285030514001846,0.0069875845976739,0.00786083766852386,21.8024519178603,17.3208819472999,5.33069320993129,1.96743911415812,17.9968957265218,4.2519460858743,2.49340534768053,16,2.83321334405622,0.930696290379535,4.72164517698446
1138,817.536865234375,3793,1.57758140563965,0.00548505430835178,0.0850569593885808,26.2920907126532,27.6518639087677,2.47526917235765,1.20386133979606,29.8199505700005,2.02720659128797,1.19031789249461,5,1.79175946922805,0.210433219692112,5.24526814545822
27219,231.242541495394,5457.60917941586,0.412746454029236,0.00371150532095107,0.0793050903292405,22.7905950749103,24.4443481775402,4.60688976868818,3.10578578521144,21.0114683207544,4.60688976868818,3.51851731578157,14,2.70805020110221,0.916749571079755,7.50362033673553
1095,83.3323516845703,2405,0.23309950530529,0.0628502149886572,0.0677025619587646,20.6934354782105,13.3312467363146,3.07869386547366,1.58311502236332,13.1493471357558,3.07869386547366,2.21756906665871,6,1.94591014905531,0.344760529683417,5.05259949319529
1481,552.172829232565,3299.41463414634,0.796277525948315,0.0512015095054433,0.088267975445865,20.0575957021406,19.7901400540626,4.26304786975731,2.07267116833045,22.886078067976,1.65597961287196,1.24596504968995,11,2.484906649788,0.283472644714555,4.8155661644798
4551,985.977629916358,6338.37786259542,0.727391167906404,0.0213695076510719,0.118774013169146,18.7123414723119,21.2709080389538,2.1027380576529,1.23805442173477,22.7287037426379,1.18478757682118,0.889678794952288,11.0000118518519,2.48490763744183,0.293560355205819,5.93819463057481
1073,567.802124023438,6341,0.66606730222702,0.00313601051011858,0.0814107747864838,21.611774635315,21.113497432073,3.18667826521857,2.18002029046006,20.7267806159126,2.34779442802993,1.79590860993749,5,1.79175946922805,0.219093864994613,5.18645427340264
2061,538.927786690848,4137.85714285714,0.473082040037428,0.0101874438336996,0.0724969608467951,21.844665263948,24.3858184405736,2.45283650989055,1.64533368125452,26.0681799449619,1.51846941711283,1.13346111456074,5,1.79175946922805,0.0991009065605413,5.8391871116624
1266,530.008728027344,5899,0.968731760978699,0.0351390228446107,0.100749620091413,14.3527816560534,19.1510192235312,4.06628557858297,2.84984856264881,20.6173734029134,3.63304963947188,2.71022775708891,7,2.07944154167984,0.508038459745002,5.06417606102429
1996,114.075720787048,4509.66666666667,0.222694525805612,0.0107609984329393,0.0235625837398222,21.7798957291471,25.5955365657807,3.33476074335314,2.10883378044393,24.9585275720667,3.33476074335314,2.83508797268029,5,1.79175946922805,0.21673230867414,5.80714098764335
1288,224.790685705237,3841.32432432432,0.372137246099678,0.0050254832543587,0.0931156657331981,22.7419568603659,26.6256352197557,2.84146226772154,2.13990608758408,27.4593629143976,1.97649314872768,1.79836716459211,4.00003555555556,1.60944502351993,0.739717374962193,5.55140088314437
1266,783.902648925781,2386,0.657626390457153,0.00709745713478327,0.0471584983331255,22.9854207069643,24.0342645009359,2.7460423484716,1.90166927663142,24.5227036370172,2.7460423484716,2.07151749530986,2,1.09861228866811,0.179547462334393,6.04500531403601
1696,141.534595489502,3216.39285714286,0.632981677850088,0.000901111431808149,0.00140282262010805,27.799106038685,21.0188149675491,3.81491491130162,1.59485446003919,25.4300184522357,3.47571163461593,2.16012488611458,13.0000355555556,2.63905986929457,0.284865805966355,4.79696794705727
1073,663.207048969884,4395,0.902180514027995,0.00417913737241575,0.165238774997201,24.4262724292556,25.2138981398717,4.98259700877968,2.26140606948459,27.2571210430515,4.98259700877968,3.42899306510322,7,2.07944154167984,0.139996821741138,4.89877220095086
2082,404.844288219105,7695.27272727273,1.38563598286022,0.0204275032692003,0.193404762192289,20.8642590551665,23.338154250306,3.80824541550257,2.1704218430086,18.2792949522385,3.57202400117917,2.90113678730707,18,2.94443897916644,0.41083248365366,4.69664527000847
2855,612.449572317941,3354.9,1.63482799700328,0.0223775571820958,0.0331949732308551,22.3842951415688,20.5510470496283,4.04610162462179,1.34696789562217,23.6742578718397,2.03249808574802,0.830936574017503,6,1.94591014905531,0.638170116069498,6.0109169730348
2962,174.165878295898,2347.87037037037,0.169663563370705,0.00082463066105626,0.00448222841381417,22.8857567450289,19.2996154314206,5.26603722046831,3.22527561250965,19.9902780430797,4.4990591262315,3.34992674865253,4,1.6094379124341,0.692734439789877,6.38418208239364
6225,761.430757726513,4274.92993630573,1.56713209212201,0.0119253389713642,0.163949494161139,21.0234677826768,25.1827111322454,1.92743126401483,1.29304906209771,27.5356266029827,1.46141942269034,0.876406447760075,14,2.70805020110221,0.0477412184422105,6.0282785202307
4422,854.705573647709,2981.28813559322,0.22942102586819,0.0153143182811272,0.034420966709307,19.3311287795301,15.5872092976875,4.70747753016707,2.13639977791254,20.6409814399963,1.63748043236374,1.11825646601112,23,3.17805383034795,0.376614653949577,5.21629353106945
2533,916.4479780526,2268.06896551724,0.174245111644268,0.0245060417481585,0.0662122538798974,24.1593565968085,16.1407569334033,4.86655757406442,2.68905188494792,17.2453723615156,4.86655757406442,2.38155191746988,11,2.484906649788,0.428200156430888,5.35225300021367
2447,804.759241104126,2765.62121212121,0.200268962653354,0.0087860930329212,0.0996267568813724,22.0677046896696,19.6630313828337,3.8979343780756,2.50759182634019,16.1612174140083,2.95430031798396,2.18776936418206,15,2.77258872223978,0.932210812672877,5.03002934120289
1331,524.018351893271,3968.13793103448,0.830661623708663,0.00130713826156784,0.0177258152678733,26.5044604975071,29.0245427134394,2.27441008178103,0.987234101950387,29.9462811100986,0.858382219545195,0.476217507375169,13,2.63905732961526,0.117763376205677,4.55462848877985
2426,191.039607192531,6353.35384615385,0.71229865695491,0.00324929142007541,0.110765343380387,21.206553126131,21.9773141019773,3.7173787703939,2.46671126994182,20.1030973646377,3.7173787703939,2.92590979137297,7,2.07944154167984,0.0915566108770198,5.71455754782416
1030,737.654838562012,4590.16666666667,0.256704316784938,0.0234698224758129,0.0567987184938055,18.6783306313245,27.1069043106503,2.37034703489871,1.39432697331524,27.4381207784018,1.53288151504109,1.12491837952406,5,1.79175946922805,0.723987612091632,5.14555461199563
2018,253.481377064098,2999.7962962963,0.243604468486526,0.00579435147949781,0.0200230740439482,22.9596868063055,17.6758642326167,4.24026290675722,2.88289957947873,17.8094288500249,4.24026290675722,3.38152526916506,5,1.79175946922805,0.509761953229276,5.8181027316855
1460,392.926274617513,7059.71428571429,1.24672454595566,0.00984504201715554,0.0923594525586574,21.6575488081236,20.2575910729706,5.76560378219627,4.43494197240679,22.8180127037896,5.69239252773071,5.10061490047491,9,2.30258509299405,0.271731989055214,4.98360662170834
1588,745.336303710937,2457.08695652174,0.245539517506309,0.0219096472666775,0.13939679012653,18.036146706273,17.9924620757775,2.18985004534843,1.44884713380366,20.2332911523644,1.90256598978953,1.24329269695553,8.00003555555556,2.1972285279457,0.33679418822767,5.17300211386138
1460,773.330140809755,4238.36486486487,0.481716048878592,0.0322072321341382,0.0682217342116667,24.6642424657989,19.0127987335633,1.76384952562052,1.11563744315962,22.3290118105778,1.76384952562052,1.46755613890146,6,1.94591014905531,0.957923638254804,5.34028156564707
4121,635.563015136719,4445.7,1.10930366516113,0.00216959383177851,0.0945752704127008,25.0938099483913,27.2547764236209,1.89178609229409,0.902696816148542,25.7344803873698,1.89178609229409,1.10718064666866,18,2.94443897916644,0.771278153764138,5.37941215217238
4315,161.926677457748,7028.14516129032,0.281033641628681,0.008929319485878,0.0820050430675333,21.0740515466233,20.8484869918516,6.0179282353401,4.344296288603,20.2370453988352,3.23728631852098,2.12820637157344,13,2.63905732961526,0.683084071437926,5.73079527390227
6182,601.735915675308,3012.24545454545,1.10810776768309,0.00247245516587213,0.026170013114046,26.9622718661878,29.4855595026261,3.28265965625072,1.34787970512811,30.9174132684265,1.64201710376156,0.937954569012076,10,2.39789527279837,0.28454125067955,6.33150184989369
1631,261.257096453411,3579.84146341463,0.2752744933454,0.00218041580061658,0.0613209317068233,23.5491422834112,25.4266457968612,2.8036174922727,1.7815935581934,27.2691656190206,1.7569284378279,1.45779052048043,7,2.07944154167984,0.0134010942525384,5.31750706094118
1095,656.327043805804,6951.42857142857,1.12193481411253,0.00644893295571082,0.0802859482136579,18.4080196380615,16.0225452911286,4.88568629019958,1.42896745891427,14.9457364279127,2.65116654772257,1.22739116397173,13,2.63905732961526,0.0662233863077094,4.35945231263534
3993,856.495358365253,4798.08823529412,2.23606275007563,0.00537799799357128,0.0202681363641832,20.8655359200227,20.3762439453524,2.73231768034346,1.01749680520799,20.6822998454109,0.577006159945316,0.506538819966356,12,2.56494935746154,0.65974183707905,5.72734874960168
2039,649.884362357003,7044.54545454545,0.820043257836785,0.0366831371933281,0.130384595979977,17.0961494005786,19.6773950634581,1.78596572136311,0.899266664831072,20.5972436692979,1.78596572136311,0.873853571108086,7,2.07944154167984,0.388897033692319,5.54077322889462
26811,232.19293729544,5247.21530758226,0.439111937404207,0.00152714359446189,0.00468179734443445,23.119496508305,22.941539427162,5.52224266348759,2.89926720689087,20.1060287864272,5.52224266348759,4.91935897512814,13,2.63905732961526,0.275708515764766,7.55751020043424
2340,508.121322416923,6333.22535211268,0.601695761504308,0.0312063504101262,0.132848823944579,18.1342353886469,20.4778082956774,2.72266985311049,1.37330917522785,20.3595597686528,1.63687196567945,1.18911826218397,10,2.39789527279837,0.013686952564716,5.36001093555338
6118,514.987607560068,7069.740625,1.0743798101848,0.00935914710650465,0.109458413387543,23.9767175081041,23.7910175141834,4.06320208563221,2.65707489518661,24.6938664754232,3.38691346228861,2.78076014960843,11,2.484906649788,0.690363037400741,6.23408387492285
1266,371.600759887695,5399.9,0.525098726153374,0.00423644054466479,0.0838117664655854,20.9269466951159,22.646972991481,3.97441919788714,2.04484519127313,25.9011948479547,3.97441919788714,2.26808442544362,8,2.19722457733622,0.126858723560935,4.9463930253679
3284,243.794845581055,6395.93406593407,0.49363378683726,0.0226837771035553,0.0799283526548163,19.6188412826901,18.1622168174792,6.37166713487997,2.58434061726509,17.4757534679185,6.37166713487997,3.58651454618778,8,2.19722457733622,0.670321696202085,5.8995928932361
8737,423.533005543244,4251.15531914894,1.44850532927065,0.0424130297129767,0.12071571006691,20.9203516723417,21.3416058873266,3.38541631045628,1.32473629691266,21.2672537422632,3.38541631045628,1.65457946986259,6,1.94591014905531,0.159228772830518,7.12941201124278
1739,977.807828681413,2939.76744186046,0.315305080178172,0.0113545858698691,0.0197224717973986,20.1713144923842,15.1291835666627,4.15034238627046,1.99344217156229,18.8319823962465,1.25001178612414,1.04263382337146,12,2.56494935746154,0.811122950452539,4.89611615689275
2619,808.458880800189,4922.78787878788,1.008938424515,0.00475162176886758,0.0418662680379265,26.2485029959117,26.5409121674989,3.50698753839589,2.23895774492514,29.7060078489259,2.59707477686886,1.62124047139276,15,2.77258872223978,0.188601192717264,5.09795912226793
1996,635.280377423322,5148.30555555555,1.52345644986188,0.0120071731541571,0.0713287012051283,20.0459080766369,19.3491588742377,2.50871983992601,1.32961974509772,25.0239941428227,1.30979167911788,0.856539535763813,8,2.19722457733622,0.937601831672675,5.40167587953519
3542,744.628105612362,3139.46470588235,1.00855412623462,0.00525010297649833,0.0401026863415904,25.6246499796898,28.9846586257336,2.44800184870587,0.995792851650222,30.0309851577859,0.893315947632941,0.739103636911964,7.00003555555556,2.0794459861144,0.45754261812714,6.09300083222838
1953,165.572775393116,3298.42857142857,0.0965565982825902,0.00581412837105181,0.0103869386577244,21.8442030407134,16.9777582217486,5.32923197806672,2.05642210031795,16.357296214028,4.12737653553443,2.21708078663611,10.0000118518519,2.39789635023887,0.365516524852781,5.17922558063781
1030,453.796691894531,6212,1.1252030134201,0.0340720186848031,0.101235741069782,19.8857238605459,20.0755582809449,3.70407363920452,2.28402514675431,23.0116973876953,3.62708941630803,2.18227307378171,7,2.07944154167984,0.614836142343476,4.85787253954385
2619,431.481667073568,2794.34666666667,0.212252269387245,0.00508485048019741,0.121181346735277,24.6736403256762,28.834951475638,2.96347641750059,2.15637981368546,29.9350611255787,2.96347641750059,2.51154308196263,3,1.38629436111989,0.202394924705905,6.48425348338782
1181,335.861724853516,3775,0.668118417263031,4.14837879105789e-05,0.0110175387647367,20.6357352150811,17.3182029088338,2.27500407660974,1.62670810665172,22.493826590644,2.13910243873664,1.33976955478801,9,2.30258509299405,0.565691891048221,4.77153172320332
1395,608.131286621094,3872.71428571429,0.346571326255798,0.000444713344930696,0.0642631889379395,23.3426370922505,20.3444782504788,3.10275943382458,1.82758780597247,23.1267155965169,2.56212556600536,1.84729679095917,8,2.19722457733622,0.11725110652713,5.04342511691925
1159,995.423570632935,3342.71875,0.362381821963936,0.0114634700192084,0.0197358090730617,20.1029359838014,14.7127854806405,5.25185257505614,2.27221993753543,18.8044546339246,1.34215337495889,1.11490944102564,15.9999881481481,2.83321264688822,0.743737437728295,4.22210019645153
1460,829.488597106934,6820.0243902439,0.709550628066063,0.00640009877744427,0.258706890143269,20.9801086434786,21.3705132554218,3.23279091864492,1.46077061167399,20.2488139351532,2.18035031138253,1.69325338048092,13,2.63905732961526,0.30066801558174,4.64713438508712
3993,683.910330557608,4664.55405405405,0.483471184968948,0.000121385017547251,0.0278214637541908,18.4422053273137,16.1498220311987,3.28078882653689,1.84092151470903,20.5342487495583,3.28078882653689,1.55237926869746,11,2.484906649788,0.934295774704967,5.80739145727522
1760,898.746269063747,4755.56382978723,1.32593696168128,0.00521517486473709,0.050784439817323,16.7688013099328,19.0626141418418,2.01817209494426,0.736487250125517,19.7767762006034,1.51412910095268,0.747201478218084,8,2.19722457733622,0.0528671330368088,5.27584451069598
1417,206.407806396484,3277.5,0.264073193073273,0.0015406947538672,0.00202555358532308,25.3873812439622,20.5998149342007,4.04673537681345,2.54209234421935,19.1317696465387,4.04673537681345,3.48822471092712,9,2.30258509299405,0.686865296849907,4.95371214669663
1009,134.290462493896,4320.8125,0.42287852242589,0.00117785112215429,0.0146516157072547,22.2208315818541,22.2790000279745,4.70429867003522,3.25003337955731,23.4340763515896,4.70429867003522,4.08750945399756,7,2.07944154167984,0.912801733035404,4.83727347867377
1524,3.83701992034912,5431,0.0849118456244469,0.0938295368558997,0.0941913559430176,21.7485818227132,18.9109242259592,4.77574938813432,1.99994489227743,20.9479648166233,2.51143096827642,1.29464127022106,20,3.04452243772342,0.35151821063168,4.28457129852317
2168,965.806335449219,6442.28571428571,1.40299951405294,0.0306031565077685,0.113193014175372,17.6944577191222,21.3186921874893,1.76490834163545,0.800826713083876,18.4633246413404,1.76490834163545,1.13852139872747,9.0000237037037,2.30258746336161,0.232652086811055,5.37897289919793
1546,721.075189499628,2417.25,0.19285874849274,0.00419775342656692,0.0836287930499182,28.5808374015234,26.6299549102783,4.11086945680336,2.34944593660801,28.3608820597331,2.88189707808027,1.43861212924936,3,1.38629436111989,0.914510589127578,5.95713186802748
1631,922.339133522727,3277.61363636364,0.26345417174426,0.0211102366689369,0.0660009328237375,18.6534631667599,14.2122518702316,4.06573109544832,2.08219377633729,17.7882357741848,1.09154846828315,0.823719721746822,8.99998814814815,2.30258390780816,0.400285772509494,5.09436469481286
2275,726.567048725329,5904.78947368421,1.09727693231482,0.0310436327358922,0.149571719469588,17.5003104818159,19.3353766128602,2.58312682427867,1.18057837947626,18.6895802012662,1.14702599367939,0.578119573276753,10,2.39789527279837,0.819468841646321,5.33184005858668
1073,832.647892543248,6752.17857142857,0.7738059929439,0.0259476424577225,0.0843120438302515,20.7245724228305,20.4210501796985,2.1760159203276,1.26295344671952,24.4275937277173,1.38283162683096,0.943922197069905,6,1.94591014905531,0.517581371110188,5.03230359357539
1331,534.348251342773,4610.59375,0.547476032748818,0.00229212236145315,0.0724094927427288,25.4538734647963,24.017825460434,2.90741217875952,1.65437630651511,22.8380850050185,2.01321177665523,1.42344249783664,5,1.79175946922805,0.859296811457739,5.40192634916706
1202,399.142969468061,5570.01470588235,0.462810746010612,0.0158628824780358,0.211069957814226,24.4205372848367,25.7214342460134,5.73216267838783,2.53772181890398,26.5249577241785,4.05881681145284,3.11914814660891,9,2.30258509299405,0.50302905405904,4.78915702210111
1460,138.822891235352,5224.5,0.495989263057709,0.0253169660293082,0.158625409274016,21.0591792848376,23.8722013791403,5.40427721837426,3.21949204197133,20.3610181172689,5.40427721837426,4.3285967980291,5,1.79175946922805,0.0934991182180824,5.49443224547433
1309,591.877868652344,5782.22222222222,0.694632834679372,0.00945102839078792,0.0965262844937106,22.9981009589301,24.4796989935416,2.42645759273618,1.64309686355893,23.7547738769908,2.42645759273618,1.92730019075617,7,2.07944154167984,0.0757342970948416,5.09757722423006
9080,223.821757245169,4441.48008849557,0.0385030880898631,0.000704414259187736,0.00306417378999935,26.2835849880661,22.5944538601263,3.05528455859919,1.84414386469329,25.190716301047,2.60384590157547,1.48368931771246,9,2.30258509299405,0.195187681132064,6.81124437860129
1224,987.908870921415,4315.51470588235,3.47202435661765,0.0786325627661211,0.29321687565825,1.45857293275549,2.92618511125147,1.77634039396241,0.864198745006828,-5.33700498693122,1.77634039396241,1.33778669900187,22,3.13549421592915,0.564838470172957,3.97438524714312
1009,434.388943481445,6533.56666666667,0.61208855509758,0.0255190419405999,0.191955504655711,17.6670923812301,18.3073475076695,4.07462041012362,2.34010920765228,16.6335831960043,4.07462041012362,3.17137007436365,8.99998814814815,2.30258390780816,0.638714281662607,4.61413111254545
1309,1048.75256347656,2756,2.44727444648743,0.00757462137325859,0.0843759715352377,22.8537389119467,25.7743063608806,1.63713902379006,0.999636727523318,26.2214620802138,1.53341121570826,1.17667036886478,7,2.07944154167984,0.0524046240501477,5.09757722423006
4079,425.47630602904,3646.775,0.875830200284418,0.00623034798905636,0.0313446355346088,26.8464298363143,29.3364851294625,2.8942879104177,1.20796027392551,27.8812133619521,1.78537192735104,1.25184584470464,9,2.30258509299405,0.69581338910984,6.01102204632351
1674,1380.76995849609,5777.28260869565,1.45470482110977,0.0125863373269757,0.0719013512919082,16.6724595976301,16.4784280357311,1.97105151047891,1.05202498447426,15.3025264703134,1.97105151047891,1.32498959094125,8,2.19722457733622,0.116157983027292,5.2257466737132
2619,174.165878295898,2861.74285714286,0.169663563370705,0.00299068928373874,0.00404110934175078,24.0422274318526,20.7044644871831,4.77302638347876,3.11103279054182,20.6746691507007,4.77302638347876,4.25600003781244,8,2.19722457733622,0.888244149189209,5.67332326717149
2662,70.4544837258079,3252.63636363636,0.15208065983924,0.0026835322393698,0.0777059649075805,24.662423118748,25.9422005718404,3.49132657333511,2.00463634382648,24.7852153045963,3.49132657333511,2.31280522111843,13.9999881481481,2.70804941097844,0.127237957352839,5.17878358797662
1696,746.434966391706,4677,0.226393880362206,0.0112385641540353,0.0501937774435748,20.3922135835052,23.8150198970282,2.74648454297778,1.64705935541123,24.2590169631562,1.81295514285245,1.39474710339601,7,2.07944154167984,0.201563324767469,5.35658627467201
1052,753.650721396169,3682.91935483871,0.949005946036308,0.00442187873108966,0.0883859911924104,23.9946310952573,25.5554038058045,1.24704483952248,0.726211862840823,25.0062183339109,1.24704483952248,0.842672860965936,2,1.09861228866811,0.0142696086311711,5.85983610462955
1095,1000.85309651693,4995.71666666667,1.63889879782995,0.0176320893688766,0.0529714831518615,-0.571039234645752,4.9532989972904,1.69126141535407,0.992612939922097,1.74763190658007,1.69126141535407,0.931852421877817,6,1.94591014905531,0.717915401234086,5.05259949319529
3585,716.485815310011,6202.0931372549,0.806381621197158,0.00646738725031482,0.0389261994307822,20.8594239465954,20.8710334069451,3.25822073035778,1.91258119006139,21.7400606284214,3.18945607272294,2.89682222289346,14,2.70805020110221,0.513213929098819,5.47646355193151
1030,132.673219045003,2512.83333333333,0.318159853418668,0.000711870705030056,0.00285411166411009,27.4009122349456,21.6416116926405,4.55182449261655,2.04810850605744,25.8646994414153,3.88862616364025,2.33720489974501,12,2.56494935746154,0.573387912751647,4.37236472376214
1030,693.029507107205,3464.22222222222,1.1833647357093,0.0193766953253897,0.0429221620476861,26.7925546083256,24.3656147332838,4.1266408226738,1.48480704358161,25.594413399402,3.02753368151127,1.52070687506959,9,2.30258509299405,0.200294852802351,4.63472898822964
3520,700.69512185086,5321.74719101124,0.881547262159626,0.0181403823377663,0.1102379201046,18.4473348024633,20.781436632584,2.29330209119017,1.45449461983951,19.7460494447439,1.73417879044047,1.30724383380869,25,3.25809653802148,0.641194042732012,4.90811973057066
1717,456.805309380425,4518.57777777778,0.547397338350614,0.0120700236561123,0.0348353808011094,21.2603064077873,22.1808489015368,4.6308971894768,2.34609648782948,21.5523893897917,4.6308971894768,4.09791985599367,7,2.07944154167984,0.704465808402002,5.36889231921764
1052,897.281005859375,4466.5,0.616026997566223,0.00394263448183807,0.045823126433703,24.5921888351441,24.869905726115,1.33808378016207,0.819602890617711,25.9140362633599,1.01451722507935,0.841009320382233,9,2.30258509299405,0.38955584829095,4.65586330030361
7492,753.428601900737,4006.95572916667,0.306377450625102,0.0213897508376337,0.0735113578338679,22.0423102696737,22.0633601082696,3.44584419702576,2.51647068310438,26.4970319959853,2.82857576335427,1.86841983079528,7,2.07944154167984,0.80455729192763,6.84214952188414
6891,723.055755247553,4358.93975903615,0.456259573439518,0.00614089253063861,0.069017861326604,25.838205693642,25.9720362532005,2.28334871697333,1.51438072735842,28.66350897466,1.77680627970772,1.2577199979415,8,2.19722457733622,0.612458358387269,6.64074691402099
1073,590.771088630922,3603.43548387097,1.57114962224037,0.0451669798592297,0.0519676211964128,22.7891785991138,21.1179087693857,2.88063423411438,0.907160968375391,22.0105051580724,1.05456859705126,0.509354474311442,7.99996444444444,2.19722062671113,0.412145338642271,4.78099311591957
1224,666.150129045759,2814.69512195122,0.512698707126436,0.0414942988745379,0.0806731668731889,19.7788022831422,19.408153017039,4.14674050465386,1.98730118729646,22.8771235985485,1.67122553046402,1.22922341757904,12,2.56494935746154,0.749585615377603,4.54493010561074
1696,201.666519165039,3952,0.955864548683167,0.00465105163073432,0.130731982349474,21.4306668804538,23.3308861414591,4.60984058079705,2.12854997539011,27.1184813605415,4.60984058079705,3.20084466500971,5,1.79175946922805,0.112693039551638,5.64426834712379
1717,742.354971255896,2985.125,0.245537342327946,0.0141780945484342,0.0557947822753349,21.1530655153336,15.1019267612033,4.56357384430812,2.06948400825294,14.1094644758437,4.56357384430812,2.6917181583928,12,2.56494935746154,0.195515908412915,4.88338450343594
1739,475.786376953125,3459,1.2686253786087,0.122121990533987,0.335941017052281,1.69212042036514,6.79436855805233,2.35360714910262,1.57766112256165,0.409569888644796,2.27019633583621,1.6788212061035,10.9999762962963,2.48490467447741,0.827419037848982,4.97616083987688
1181,1278.64065551758,4760.375,1.56363469362259,0.0115269379410314,0.0417863813344788,22.6846626322757,22.5757124053108,2.23111278356922,1.61547772353683,18.8418831719293,2.23111278356922,1.68256795597692,9,2.30258509299405,0.549989973267122,4.77153172320332
2490,71.7983078253074,2078.63934426229,0.174007228163422,0.00053606880028935,0.0118401914624058,25.310934426702,27.6411857333992,3.48211256154318,1.97151824008527,26.0106439163125,3.22474319012397,2.10705155083821,5,1.79175946922805,0.480840302649435,6.0282785202307
1481,418.832427978516,3741.5,0.935775518417358,0.0197168042207778,0.0578396502848726,20.5722035110638,28.4294378121694,1.53501691115619,0.999039159498224,28.1266922844781,1.08617487573526,0.884577156485712,5,1.79175946922805,0.882692978138723,5.50871334503974
1975,122.155166625977,4591.5,1.49273490905762,0.0253388774804861,0.171158748449084,17.8120029237536,22.1023840268453,3.24802239762837,2.10701665633412,21.8363917032878,3.24802239762837,1.965178829069,5,1.79175946922805,0.856782071242128,5.79656420810717
1481,300.979214230099,2707.31081081081,0.488171642696535,0.00211761355654654,0.00320183393972511,25.1128761597479,17.5002115728124,5.50693120115928,2.19949689157066,16.8287739418648,3.7488624249155,3.16394402479233,23,3.17805383034795,0.828184915940154,4.12241898391985
1503,675.880418932116,3142.06578947368,1.49001566300521,0.0184320201450684,0.134296489275324,23.679549800223,26.7071965813476,1.91120687436999,1.10459742309799,24.4124504089356,1.33642018872609,0.947470692544991,10,2.39789527279837,0.961564976447746,4.9173231169546
2791,766.534396701389,3484.91549295775,0.311425944169362,0.00836748231322304,0.0185829273675824,24.9431084174693,28.6945668087922,1.92778154944997,1.04540951607717,26.1816579887378,1.83443866026156,0.85448922823828,10,2.39789527279837,0.181206231868985,5.53625996073795
1245,511.605068322384,5489.31818181818,0.562998183748939,0.00217761993304688,0.0884960034264832,22.7606269108041,20.2138185858263,2.9072102871494,1.37130362873066,21.3571190150097,2.26102517069635,1.62768018998469,23,3.17805383034795,0.135847057944573,3.94883697855086
2018,301.622431328956,3546.92553191489,0.319562266481684,0.00427484946262547,0.039138122444047,23.9327319455675,24.0897550600923,2.67502204380154,2.14942153973279,23.6124768511905,2.67431890255262,2.03338187055516,3,1.38629436111989,0.126027753451122,6.22356783979366
1438,134.938508987427,3785.71621621622,0.620981559157372,0.00851884184800444,0.0103620836625255,25.4595269282728,21.6059616659882,4.07697443273236,2.09910718545208,23.2392163170709,4.07697443273236,2.3439556961522,10,2.39789527279837,0.630374984898021,4.87311326548262
2297,171.932983398438,3739.625,0.213123515248299,0.00356692924492563,0.0738649020832973,25.5004085089571,30.6816887219747,3.05650430538325,1.91191435146631,31.3749063703749,2.51419010611468,1.62576686298708,1,0.693147180559945,0.0341865304465144,7.04621202212915
1975,246.879516601562,2993.5,0.112734764814377,0.00188244096474222,0.0030387843544446,25.7772717301563,21.337165206518,4.26485416689823,2.52135158394403,22.9748120201959,4.26485416689823,2.9232828551832,10,2.39789527279837,0.966531255253659,5.19042840453685
1138,702.163450179561,4324.35483870968,0.681356623288124,0.00104691919806674,0.0389658080022692,22.5069779793339,19.5512780227736,2.85314163486975,1.6020227315564,21.5131505617532,1.52833129915415,1.12684712659533,8,2.19722457733622,0.83619046605946,4.83980303735006
5688,368.743000454373,4571.50347222222,0.303777396678925,0.00494916327345231,0.0555287817794977,26.087750471564,28.3603945496642,3.45112144039825,1.74350799656366,28.0442937639026,3.07042861650762,1.55336887451017,9,2.30258509299405,0.778177696405232,6.34352887848903
1159,697.997794315733,3963.84482758621,0.471151473193333,0.0104281961453114,0.0129383821856338,23.7362125176079,21.5640885633629,4.72955917343469,2.0479225335763,25.3341968711765,4.72955917343469,2.16473184467867,24,3.2188758248682,0.480583672473755,3.83643701847155
1395,524.320113780887,3526.59302325581,0.613715149635492,0.00151784762208276,0.0394090137113065,23.5401252896347,20.6287048198558,2.40430906484765,1.51691857253245,22.6564449221589,2.01852557247522,1.51223639168283,6,1.94591014905531,0.974180584107925,5.29473954520015
1095,736.168395996094,4748,0.182858318090439,0.0115074295519371,0.0393738523788869,20.0215020210512,19.4456426678282,3.82843963325059,2.62137225259172,17.2737427181668,3.55447725985525,2.56688806399363,7.00004740740741,2.0794474675882,0.191401211412557,4.9190621746624
2061,739.039950666757,4949.68421052632,0.670086178286322,0.00297903589487185,0.108621914704803,22.9086859773767,23.5330159328772,3.81382468805469,2.10916812174498,25.4529451046771,3.18202202179812,1.58078158209694,8,2.19722457733622,0.521208842460602,5.43372200355424
1138,860.083285245028,5346.60606060606,1.37248759558707,0.00501963728244868,0.118165969246384,19.7081382960286,16.9793962591827,3.03640605557917,1.16261996612378,22.1847171243995,0.672534485832616,0.582086708670727,13,2.63905732961526,0.88391669891767,4.39797028507102
1331,534.504806930954,6668.35135135135,1.17044119093869,0.0439776088486236,0.134579456875564,19.4202216190781,17.7726193866215,2.792544580829,1.50673651255022,18.2143979883052,2.53916134798356,1.48150597772166,7,2.07944154167984,0.00934504376431788,5.11424427671528
2361,49.176513671875,6342,0.103714011609554,0.00277794614214244,0.0868776144233578,20.9884552986391,21.368489767004,5.31692787882644,3.31078740357443,20.2599061754015,5.31692787882644,3.91145367968902,6,1.94591014905531,0.00214187194917925,5.8209303880302
1868,958.033469460227,5197.67777777778,1.57376258617098,0.0612129541362808,0.156830940171767,3.77349145722934,7.66340573534552,4.03438964006591,2.14034262109912,6.36180331854183,2.72284763183887,2.02160314825251,11.0000355555556,2.48490961274657,0.633668052107508,5.04771400604221
3885,1419.63992617546,6236.73636363636,1.65718132530877,0.0153225417203787,0.0762694470076106,16.4633255008611,14.6673363907169,2.40000875329999,1.2606974592039,20.1761689619584,1.04851584538956,0.757182797578614,14.9999762962963,2.7725872407572,0.084946487130852,5.49229102204455
3542,856.054514895203,4694.73655913978,1.77490442158074,0.00592130951164515,0.0858830009270601,20.707911214565,29.0194526850109,2.34351053587748,1.2897360806434,27.1886956446202,1.89194794728542,1.40138438911086,7,2.07944154167984,0.635314802614167,6.09300527666294
1288,3.0070743560791,4428.8875,0.0265037782776814,0.0829169366962546,0.0832379940294558,21.8561756812202,19.0834313172561,4.78297059288974,1.92497350945413,21.0819851345487,2.29603025211568,1.19753129407636,23,3.17805383034795,0.259325667740883,3.98279207631635
1009,900.368384576613,5470.85483870968,1.07610861716732,0.00890520596701129,0.0498121893072776,19.4601279402623,18.3001755041034,3.02062990818195,1.96858170558311,19.0128232976442,3.02062990818195,2.47955418779848,3,1.38629436111989,0.0840336555377957,5.53042065923372
2726,515.407867431641,4815.8164556962,0.711882948875427,0.0188316123483554,0.040696376590452,22.4637397390199,19.8850972992458,3.88200292603764,2.14863503539916,20.6970563124001,2.06003889682556,1.78727275261809,8,2.19722457733622,0.319409225834604,5.71336603492026
1653,485.3508934021,3670.06097560976,1.30529130101204,0.0232433335559654,0.0530775958473909,25.0341894280339,21.7878932588469,4.38501506801848,1.59136719417419,24.9416453260717,4.38501506801848,1.91788332413234,8.00003555555556,2.1972285279457,0.541963652995324,5.21311856987532
2082,1013.28503417969,3999.66666666667,0.726801911989848,0.000205488470990408,0.0738092453277481,23.9924512828978,21.4279389112424,2.33134213829063,1.5449018877599,26.8273226843941,2.30056233419544,1.76555119272607,10,2.39789527279837,0.749048417126656,5.24318897637654
3585,1427.24853269018,5705.97474747475,1.26364259406774,0.0285827050748693,0.0833763711963892,16.8121147921436,16.9898243943903,1.92551185057451,1.02938195995598,14.3783748314169,1.92551185057451,1.64983763453037,20,3.04452243772342,0.120567197422543,5.1399913153103
2726,126.425070020888,4353.97887323944,0.215782325300905,0.00882261408741379,0.0303016884544165,20.8272956058977,21.9018939891332,7.17128914899613,3.50979507616582,19.7600932716763,7.17128914899613,5.62356879210716,7,2.07944154167984,0.291344800121446,5.83114907057664
1352,773.178797279916,4640.4756097561,0.427829735889667,0.00313642099331637,0.0398324751817124,20.135976479443,17.9100819859079,3.03749990508723,1.90660160073497,16.7562820372543,2.67192118072719,2.10990098889906,9,2.30258509299405,0.150807099840965,4.90675516360886
1438,897.277526855469,2533.5,0.346068814396858,0.022625977366971,0.0652060114147375,17.8915094642228,13.5132604354467,4.70740080698457,2.42219131436263,17.2642002529568,1.11685003911376,0.735220454157604,10,2.39789527279837,0.127479664963092,4.87311326548262
4121,918.594343067271,2790.47368421053,0.263239988842897,0.0190888405822115,0.0609488804796883,17.8246653447622,12.9336591137526,5.20824729732069,2.52242694015887,12.6855712704725,5.20824729732069,3.66517789266617,19,2.99573227355399,0.956592443778734,5.32811885778483
1696,1006.05078379313,5880.37755102041,1.75359235952298,0.017524848821312,0.0882651422811852,16.548151016905,17.5295979786893,2.43772006699139,1.08762236409739,16.6760806596198,1.48644191890149,0.99046997984061,13,2.63905732961526,0.665900737687224,4.79697048673659
3971,398.491407914595,5442.34090909091,0.586543786525726,0.0120307787440124,0.0533168622200974,21.3476432912162,23.5413318765043,6.63064214993087,3.39133549665681,21.0728854208281,6.63064214993087,5.30395156302629,12,2.56494935746154,0.249209218210319,5.72182387366971
10261,595.418335311714,3954.8606870229,0.387541796912179,0.000759648905335292,0.0273529539593922,25.7979409732677,28.1228264994537,2.98517593314489,1.0535197778966,28.2212362155154,1.17912207602287,0.795212094572187,21.0000118518519,3.09104299207871,0.198889187107025,6.1450625877835
1073,352.674438476562,5217,1.27981603145599,0.0202547294178608,0.133025307870795,21.646792432997,22.9938950856526,3.40718514701422,1.6473391634506,19.7795724232992,1.78931232982045,1.55658090384787,7,2.07944154167984,0.935103510848875,4.89877220095086
1331,763.533823374155,6011.37837837838,1.14253726843241,0.00693689658503132,0.046118439687417,20.2562641335587,19.6674163393072,3.04584351273636,1.62772541993573,21.4417617637474,3.04584351273636,2.16861623391241,5,1.79175946922805,0.630715801163638,5.40192634916706
3027,676.112254092568,4021.70779220779,0.528742471807881,0.00586066653878897,0.0730221052301368,27.9133976220785,26.0362228348732,4.51827655699028,2.37662848311631,26.7309547837163,2.88558485189985,1.74199352817123,4,1.6094379124341,0.985172312494718,6.40588939658762
3585,190.026853823194,2519.12621359223,0.185304393955306,0.0020400059747803,0.00792440217607735,22.7840582884531,20.1743943778185,3.2381874032215,1.94801264545376,24.0156404266851,2.23007280592871,1.5809326344567,9,2.30258509299405,0.512955691101397,5.88192866003967
4272,271.461321379009,2386.18421052632,1.07397051155567,0.00125741688283355,0.0230840988672231,25.0629251970882,26.2053260764981,4.11152524037479,1.83727573070483,26.4017821284066,1.57215145172082,1.15050824678574,4,1.6094379124341,0.123599777472192,6.75039946820593
1202,793.165220424107,5260.72222222222,1.07806838239942,0.0153158351681321,0.0650327384511197,18.0140187312483,19.8979716548213,1.93344399314518,1.06439076858315,18.3143881997945,1.44983005163882,0.95218765860301,11,2.484906649788,0.924379963582115,4.60683546530715
2683,754.970397949219,5181.5,1.23654174804688,0.000538890138098935,0.0397498088357509,26.0645691765679,27.0600783665975,2.45139661337412,1.18691677925707,29.3645113203261,0.75440299851852,0.445086011655114,7,2.07944154167984,0.55261681364801,5.81524930874579
5731,657.646417914497,3193.64705882353,1.28701770570543,0.00885007602993932,0.0274472679795079,28.2908157404128,28.7606871889568,1.92168164252494,0.956444636319737,26.7126307693183,1.92168164252494,1.54113218905485,15,2.77258872223978,0.0990841910492123,5.88105659231196
1417,211.335253715515,6437.375,1.14265501499176,0.0071174721845928,0.229898359474785,23.4816587796776,25.5672546964703,4.56110336144343,2.3938275400952,29.1913456810846,3.03011841370248,2.47923167956794,8,2.19722457733622,0.117217642906973,5.05907266235446
7728,900.849783840789,3057.899543379,0.608869519952225,0.00831229862611563,0.0158798081573988,20.6122190841538,13.9018578043838,4.76801547997468,1.89906224616597,18.5766397248785,1.06735134256915,0.755372328149028,24,3.2188758248682,0.130979658031871,5.73372955102415
1503,847.006974069696,2810.85526315789,0.783108430473428,0.00097788254963629,0.0778289383565414,25.5410841992027,28.7673054946096,2.00468174354685,1.11493813033465,29.419023489255,2.00468174354685,1.291520815202,11,2.484906649788,0.126016038865222,4.83031173996497
1782,1662.90394965278,6028.18888888889,0.608820589383443,0.0147391025361388,0.0757020386258262,15.2414958087917,12.7317951758703,2.44391033343906,1.36371939907548,16.8354090655292,1.5053993874358,1.20509757182472,12.0000355555556,2.56495209250053,0.571713937611579,4.92053951553022
2662,588.067927641027,2581.75373134328,0.276578019427903,0.00714403014470785,0.0129911208117474,23.2664286334755,20.2146943034281,4.49452936410843,2.30202285836691,22.3988005680824,2.59533319232287,2.18746815849498,18.9999881481481,2.99573168096122,0.8439013532557,4.89110131799383
27412,493.402949148228,4371.27486187845,0.570482168710461,0.00511506155787392,0.0224031755389704,21.9037455240885,30.8635368576993,2.24740100439653,1.38830540126393,28.4670304335284,1.96063917416652,1.77454014265467,11.0000118518519,2.48490763744183,0.80554938238966,7.73382851526388
1717,1028.05285522461,3132.2,0.312084138393402,0.00179191391764149,0.0609533569285641,21.6805659544203,23.008569889775,3.53816668288918,1.93540080923845,24.0483016459147,2.18364828658876,1.49908698966295,6,1.94591014905531,0.494530656908376,5.50242371184216
2748,876.039808000837,5839.35915492958,0.838345221110753,0.0083136389617646,0.0631509165198197,15.915358745772,13.3271833822761,2.40403757178497,1.69730967609818,18.207389169493,2.39929891014858,1.91987253696302,8,2.19722457733622,0.438870133990515,5.72140407600602
1116,112.210554977943,6078.84482758621,0.996344621839194,0.00585144861210846,0.11721931237668,22.1034955021066,26.7566032157548,4.95607146902576,2.25718703496524,28.9483096740255,3.21623880782954,2.10411578024965,4.00004740740741,1.60944739387063,0.968381402861455,5.40805874907062
3070,1178.96128191267,6870.69411764706,1.35049419814632,0.0307816368498028,0.129196661080162,16.542773332059,16.8188922463211,3.02043260566988,1.31093697033525,14.6890341490702,1.88390564259124,1.64111734333285,17,2.89037175789616,0.820410701377096,5.13906108268508
2597,448.612857437134,3837.15,0.66353018283844,0.027151299759251,0.0681297330152255,20.4457347295618,28.2946322829636,1.47710392395648,0.948792058230209,27.5642011006673,0.952523595185031,0.86561271453367,6,1.94591014905531,0.555063918185611,5.91620206260743
2168,765.205926513672,4585,0.910259580612183,0.0104992540679099,0.0960351927337285,21.3500723436143,19.3446351227937,2.57453608145972,1.95649274341828,18.9352354685466,2.46538848827058,1.90488873172728,15,2.77258872223978,0.796937260906223,4.90897164031976
1224,418.832427978516,3733,0.935775518417358,0.00731380932936787,0.0475000754229065,21.7132678370322,23.1894734798334,2.27052889005315,1.39140245431808,24.0549787309434,2.00282001193558,1.45847298044114,10,2.39789527279837,0.0937607582490739,4.7119841902739
1073,787.720123291016,5460.08333333333,1.48192677895228,0.0194457020871729,0.0833268926546774,18.5037641231305,19.3046619462378,2.30690596126728,1.07391715265771,18.1776016800492,1.5884015775441,1.27368320287108,15,2.77258872223978,0.79724035984589,4.20562502039092
1245,54.8083410263061,4712.62903225806,0.213322598487139,0.0152534030689927,0.0214872261983684,20.982973253257,30.0167967697199,3.45574939687955,1.93693363410951,30.184998141053,3.45574939687955,2.77238221315046,6,1.94591014905531,0.643282486190414,5.18098065984349
1052,117.451730728149,6562.75,0.35983170196414,0.0481990598868052,0.244799601151673,19.9964678856635,22.1230690638225,4.80628763839628,2.14149161786236,20.242145368788,4.80628763839628,3.35728717657636,11,2.484906649788,0.214193242054679,4.47354174350965
2640,143.619657244001,5825,0.327192764197077,0.000842115910294849,0.0424684789932288,25.3390820504535,24.576228994271,4.28294271125748,2.54021470701739,26.4095706109896,2.57863012930994,1.94532368038055,7.99996444444444,2.19722062671113,0.506436628191525,5.68131356942923
1717,676.811218261719,3992,0.864470720291138,0.0149366577061514,0.093101786557348,23.3801367229886,27.7321860093336,1.95931482766911,0.874078007011338,28.9106428782146,1.12811339030318,0.935730986873001,10,2.39789527279837,0.653602151734207,5.05043858809911
11227,277.068224427047,7114.55396825397,1.06589866206525,0.00709951475058258,0.0867037429168615,21.2950751508144,21.4230421532749,5.65444794245388,3.83493823740202,20.268153336271,3.49760115385271,2.11453335121556,15,2.77258872223978,0.815439693294855,6.553488148219
1782,465.135219319661,4207.80434782609,0.421565341287189,0.0210565284141294,0.0693997893332054,23.6683875798027,23.2139443807556,2.48721184004025,1.9356516047352,26.7525758936785,2.43463964794681,1.691735892292,6,1.94591014905531,0.126820688280056,5.53958145897544
2104,606.728349793632,3229.75925925926,0.483244297077071,6.99875016949734e-05,0.0213691991156952,19.1749144605158,16.3843367611921,3.24879307520404,1.91961766428324,21.5600781177788,3.24879307520404,2.16666369930871,9,2.30258509299405,0.0673531122745252,5.34901048086356
1116,597.288269042969,3300,1.50636351108551,0.00644978654051442,0.0350520982730416,28.0223607381186,29.9034091790517,1.82153814059722,0.96764059935784,28.2463794708252,1.23765757094899,0.92443954227573,5,1.79175946922805,0.111249971864868,5.2257466737132
2791,584.344244791667,6553.53289473684,0.64717412630717,0.0237042733362947,0.1391600420167,20.8771887260571,22.2598461039583,3.18335082550971,1.83963047112276,18.541685581765,2.76944146465108,2.45033156880033,12,2.56494935746154,0.0731566786226998,5.36920587607479
1030,649.521565755208,6404.2,1.46203682422638,0.0158847907753142,0.106252953895993,22.5743968143258,19.1634238318792,3.07127039157981,1.68682854929437,24.2528597796405,3.06756460939881,1.83891683335413,11,2.484906649788,0.277232033993567,4.45240743143568
1116,728.973602294922,3709.375,1.64657713472843,0.00820364852938482,0.128791587359398,25.608294974433,25.9583974549265,1.85284358109463,1.05371209423582,28.3773433261447,1.49748191610693,1.1100432382289,8,2.19722457733622,0.329163543345521,4.82028156560504
3499,679.547537296376,5470.54301075269,0.604104594347325,0.0121286565999834,0.0603183941873599,21.2542912204358,23.2853192899718,2.91345905996134,1.73949557956232,19.4884676679204,2.91345905996134,2.22028294809466,10,2.39789527279837,0.503390011886672,5.76233721956932
1374,247.394144482083,6935.02777777778,0.951497269173463,0.00950592724024841,0.162526697221515,21.6186022891794,22.0652639506775,4.76559549842662,2.58864781126719,22.0954559420362,4.0576518384588,3.20067749249934,12,2.56494935746154,0.0650447945133805,4.66053211532076
1739,918.865667724609,3484.1375,0.960112522542477,0.0187988807590386,0.0347474071676771,28.5017607001848,25.4149967011951,2.04963166671458,1.28772620783144,25.5074088626438,1.95395264906162,1.41032285526393,11,2.484906649788,0.371296523678036,4.97615886456628
1524,601.115278195112,4749.25641025641,1.08900615038016,0.0173635281586654,0.0683150005654136,21.4108582582098,25.7005996602666,2.1343993564852,1.42811730658737,26.5957790048714,2.1343993564852,1.39372805775323,6,1.94591014905531,0.466504707905071,5.38318358719128
4336,811.01787620367,6795.01162790698,1.73499035835266,0.0305943615246895,0.134363736246987,20.9126146226172,21.4071713696842,2.21221731993296,1.19565764749957,24.0559026532497,1.52745158325079,0.971164512282063,23,3.17805383034795,0.153143708128938,5.19665371277154
1095,181.736831347148,4133.39583333333,0.875467650592327,0.00623976343067056,0.0244518843546852,25.397703452435,22.9500505659315,2.02857356928244,1.06496318807218,23.1774129938196,2.02857356928244,1.46853644711756,7,2.07944154167984,0.560272146986316,4.91906810057077
2469,167.988199869792,4130.42424242424,0.406811305970857,0.00423851744148973,0.0135238773071303,22.0875499975802,30.5732302482683,2.54108462102423,1.38148468952826,33.3012507184989,2.54108462102423,1.36513491486002,7,2.07944154167984,0.266618234913344,5.73212694766534
1245,708.60562046596,4724.11764705882,2.71267128671919,0.13226017414134,0.379272423589125,4.10466463345449,7.15725109436937,3.29269801094424,1.64277906690889,2.00733955732358,3.25523323257604,1.8848547178575,17,2.89037175789616,0.097274923905224,4.23651905100264
3799,789.073887416295,5978.06603773585,0.729331970214844,0.134589378567977,0.261196221475585,18.0733518964341,21.6272101901827,3.08491266575818,1.61864935325965,21.837517346876,1.86539421046487,1.20819469830648,11,2.484906649788,0.0142627748942782,5.75758650339962
11033,836.911721028073,3865.92957746479,1.69614004690043,0.00769582731030993,0.131943769342712,23.5618457408272,27.9991385262661,2.05367191553062,0.991308461696046,25.5852819099486,1.32689521848221,0.927353129576915,35,3.58351893845611,0.389843816064811,5.7251271223042
4615,761.222473144531,4063.44628099174,0.969392056347894,0.00479820822548584,0.0278214149904001,25.4975665267813,27.154265166774,2.93175692318849,1.09237969544181,28.0526182337568,2.93175692318849,1.39792650828296,9,2.30258509299405,0.0300704736409321,6.13448205394291
1717,505.086395263672,6802.5,2.41613078117371,0.0285036641779044,0.0596315170870909,20.7259036320512,21.3146864997016,2.29423427006546,1.05090262792559,21.1542475382487,1.09676314545586,0.74685319954978,12,2.56494935746154,0.804915884601427,4.88338450343594
4529,308.356563380507,5913.22950819672,0.524388323797554,0.00186584625190383,0.0858584090069333,22.7679403718486,21.1179881513538,4.01434185332121,2.78662953473148,20.3066277675942,3.61183214512001,2.94974484461722,11,2.484906649788,0.550296452234513,5.93334979376821
3091,786.609691273082,3110.03448275862,0.671779253266075,0.0252581164178436,0.103122443883996,16.5735503226772,11.921853023836,4.8173067523277,2.14270313737881,13.7762077214617,4.8173067523277,2.60963906125088,10,2.39789527279837,0.956854817656181,5.63835466933375
1481,1004.26214997665,5772.79347826087,0.860282671192418,0.0608853344091437,0.280167234467493,3.54558409877671,4.52047043016796,1.75840127923129,1.02276278611886,3.66408915312388,1.58660437447662,1.11963095650304,10,2.39789527279837,0.452383177848626,4.90257754146943
2361,586.800886310515,4485.93442622951,1.58566711378879,0.00169015033103822,0.0213069688833969,25.796202894924,26.2732951369092,2.91896079373598,1.79538990797998,24.1992233158243,2.91896079373598,2.18083908791538,10,2.39789527279837,0.340348994951628,5.36894526428714
5925,770.682560374902,5426.82389937107,1.42319838805768,0.03058744745187,0.0847139209319041,20.2665271882345,21.1916531923181,2.7810397063455,1.49847117315643,23.127645886819,1.86124213262459,1.67382294058912,13,2.63905732961526,0.710712323102624,6.04787863638807
2168,1138.21852463942,2903.07692307692,2.58540826577407,0.107031210344583,0.328983370879501,0.408521125779544,8.96569700804577,2.47346512927271,1.2259313436204,-0.646363354544235,2.01348774176748,1.23037193510165,20,3.04452243772342,0.296831099967157,4.63703792483611
1438,731.687309628441,5748.08333333333,0.795460671186447,0.030697380473395,0.0938067322315967,19.8551313791896,19.3169053577242,3.21368699063936,1.76665561175257,19.3528961827516,3.21368699063936,2.13029884976689,7.00003555555556,2.0794459861144,0.509216538154305,5.19156255216659
2211,924.893404447115,3238.11764705882,0.581945154529351,0.00225400833487829,0.124733104887461,22.7147062276703,23.6752978081797,1.99470875107484,0.994508926609053,26.2449756497651,1.29871832170085,0.834740689199306,7,2.07944154167984,0.896329194820134,5.62175863917761
1610,231.983086562738,3497.4512195122,0.667384681178302,0.000106636206591321,0.0317449945960294,22.5554114923245,25.514780153104,5.30776276774666,3.20170668595048,24.7820400207024,3.35991688294018,2.27322728275326,7.0000237037037,2.07944450463841,0.589198390232383,5.3045449533401
1052,741.629821777344,4146,0.238830044865608,0.00360174593731699,0.0847555527819281,23.2321139386906,23.4909195582072,4.12375441489897,2.03521142628724,26.3449936336941,2.26806729501518,1.28033054777544,7,2.07944154167984,0.603431697990361,4.87900685161782
3735,1237.02213346041,5397.83333333333,1.58853399753571,0.0104412954116479,0.108016542521489,1.0555461088573,6.21708439922838,1.87439466515784,1.11885517684546,6.87201495902252,1.3704031349275,1.02600409623629,9,2.30258509299405,0.63063051427584,5.92291800457287
1245,488.569793701172,4344,0.649744749069214,0.00468782833091197,0.0928514056434828,23.620396981188,25.2957919597627,2.30000608362649,1.67107491020869,23.7315907372369,2.30000608362649,2.08108355867852,5,1.79175946922805,0.408499050696626,5.33513133967075
1481,1199.90551757812,5946,1.73823463916779,0.00548236007362846,0.0453066488693779,15.0901154200236,13.1443432636751,2.0421816728693,1.15903631603957,17.7930862002903,1.95861744787415,0.938876965604047,10,2.39789527279837,0.669767857012966,4.90257754146943
7942,164.479218469412,2262.29857819905,0.121595491377098,0.00147541779174782,0.00433258844338949,22.8825222026073,20.5343427702418,4.97031577909963,2.44336291844216,23.1358240218964,2.11098975879715,1.23484662461278,11,2.484906649788,0.496263418126426,6.4950137619032
1567,1046.45145263672,6076,0.377506446838379,0.0152617797704146,0.103921335894762,17.5977229784895,22.6053350790953,2.69381180274433,1.63485882150209,21.3679887559679,1.42825005225065,1.17136116286801,10,2.39789527279837,0.700603350611025,4.95902296955765
2554,242.724781036377,3056.609375,0.138958471245132,0.0101870678656368,0.0139327381517447,22.1671246846518,17.1251019795736,5.68473487948519,2.3702642262936,17.1639599694146,4.28536255244988,2.58561583929254,9,2.30258509299405,0.0296926906622766,5.54283094359844
3091,366.080323736352,4397.0421686747,0.470865049276007,0.0146710747816365,0.0778059325637552,22.6497202037422,21.5874175049693,3.32052683577773,1.69204592044045,27.4405296678046,2.04134593744517,1.27479589011311,13,2.63905732961526,0.720299812307687,5.39719261251686
9724,735.731139648438,2366.4437751004,0.799271202564239,0.0182085820959704,0.0705545785408275,23.592202623632,30.0038853021884,1.57114044460972,1.13351525190437,29.5492865949271,1.51203726529274,1.01157797245223,6,1.94591014905531,0.678957737843992,7.2364421863807
1868,1346.54248046875,6269.625,0.111662797629833,0.0276115803986177,0.105210967945358,14.4334662187912,16.3001976701948,2.63616651233623,0.896062099040188,13.4500573193586,1.49091482453935,0.992556244270088,13,2.63905732961526,0.337634790336783,4.89356628917353
1395,572.376815795898,4854.725,0.604513815045357,0.00393826117330676,0.05353551286886,22.1588535760039,24.2297244008382,3.54724273080998,2.1055376659156,23.9256042056614,1.88332395595359,1.47477818280486,7,2.07944154167984,0.662482089351992,5.16120815257563
2018,830.63752746582,3654.09615384615,1.75791787642699,0.0154863119750967,0.107777505788673,20.8933692524576,27.4441697596563,1.86595387854361,0.930399014542938,26.6412491366395,1.86595387854361,1.07992204908594,10,2.39789527279837,0.845735694636957,5.21196692811518
1524,1071.24330697409,5021.575,1.57156618048505,0.0192292957516372,0.0727424657351897,17.7322077310213,17.7124843019428,2.23925454185879,1.24695255832081,16.3222253163656,2.23925454185879,1.50741517030951,8,2.19722457733622,0.90155888225486,5.13186915891037
1374,170.440628487723,7056.25714285714,0.38583565396922,0.0160512801716279,0.089514209307558,20.7516117013911,21.234182971369,6.19747867846741,5.54576956192958,21.4092501625182,6.19747867846741,5.53189710910637,6,1.94591014905531,0.803951279532713,5.27957132372698
2104,627.750767460576,3885.55555555556,0.558384813644268,0.0100634903212185,0.0520588528722772,22.068027383006,22.5632210310368,3.27348228332574,1.78406578495524,20.0266202557725,2.86655435975548,1.30637043913117,10,2.39789527279837,0.646260670063651,5.25370030105923
5710,334.297621264429,6390.56586826347,1.2783790230751,0.0270114083645262,0.0531650568884677,21.8266770272528,19.9469721514308,2.83696171740354,1.78776091915255,22.750570621351,2.38694998941825,1.88995770354222,10,2.39789527279837,0.176611812241438,6.25207902985169
1009,456.320129394531,6772,0.330717653036118,0.0161060207583041,0.2637446628448,23.2364781574536,24.6477228694492,5.20072377023713,2.32534309449942,23.1600961049398,3.51356435302311,2.73072522477478,9,2.30258509299405,0.19807846128113,4.61412992735956
1030,528.87685324929,4690.86764705882,0.567684038118883,0.0268890151348418,0.114805241514592,25.7018437952778,24.0841760841071,2.59106250879717,1.53170624430083,25.4126683577993,1.92584209833553,1.11510153760687,5,1.79175946922805,0.56878160677,5.14555461199563
2211,718.214940992452,6897.74576271186,0.319017398660466,0.0110326054148583,0.0936466416708987,20.893751332676,17.483279840116,4.81654288844506,2.59663541847544,20.9978417319318,4.81654288844506,3.75795058710639,16,2.83321334405622,0.353212566783274,4.86798683680123
4164,876.643907996697,3754.16935483871,2.19102753614022,0.0776824326966281,0.277524910264673,1.34268143382957,2.30686013895127,2.59963827678577,1.11064914708826,-5.32837865549175,2.05905306640771,1.65207120457765,27,3.3322045101752,0.738503639459427,5.00202691955966
4422,448.482634147712,5955.29824561403,0.838927098871333,0.0154977473090178,0.0338749841728055,22.453296497232,20.4564428833881,5.58912403933168,3.36218936146517,23.5222681517722,3.43706594853348,2.8619756299554,6,1.94591014905531,0.162993099616974,6.44843721236208
1138,510.428649902344,5191,0.822908937931061,0.022722327680448,0.226283207964094,23.4201087008241,30.2594314575196,2.63641983166281,1.60914472391146,28.642396121555,2.35044101191849,1.20230940518427,5.9999762962963,1.94590676280619,0.172441821246536,5.09112085188008
1009,779.772827148438,3174,0.304619669914246,0.00596746478678511,0.032169155162709,27.1061857777257,26.5601640701294,3.64545818507712,1.96567525553874,26.3421535915799,3.64545818507712,2.43424372457631,5,1.79175946922805,0.755956952392177,5.12495555112555
1868,141.495645840963,3115.52040816327,0.190924257428075,0.0153440350243474,0.0181905923757517,22.6305856315458,17.4843503119994,5.24402938911764,1.85814842972953,17.9793606444552,2.76594068899781,1.71465425042971,13,2.63905732961526,0.309385512564752,4.89356628917353
12794,891.99289951663,4254.57566765579,0.636006903807087,0.0031089812220658,0.0549084798450798,25.3825154547561,27.6437601148571,1.23334852559428,0.568263909980305,25.5197476503679,0.74084440508455,0.590322550781137,27.0000118518519,3.33220493345554,0.574135409065784,6.12452665655455
10883,648.848501383464,6188.34280936455,1.2951002240181,0.0232113098757395,0.142290491725058,20.895656439683,22.7822450212419,3.20640834263128,1.64561211716185,18.595487670303,2.2153035452696,1.93232386996269,14,2.70805020110221,0.163777868726647,6.58690701659385
1138,986.648010253906,7029,0.727876424789429,0.0131413269470109,0.26900318973949,22.9955935406428,25.019450406675,4.33078844682894,1.96664258374666,25.0448352389865,2.87466379715385,1.96498130282175,6,1.94591014905531,0.490334084121443,5.09111746563096
3842,731.530999077691,3439.49494949495,1.35553187192088,0.00505030178707388,0.0833672858182488,26.2196595734619,27.6992565496413,1.80979488830882,1.05095779084521,26.3772584930147,1.80451483015068,1.38537160876391,16,2.83321334405622,0.937581638406809,5.42053499927229
1567,546.425524030413,4835.62244897959,0.684381007539983,0.000941615699265566,0.109728787559471,23.9267278250619,24.7684050051805,3.99998805435433,2.03496279587389,28.3864501070814,2.1043561522826,1.38130494743889,6,1.94591014905531,0.388892945821821,5.41100809330071
10325,357.962319478501,5814.73443223443,0.452241827319138,0.0245723236491495,0.0849448532514696,20.8591380972857,19.9143308130668,4.81768208270219,3.50821319869961,18.4279684739818,3.00127587565054,2.69426666658664,9,2.30258509299405,0.142507042345253,6.93973832483519
3027,1074.36965671974,5189.975,1.39939076538327,0.0151400851633298,0.0925882732289978,23.1298076587253,26.1302327865209,2.18500847530242,1.38187388316263,24.2755949656168,2.18500847530242,1.23303020620808,10,2.39789527279837,0.869617973705796,5.61743203622335
1374,965.267272949219,5721.5,2.43078875541687,0.0310869876196662,0.235741888099383,9.09872982886537,14.2307009061178,3.47505662529232,1.57357730503456,13.2916404300266,1.79573500331399,1.3778548729545,9,2.30258509299405,0.374820272819987,4.92289637978825
2812,615.06617715914,4638.08219178082,1.0969673052226,0.0056147252182581,0.0735161943212429,23.0576387826348,27.1615622851799,2.08575467927971,1.0003000429252,26.2688427337229,1.08661348359967,0.836734156424242,8,2.19722457733622,0.524615168196675,5.74442667559434
1030,654.963989257812,2532.5,0.0996109917759895,0.0480113372226469,0.0653522741481076,15.8828811317362,9.22851598690721,4.37259263675622,2.37780878429702,9.02647666931153,1.52347467431045,0.968724615733613,10.0000355555556,2.39789850511638,0.293038939111541,4.5394155761073
3349,182.974607987837,5282.20689655172,0.796456326137889,0.0309205082666237,0.099726077324096,14.0417660694927,18.2018071857905,8.78118797050048,3.23571673822294,21.4138970975523,2.86067238332475,1.53853077007748,12,2.56494935746154,0.0549761352658684,5.55146771533267
2919,1032.18890220241,3084.06666666667,0.888877510240203,0.0199966739749818,0.198996937504495,22.4178678535178,24.4658174332762,1.89889256564426,1.17541678982813,21.9966009154143,1.89889256564426,1.61113776178153,14,2.70805020110221,0.693266410628478,5.2709461697519
1030,552.781007828251,3707.12903225806,0.378883772319363,0.0286729800350235,0.0831899943815217,22.0593054751245,22.5000038046705,3.34207996913745,1.77797179185065,24.0402655119537,2.80392787337063,1.4627432816629,6,1.94591014905531,0.928670991215284,4.99140393216837
1460,875.471801757812,2426,0.277900278568268,0.0411037668066889,0.0853657838159805,18.8581533206407,15.692592330206,3.83394772665585,2.84543547518582,17.1907357533773,3.24283826166908,2.88851144966161,4.99996444444444,1.79175354328457,0.531701239071675,5.49443817141781
1266,73.5312792096819,5701.82857142857,0.305689819157124,0.00281813287088103,0.0899200637820728,21.1176478220387,21.1567515255156,4.9912654220822,3.13863232710349,19.052491209242,4.9912654220822,4.02078616694067,7,2.07944154167984,0.7979842499874,5.06417606102429
3821,733.657656069155,6127.72222222222,1.06594158874618,0.0275597776837561,0.090163195211547,20.7908525021035,19.5675876095764,1.94193522386971,1.0329681485221,23.6065466719891,0.544777344448633,0.365661180455857,10,2.39789527279837,0.62066072711796,5.85037217464853
2426,352.360076904297,5264,0.562842905521393,0.0194292863155425,0.043400559198485,19.165009159512,26.4234647821497,4.10818774865354,2.17005608171665,26.3681386735704,4.10818774865354,2.81212735207725,6,1.94591014905531,0.441743759158741,5.84808894044868
16937,338.598155410835,3818.20449438202,0.768704199937961,0.00095535189704821,0.00792062148182138,27.5687994613732,26.2767582989162,4.88312247025534,2.11463809490548,29.6720374856252,4.84783105721412,2.53431639621086,8,2.19722457733622,0.307209867719584,7.5400312795549
6247,679.75946028154,6672.375,1.44870388114845,0.0161999244243083,0.216363041767869,21.3943520207558,22.008496898133,3.20662575341191,1.59320024298505,23.2625202791191,2.80448163541227,1.62357015482242,12,2.56494935746154,0.712759481830546,6.17490727003203
1159,697.688232421875,4144.25,0.763738036155701,0.00931945707833393,0.0484643989272051,21.0973639006256,24.4271641201443,2.59523936219596,1.59958489775913,24.701072523329,1.68563700793378,1.30785849940035,6,1.94591014905531,0.470329632062207,5.10940269428444
4164,631.126476287842,4124.92857142857,0.910239140902247,0.0114791577513737,0.0704373643582668,21.652197428526,21.5797036363965,2.74751978714549,1.4440885873031,20.3182219974578,1.61281451668481,1.34626235012724,13,2.63905732961526,0.152531749252417,5.6951741001196
3821,1043.16375671991,3304.33168316832,1.25520085108162,0.0770270750657667,0.258535380633025,1.26448751303582,2.66691526658462,2.27746090439262,1.15107418756878,-5.56586398553793,2.27746090439262,1.77769936300978,21,3.09104245335832,0.0128441847003864,5.15722499408858
1245,716.222191704644,3855.33783783784,0.313550706538889,0.00457713140957873,0.0658439345547355,22.8879924740912,23.8001428131586,2.83778851266373,1.88490269971419,24.7249299894225,2.75340600993916,2.15176354115788,5,1.79175946922805,0.662556780229307,5.33513133967075
1760,187.917863099471,4840.55434782609,0.126590949037801,0.00884111532078945,0.0303059858927297,21.7381468984667,22.8122365463183,5.39264502714452,2.95998480278848,20.2931494837222,5.39264502714452,4.20491610510587,11.9999525925926,2.56494571073124,0.207188045387041,4.90812337730096
1588,454.119458285245,4522.27272727273,0.650638065554879,0.0285441404367504,0.072000294547726,21.7369795533569,27.3872860438239,2.49228306553229,1.13163951361127,28.1929982156465,1.41480347471552,0.952457680321423,8,2.19722457733622,0.501865960531869,5.17300606447086
1331,849.055560137775,2913.06756756757,0.332395263620325,0.0594356889914915,0.192340555805624,2.80943707291806,4.88300112360599,2.75740701846233,1.25539707008202,4.93607785336616,1.9712126948906,1.16141028541732,6,1.94591014905531,0.395869251398979,5.2477756693398
1481,552.403290539253,6524.09756097561,0.304222269756038,0.00797914149282147,0.0524675369238615,20.7361794865666,23.146615706919,2.66767030823322,1.81222732478046,24.6091022450104,1.92378379290879,1.29458020792113,4,1.6094379124341,0.814232547490084,5.6910349018337
1910,863.832798549107,4093.04081632653,0.878349166135399,0.00765928062149598,0.0162069570639149,27.4475576442193,24.2947966065266,2.17746290843792,0.926447575074215,27.290637186271,1.2800956290117,0.740818820217418,9,2.30258509299405,0.972129000630752,5.25227342804663
1331,804.064331054688,5654.5,2.63563776016235,0.0265014920181486,0.115982176000433,21.2069281588318,19.9233026872602,3.36706343144518,2.08504227236776,22.0912535349528,3.1531813795202,2.42518109426055,16,2.83321334405622,0.648062545030954,4.3604724743389
1245,1259.18801269531,2611.16666666667,2.76752297083537,0.238087838242248,0.431000273042177,1.70485560372742,5.91134074952873,2.01719235363931,1.21434709269084,4.83231849670415,1.63400405532051,1.23666892260766,17,2.89037175789616,0.755885606773374,4.23651905100264
1159,149.337910515921,3648.48214285714,0.332095806619951,0.000543453439457815,0.0708806565486348,22.7075139484709,25.929355345832,4.26862975817755,2.29473255370531,26.119613568745,2.21748133052403,1.68318205731171,3,1.38629436111989,0.946149174235252,5.66901848221986
1138,213.438328136097,2949.27272727273,0.162694250995463,0.00171589824213763,0.00708485984764839,24.0427281581995,18.5861863325743,4.1714697708904,2.74790403309882,19.1394663762566,4.1714697708904,3.52018078671348,6,1.94591014905531,0.952971101265583,5.09111746563096
1739,955.596801757812,5339,1.61416268348694,0.00134849581893093,0.0481801831403814,20.2567625640542,17.7993347803752,2.21698317448443,1.15551526873364,22.1856607225206,0.676889998337781,0.565342390152942,9,2.30258509299405,0.0750233984377637,5.15848042136024
7234,1162.67152389054,4228.23846153846,0.989359708790927,0.0272089145310838,0.0915493001828628,21.7871783039713,23.4825321408184,5.17899111955183,2.27687567611795,17.9672914488704,3.79888503976346,2.24751162967986,9.99996444444444,2.39789204046991,0.444849643316794,6.48865537204213
4121,277.201060802013,5816.97297297297,0.313863662986068,0.0218803029513539,0.0443730049500285,22.2233403921752,23.3151002429781,3.81945679947425,2.49757786426668,26.9081716092619,2.19581954969993,1.34507029796247,11,2.484906649788,0.906375013062431,5.83894448155082
4143,214.825242337314,5508.51834862385,0.303185734423724,0.021490677913458,0.0293867743941398,22.4641964414834,21.9308142355823,4.56323331321936,3.32014119866901,22.074815747789,4.56323331321936,3.62679995682758,7,2.07944154167984,0.467155417031272,6.24973390039757
1674,555.601809237866,4320.85106382979,0.847663998603821,0.000239429705696742,0.0793097207231775,24.3555672305132,25.430740855216,3.32472329537026,1.2447371554566,24.4626937099665,2.90309364440229,1.5000162675665,11,2.484906649788,0.336413615922869,4.93806460126142
4164,421.252773708767,4168.74770642202,0.271245747804642,0.00610738340503875,0.023206254006045,24.5097410726985,32.0225488773545,1.91306533124869,1.39140687582359,31.7724756165018,1.8232671696338,1.4873724852229,6,1.94591014905531,0.976016942362804,6.38832128067955
1052,686.328676663912,4786.69230769231,1.74701818136068,0.000876050737755207,0.0149059877902155,26.1037612268213,25.5272164882758,3.26393017378753,1.9983195000023,25.6578643603203,2.45143401344042,1.79410448552579,17,2.89037175789616,0.145391912583567,4.06807663540149
4379,1028.65965243253,5346.32432432432,2.14516340602528,0.0114979997774527,0.0331977692929459,22.7893816845114,20.1473529698255,2.73405832279395,1.04095968824198,23.8711093146522,2.73405832279395,1.41141885148047,9,2.30258509299405,0.917100286168405,6.08199057380735
3542,430.85140114269,2797.10344827586,1.03394596604095,0.00513995658553543,0.0807629980893173,25.6022569234953,29.6626512515507,1.46321711176172,0.865163203050314,31.253309170466,0.86502592873946,0.581057213294126,19,2.99573227355399,0.968900999322123,5.17671454478879
2683,228.402734675878,6535.71126760563,0.705599533839964,0.00933565225639279,0.164825668609637,21.9492838132736,24.5216628778966,3.89471438197784,2.29333149789746,19.3399619375596,3.89471438197784,3.37569201762784,10,2.39789527279837,0.43698949272116,5.49679557762725
1116,516.744457244873,4830.53125,1.72801332175732,0.0153757830055596,0.0544188875568565,24.6224964565701,28.0507313263723,2.3781054913912,1.01186257914014,28.1400575002035,1.46997529861602,0.805911278249641,10,2.39789527279837,0.966930732690454,4.61961087014289
1309,166.10592796689,2431.07142857143,0.155845432409218,0.0173609018375893,0.0182442929075717,24.4733008160569,20.9547146358188,4.23254278184713,2.52146558996806,20.5214982431402,4.23254278184713,3.45544757681268,7,2.07944154167984,0.0913731549505904,5.09757722423006
1224,992.443359375,1450.5,2.87772560119629,0.173235514076925,0.40218823440944,0.0306772095817678,5.70452588399257,3.15706654213818,1.32910234322429,-0.325934897528725,1.18454228424203,1.064402912121,10,2.39789527279837,0.224089167115087,4.7119841902739
1030,258.715446472168,5305.125,0.397151103243232,0.0204855539477435,0.136300882828269,22.2509401464976,23.7977611932999,4.22334211133899,2.06306393543604,21.1088941786024,2.05896153477578,1.52684504410989,10,2.39789527279837,0.409288632833176,4.53941880842531
17924,625.571985618355,5725.16219008264,0.490068839628672,0.0143842692979612,0.0833356890446718,22.1057347205377,22.8235580176361,2.99297123798065,1.66833395168995,21.0217469046376,1.95105259255166,1.34200143122687,17,2.89037175789616,0.97903526541108,6.90352411800987
1331,831.621766786318,2443.51351351351,0.156396005201984,0.0134709953845798,0.0449107884789347,19.1668739877583,14.1407882775337,4.75632996627295,2.25886825042094,13.2011226012542,4.75632996627295,3.11964501208621,14,2.70805020110221,0.17842060446066,4.4856356172929
1889,529.211675679909,7270.31132075472,0.842199939601826,0.0234060501086922,0.152940183690236,19.5172574451715,19.2870517878898,2.43068141063156,1.26115841350361,19.6279995220512,0.916568189993757,0.639440755647711,14,2.70805020110221,0.137079084547454,4.8357526663993
1224,1736.3988571167,740.015625,0.258703923784196,0.239831486261853,0.435842927288224,-2.02676007260561,1.17255802732524,2.7768771030837,1.24900690895205,-0.756816609700479,2.1676233531415,1.39490704835386,19,2.99573227355399,0.235157331448214,4.11414718951828
1417,226.801934731973,5788.75675675676,0.747089313494193,0.00784005311794698,0.0499405047257601,22.7247455588056,22.334730444926,4.6258145335044,2.42796808651915,22.1718444618019,2.86129860463684,1.94477563212171,10,2.39789527279837,0.475978869175496,4.85840196689231
2705,986.648010253906,6116.475,0.727876424789429,0.0126389258871832,0.079549796168272,19.8572234205021,21.3142534007197,2.72029131760624,1.44905924431032,22.4717413584391,1.33212299892182,1.07592812928574,20,3.04452243772342,0.258246790442932,4.85833475355716
1868,266.645130025929,3934.36842105263,0.204511676369042,0.0486946520599043,0.12728278698981,9.50933565507864,9.0948994876349,3.85646022306478,2.64435360886029,8.94302206206743,3.85646022306478,2.30772182224542,9,2.30258509299405,0.567424161229397,5.23003852579474
1481,96.8381655143969,2948.92424242424,0.288502837220828,0.0128249421858893,0.0145722314337713,26.3971864832694,22.8270488728874,4.75236760119435,2.13287387278754,26.1394752772168,2.51317022251051,1.74456580773067,16,2.83321334405622,0.11850107166095,4.46725947021158
7363,819.24402652913,7084.91,1.16496277993648,0.0444698811590069,0.145253064976437,14.1603736936781,14.0237245012366,3.48715791080244,1.48997544307123,15.5388663991292,2.2258004060106,1.47588899159082,20,3.04452243772342,0.783385629974732,5.85970029964529
1181,786.729187011719,4854,1.29019832611084,0.00398318302239886,0.0191389384813121,25.3121438877557,26.6749080542363,2.88452700442417,1.74053091706056,28.6073924594456,2.88452700442417,1.81227157155197,8,2.19722457733622,0.221278244595364,4.87689223886114
1653,771.123229980469,3507.5,0.937828183174133,0.00468037911654307,0.0680199963730708,23.3754451963637,25.3038973605994,2.19265638144533,1.25492210343118,26.6297963884141,0.840822774264009,0.5205496934656,8,2.19722457733622,0.0506275149949921,5.2131225204848
1266,1007.22106933594,4741,3.57546973228455,0.231617630439683,0.396410065849903,4.20641592292384,8.51952859309688,2.27201272085975,1.22657010115063,4.80945315890847,2.10659843744293,1.33866312650995,16,2.83321334405622,0.479125060362722,4.3104042586479
1245,1232.64646809896,2939.7,2.27064134279887,0.0777115861106573,0.286552435253284,-0.960318051956847,2.26219525922806,2.04102141818964,1.04914603780866,-2.4672660262496,1.95193895905534,1.54169524443677,16,2.83321334405622,0.40249365522832,4.29367746484259
4765,580.511324545495,5585.81679389313,1.09544861944098,0.0151231293418108,0.119205995590195,24.0382688766101,26.6228530257173,1.08974019236856,0.569733082476439,26.6282043994131,0.702866754484164,0.459581530279252,6,1.94591014905531,0.841976531001902,6.52314266703299
2962,528.006121600116,6374.2,0.776532739768794,0.01869630132555,0.0594473335612896,19.9582046426754,20.8239967346191,3.86354863311534,2.49938327159679,17.9619923061795,3.5419889290184,2.76325975728718,8,2.19722457733622,0.742204040775789,5.79639541749152
4830,1468.85784373564,5722.99264705882,2.06956982787918,0.0118192205749208,0.210532753932726,2.91313358755684,-0.738083810935677,1.82605957442675,1.37674213357216,0.869193088307156,1.82605957442675,1.22730697551316,10,2.39789527279837,0.862034984791224,6.08470647384825
11957,902.736203754812,2345.03924418605,0.198571010473846,0.0177772779535979,0.0519643502514252,19.962063916095,17.9046407687264,4.45285481497144,1.8201229151105,22.2271546336724,3.05477734417823,1.6751037884929,21,3.09104245335832,0.371950764966606,6.29802970656126
1052,480.174748738607,3031.125,1.12337898711363,0.00896601096210622,0.0207187376813351,25.8195761645283,30.8411784355087,1.67321871749267,0.944104390494832,31.4250084629766,1.08211832764655,0.734285345002654,8,2.19722457733622,0.211014683645736,4.76122381596144
1288,80.5411139095531,3818.5,0.136773639961201,0.00122947078270218,0.077350025361415,24.6075289541072,25.6220203817647,3.49062451480198,2.05807297549947,23.4119997261396,2.98978000372792,2.05591306070716,14,2.70805020110221,0.394007079859232,4.45279570556209
1009,852.947143554688,2640.5,0.213977962732315,0.0116912609575017,0.0481433979277774,19.80656969214,16.9997103373209,4.61537308555671,1.83975139152938,21.1373600853814,2.01519580979032,1.51776123156315,11,2.484906649788,0.723608884282966,4.43180837056561
1460,182.328449794224,3677.40476190476,0.156606386814799,0.00235558262427154,0.00858290730649223,23.4320657990862,18.7098305535695,4.38557385683849,2.58126426410506,20.1871710701595,4.22847697760023,3.12522480642272,9,2.30258509299405,0.640756175804992,4.98360662170834
1159,130.546458435059,3945.15,0.269782823324204,0.00499704380283959,0.0152378304517529,22.053978795652,30.747618836297,2.81616676193971,1.44759743749992,33.3467790815565,2.81616676193971,1.54261116911893,7,2.07944154167984,0.177893705991146,4.97587130165992
1331,818.856041692918,3465.140625,1.21792354122285,0.00661305449566996,0.115676609172855,23.1349527994792,27.2500697930654,2.01944381651301,1.28058369365345,29.7025212605795,2.01944381651301,1.59193739298232,13,2.63905732961526,0.492517862778428,4.55462848877985
1052,552.157604980469,4306.1875,1.24717980861664,0.00322012539720854,0.111818844279617,26.2057996442241,26.402815724933,1.92479614359974,0.762940858578416,27.0043333971942,0.812648887685601,0.610893882598574,11,2.484906649788,0.910587845275435,4.47354174350965
3327,659.548781993777,4031.89655172414,1.16500433031903,0.0453319966316997,0.0947241451310268,24.1648520281901,23.2119746284924,3.65989024215139,1.68062327511721,23.4946482925122,2.47913917075712,1.58106260506327,5,1.79175946922805,0.292133235589298,6.31806680679042
3671,760.029970074644,5726.06930693069,1.45860471524815,0.00275224842009457,0.0586089547184285,21.0914118369159,21.9046145374988,4.43883048717372,1.97778672659154,23.5921370213574,4.43883048717372,3.00995728122845,10,2.39789527279837,0.997251020328724,5.81032411069846
7298,731.110383766979,6183.88383838384,1.11591309698383,0.0251757451602905,0.0756035186999081,20.5748787665012,21.919574398536,2.90208794927883,1.56677033681023,25.9066541412731,1.95136609146288,1.31007311589898,15,2.77258872223978,0.597492281343893,6.12276689475661
7599,442.494290224056,3035.7293814433,0.417923724835681,0.00685753995981811,0.0497430657719173,24.7265526052562,27.1449647792016,3.27847059238511,1.90871078032605,30.1339016559335,2.42665457322898,1.84406904870103,7,2.07944154167984,0.710680704793127,6.85633039698995
1503,638.452866987749,6133.75,1.33048380504955,0.0187525528788803,0.132112382941764,17.8905434974828,17.7748273965084,1.79009659560704,1.16133357358521,20.0024220476247,1.65019217573538,1.13050644608268,7.99998814814815,2.19722326046292,0.123835803063044,5.11799512929005
1653,645.01904296875,7465.8023255814,1.08464241027832,0.0138560698517675,0.240790943355784,7.09447221731335,5.47960380115563,3.77407967638174,2.80844811410414,7.82220179831336,3.54693140638955,2.47808432563302,9,2.30258509299405,0.530985481407884,5.10776200482698
10840,699.320174705376,4355.70875420875,0.741301616571718,0.00629672670332411,0.056251941273388,23.1507424672445,23.1094124095657,3.19201050510641,1.99936516716473,24.8225723459263,2.21002554102376,1.67114634802407,7.99995259259259,2.19721930983263,0.0726674359765916,7.093778965161
4701,512.213035971431,4424.41101694915,0.902226100028571,0.00182934228582704,0.0606053276321769,24.8016834442225,26.458434620935,1.8418889380581,1.23469258219393,26.1454466257617,1.46439413027461,1.2659570528339,11,2.484906649788,0.399594735516272,5.97062388123613
4379,607.274190775553,3654.5125,0.71733261346817,0.00775495800798135,0.037806926527134,25.3156317859225,29.8257935418023,2.30220987158585,1.27789708473885,30.3181969960531,2.29992006654715,1.70632785932571,10,2.39789527279837,0.604453341006704,5.98668039400303
1975,321.041198730469,5466.5,0.656816601753235,0.00313027003937449,0.147772924235479,25.2428053250877,29.9483997980754,4.54601289441515,2.02900564872723,31.9501404656305,2.31922243772186,1.50516473712765,7,2.07944154167984,0.905623792165012,5.50888213565539
12343,1081.15122284026,5894.61721068249,1.22502470706266,0.0270215643690577,0.071018788095603,19.7437471459818,19.456637783409,2.93057088959246,1.93880498159937,17.3499034113119,2.93057088959246,2.47152120499234,12,2.56494935746154,0.0904657437788076,6.85589502228239
1352,573.181229028946,2168.76315789474,0.336233554742275,0.00813269303413945,0.0145084107710431,25.7323601464194,23.0902927761987,3.72345127608376,2.12989030483945,22.1224868930572,3.72345127608376,2.23243331632292,11.0000237037037,2.48490862509469,0.430557711754015,4.72443163150822
1503,185.577811686198,2851.26666666667,0.11621504475673,0.00305749882487589,0.0805650206325915,25.0691042349757,26.4210680285071,3.82569888436738,2.4436571536545,25.8638185571742,3.82569888436738,2.73412045412068,10.9999881481481,2.48490566213319,0.0536858528039934,4.83031272761978
1266,830.228591456558,3784.93939393939,0.448146058754487,0.0214356691951058,0.0606125571520839,21.6897062475032,23.8424742848671,2.8170194951084,2.01051154283706,25.8730209979946,2.17823769184039,1.66634068529712,4,1.6094379124341,0.527981131982741,5.53417969027002
2082,1457.49909667969,1934.67692307692,3.16279329520005,0.219215950732834,0.387336399808102,0.994483440074191,3.9786486824014,1.77660618466702,0.933077076706071,1.39679720625924,1.48036001406183,1.18532304962473,15,2.77258872223978,0.311066244668463,4.86849552693513
2297,735.096372574095,4311.65625,0.542152826275144,0.014842294995745,0.0917808604422241,20.5548736695321,22.0084760665893,2.12956498709323,1.4645367448693,23.0308253394233,1.86196568826638,1.29305964588259,7,2.07944154167984,0.212310299693195,5.65991766100926
1438,1438.13623046875,799.5,1.00833237171173,0.107425535572759,0.373923371146493,3.0313961437771,7.51280810038247,1.45285096021277,0.531226290070642,4.50089607238772,1.0142293405701,0.456746257759823,11,2.484906649788,0.681850640060363,4.78610188849299
1224,951.346565015388,2070.16666666667,0.610299733552066,0.027593658361059,0.0706657571412764,19.5662118863889,16.3051801103535,3.30567684053951,2.38526163539794,18.0313398740108,2.57953012372171,2.19381182369172,2.9999762962963,1.38628843517641,0.891117156918254,5.72359102789587
60877,866.514069449726,2487.51327433628,0.213088703296178,0.0148261890730368,0.0376157657859709,20.0545362461826,16.005300870745,4.48381152104794,2.00762552702734,21.3720744283971,1.97410392921612,1.08599097669698,23,3.17805383034795,0.244473935716465,7.8385568837067
1073,332.023254394531,3240,0.573020398616791,0.0358614278741243,0.0372537404310975,23.1908919918922,20.0182892552129,5.01370463782636,2.75448620202747,20.018131298489,5.01370463782636,4.00249236001935,6,1.94591014905531,0.0164904491470189,5.03230359357539
1009,257.776837579135,5672.86206896552,0.337356264221257,0.015226930541446,0.0253104230193846,22.542652926164,22.3133435947229,3.59004311327858,2.12000239212508,23.2300637767689,3.59004311327858,2.89088556045359,6,1.94591014905531,0.735396922179851,4.9708048712983
1653,272.439676920573,5554.56666666667,0.54740317662557,0.0174890650611173,0.0538489174083853,20.7248209074833,23.1165438729745,3.95858813949853,2.40113511153351,22.3461798208731,3.95858813949853,3.60265374705258,7,2.07944154167984,0.187014527132179,5.33090555614119
5281,876.984359292423,3797.85925925926,1.81998538970947,0.00814266915144259,0.115908603077744,24.0593408647389,27.3088033787998,1.83353919966535,1.00345344544066,25.4657319402498,1.16417554814599,0.948608207390318,13.9999644444444,2.70804783072903,0.460011239270331,5.8638229219779
1846,1019.58424409907,4400.63829787234,1.35702532529831,0.172150399986808,0.466281895930605,5.00547748563741,8.01973371278234,3.26364267219037,1.31972482490428,6.91836299129693,2.15485680865176,1.51299948000092,8,2.19722457733622,0.270323245030023,5.32355183772658
19019,519.710239040262,6223.16732673267,0.379728804661496,0.00242251851021577,0.0184674291991717,17.825529953859,16.905216706363,2.74442155172534,1.43604943514846,19.355979251337,0.803120592220001,0.704192645656356,15,2.77258872223978,0.989408590104112,7.08060503624188
1245,102.62810236613,3961.36666666667,0.625356527169545,0.00893703073071634,0.0722325730960845,21.292638924985,24.179405384972,5.66651439348267,2.34075759358922,22.6302518773962,5.66651439348267,3.7900752127643,11,2.484906649788,0.60024734665622,4.64198415911081
1052,97.3748089334239,2924.45652173913,0.20643585142882,0.00805471573050322,0.00881591531067974,25.2695358165797,21.7001021556366,4.21662293828499,2.16057276331242,22.780976158179,4.21662293828499,2.4141834617198,10,2.39789527279837,0.0687431331221022,4.56055312049928
2147,63.2774887084961,5131.57142857143,0.200962901115417,0.0360011437452969,0.15564334979563,9.47907171573775,14.4475070731351,4.54839374776841,2.72013237478176,15.8874129764618,4.54839374776841,4.38082309873324,6,1.94591014905531,0.501594688888364,5.72591664882347
6397,785.310626579734,6212.66470588235,1.32670265962096,0.0236380154904963,0.116993614083874,21.1027518236248,20.1624349614894,3.28403241099645,1.89760625264467,19.8075375401118,2.39966521361429,1.60108166687773,24,3.2188758248682,0.669636781117999,5.54470858458194
2211,770.722843910331,7102.84328358209,1.62007551762595,0.0813268699125558,0.325365653269785,9.6157709292512,9.0827844507117,3.52283015381182,2.01878438069021,8.54486255867175,2.56478509114859,1.55402398785062,20,3.04452243772342,0.104242566212235,4.65667774313402
3370,259.799224350479,3665.9347826087,0.271614748698014,0.00241296327518154,0.013736804652361,23.8988371302894,31.8536494268888,2.73266871311588,0.999230948746635,34.280082772665,2.73266871311588,1.2820952235092,7,2.07944154167984,0.720012187491753,6.04322648166657
1696,90.7129490064538,2798.95652173913,0.38600599506627,0.00389393559929559,0.0776572654390885,24.0591115824026,25.6189967792776,3.49781873469463,1.90211026870324,24.2691496291599,3.49781873469463,2.22224862655378,15.9999881481481,2.83321264688822,0.546692790885345,4.60281516946363
1760,438.665934008221,3691.73255813953,0.833947877551234,0.0205537828472177,0.0697561382661488,23.2651371495052,23.6763522993379,2.4254260624915,1.85071016363167,27.332136561273,2.00318493588047,1.32620736104582,6,1.94591014905531,0.287078390500709,5.52715893897688
8286,377.423509968891,3602.72398190045,1.3279379989227,0.0156458011479072,0.0396395676323364,23.634266297628,18.5334209309804,4.79447801157351,1.89004893013649,20.8445091211119,1.63328994689287,1.21257868679174,12,2.56494935746154,0.0149309119497428,6.45737326517581
1996,171.932983398438,3823,0.213123515248299,0.0028759814924797,0.0726808562804955,25.6928265151158,30.8894085248311,3.03215316974094,1.90426068262177,31.6162054697673,2.52156684539391,1.62228756084197,1,0.693147180559945,0.976976046908089,6.90575327631146
8672,536.753324525546,5965.36725663717,0.697526390441751,0.00202856712452215,0.0263524058054247,22.1074336035334,22.0748907271154,2.37462056733723,1.48035813993573,27.2670492860537,1.93141874305242,1.45043775260834,12,2.56494935746154,0.512881317210511,6.50290536621789
1481,500.606356972142,6862.10526315789,0.379826990397353,0.0188619282025901,0.0946834167818857,22.45971993326,25.3729843689917,3.60291905290962,2.18591417002407,26.1263002072161,3.60291905290962,2.99730939219125,6,1.94591014905531,0.152181082785485,5.35456266521249
1996,458.444192739633,2665.69230769231,0.820635216740461,0.0164616489543709,0.0178136027913436,25.0610866171156,23.0415836613694,2.68929459838312,1.07066148691229,24.0346697228587,1.32613941770665,0.793937319746245,11,2.484906649788,0.787119223985364,5.11399380708341
2361,584.743119303385,6983.4,0.651444353659948,0.00310022319332077,0.2610784641342,22.9981247153334,22.9378286630136,3.59686379834975,1.62979131062027,22.3752183560973,2.67179247498454,2.02302792463717,12,2.56494935746154,0.529171724778664,5.20189117962398
1717,196.040185972702,5891.33720930232,0.56456267002017,0.0216214051414034,0.160522985032195,21.1609822990359,23.723233588167,5.28752808534505,3.09707413353587,20.2223978146102,5.28752808534505,4.19089638205782,6,1.94591014905531,0.202795229235259,5.50242371184216
1588,590.129961286272,5928.10714285714,0.167170832909289,0.0218120555563748,0.0612754314163167,21.4396499944356,22.9018301517244,3.28892468600188,1.71702133753229,26.8114177683674,2.02322928920914,1.42627965774174,13,2.63905732961526,0.492265517622213,4.73117331219182
1095,1393.70104980469,4994,0.523475646972656,0.00251513745477183,0.0521871823056941,21.3970044030084,22.7119510862562,5.37794936963143,3.24282907825128,23.7879329681397,5.37794936963143,3.94712008358067,3,1.38629436111989,0.552871227625698,5.61221528113071
2125,744.517630117911,4142.20909090909,0.666093938880497,0.00824320417343371,0.082047360146833,21.7647435953657,21.2414809148549,2.84609572803954,1.62170784060805,23.124432827728,1.75781607433789,1.36912797025685,11,2.484906649788,0.371786824205642,5.17662043157052
2941,531.70804977417,3984.6375,1.64294445961714,0.0101366821966344,0.0270390782402217,24.3334534793431,28.1583406956991,1.98345480726807,1.15415271056124,28.303354771932,1.8432426793917,1.09139783310422,7.9999762962963,2.1972219435879,0.599688153350545,5.7892829949661
1760,494.870982450597,5031.7,1.91946640435387,0.102380302461306,0.294108168562997,1.74160365604217,7.12817665100101,2.09608395815109,1.3337328597069,0.504357215033679,2.09608395815109,1.52744706629811,10.9999762962963,2.48490467447741,0.00654522125602441,4.98816441355479
1116,729.543167114258,2455.56,0.109586601145565,0.0194983440779113,0.0525109605014754,19.8063188097554,15.3443852215722,4.5265784146128,2.30038763522394,17.1992320251465,2.11249218087428,1.1431539719439,11,2.484906649788,0.117688578378792,4.53259949315326
76397,238.495457115677,4577.60988742046,0.259682662194258,0.0150023879397188,0.0288212880991898,21.2183231602098,31.3735266406183,2.74733092608438,1.61478345671521,28.7410034549187,2.74724708279589,2.35038407297372,10.0000118518519,2.39789635023887,0.160713962263222,8.84580235712907
2619,138.203497360002,3974.26865671642,0.440523573489331,0.00293153175417521,0.010115783396926,21.4185128539662,27.5287250065685,2.43488928355418,1.42917168304099,29.3145627466205,1.95471273885536,1.23846643696635,5,1.79175946922805,0.033888443426464,6.07878837527966
3563,923.752100569479,4340.81460674157,0.950544783238615,0.00552823078945253,0.171870437445851,22.9583374080588,26.3595409217662,2.05485594082983,1.07351749423242,27.5280302140596,1.18519749009164,0.81564336591026,14,2.70805020110221,0.529882430705977,5.47030796450363
2061,1010.20317104407,6211.53571428571,1.93709376192929,0.0342863452002332,0.0808632756668095,19.0244996582126,17.9446714915927,3.51319666954629,1.69761680571522,16.9534492916531,3.51319666954629,2.7629863046947,9,2.30258509299405,0.403728254135784,5.32836148789641
2168,593.393615722656,6310,0.163181886076927,0.0323832068996559,0.085141127547022,20.1573958940403,21.286767578125,3.18363723174091,1.58983643780289,22.2865615844727,2.38275064224826,1.49027523419105,14,2.70805020110221,0.316184151024916,4.97351016145733
1181,579.333190917969,5956.5,0.216790109872818,0.0322835487643793,0.186007182418592,18.0005882263184,21.7828413944619,1.69840036971154,0.927744038829418,21.819113667806,1.32419053494597,0.816691766047059,14.0000237037037,2.70805178134788,0.0811154394376311,4.36606503484949
1052,577.2947265625,6462.84,0.946476888656616,0.0216754349737434,0.0714659856253584,21.8456116707094,20.9736050732931,4.10890453765784,2.80610925548372,21.1346366458469,4.10890453765784,2.8425264622828,1,0.693147180559945,0.0134599574914548,6.26530121273771
10282,784.741410028367,3329.092,0.828030594284572,0.012614425166647,0.0242042683408588,24.654227400377,28.43112980228,2.21750722912719,1.24891046694521,25.0154485168457,2.21750722912719,1.48942904791051,15,2.77258872223978,0.544476197715298,6.46556135037567
1073,738.224334716797,4543.33333333333,0.664560377597809,0.00715414861172655,0.0293099203440167,20.193472686176,22.1720024975864,2.51262651526655,1.52284700166153,20.5609446991173,2.51262651526655,2.04427446984369,7,2.07944154167984,0.679919561267505,4.89877220095086
1417,593.445643833705,6324.91428571429,1.37265504768917,0.00217796981925298,0.118167347291434,22.1947203453052,20.5742211402408,2.9370238789249,1.65174890500028,20.4121256449866,2.9370238789249,2.36970464421247,9,2.30258509299405,0.817025377082771,4.95371214669663
1073,1474.02819824219,5482.5,1.19303894042969,0.0149688924910265,0.0725631753605711,2.77576013762371,7.22015289730501,2.86031506911295,1.09946355943819,5.3677508460151,1.28384593861646,1.09946337621568,9,2.30258509299405,0.463574749767548,4.67562864963665
1159,233.713621731462,6072.36206896552,1.21807569470899,0.0159346187698633,0.205521359123816,11.2198627091394,14.7242760543166,3.44562353769821,2.29752818880666,11.6522635741252,3.20273211212779,2.89497552721321,13,2.63905732961526,0.974184922530985,4.41625551372449
1224,310.818800926209,4277.125,0.500355160795152,0.00143526811677575,0.0606460088575424,23.827335735034,21.2921927134197,3.37576440361125,2.41877532057893,21.8205931345622,3.0281202330804,2.44453493679042,9,2.30258509299405,0.0662205446276151,4.80729437007823
1825,299.851502821181,3176.38888888889,0.170606445935037,0.00311236246538016,0.0670315472589848,24.145115160059,24.7970597602703,2.44449817343163,1.70871062013631,25.2957862430149,1.99261701565044,1.42390856964802,5,1.79175946922805,0.0437264288867267,5.71757579678854
1009,139.132507324219,2796,0.140373632311821,9.99755238808575e-05,0.0711162246856354,26.8036896599664,27.3950949235397,3.40856385650543,2.26616355625807,30.590584479438,3.20258422125766,2.32838118941538,8,2.19722457733622,0.835444447998678,4.71949044301739
2254,731.630446895476,6377.47540983607,1.07289172180237,0.016540225160297,0.221483625414588,21.6882641227288,22.9096957284897,3.14101130144306,1.71389231060189,23.6540051694777,2.73077773721784,1.60330190452038,9.99996444444444,2.39789204046991,0.171746359700012,5.32256965412981
1138,854.601257324219,6241,1.77804172039032,0.0339400405807524,0.245511113070009,10.861241625714,13.6398131052653,3.40695889046613,1.85055810247428,14.7020130581326,3.40695889046613,2.48883235679019,7,2.07944154167984,0.934568512805621,4.95758607300644
2533,743.770751953125,4074.5,1.04998385906219,0.00561060608957931,0.0344740971314934,28.008002914921,29.4188206354777,1.61331592039393,0.716618241573447,28.516123284234,1.06151743610534,0.828930508690922,13,2.63905732961526,0.408289781203542,5.19810232038642
1202,487.209976196289,2143.55555555556,1.1580831375387,0.00284421456619831,0.029830599053398,28.1138354219037,28.109195610329,2.45080598069642,1.4181244442572,28.8453623406681,1.6735212717776,1.3923087446571,4.00004740740741,1.60944739387063,0.390499320374874,5.48229472122452
12815,251.394318417805,6276.04878048781,0.793827533176759,0.0155748491543779,0.0411352029036733,22.6764923240768,23.156139402646,3.48534010868505,2.15277462076685,25.2412658743096,2.57844141668558,1.51992047660539,10,2.39789527279837,0.854315670505878,7.0604763659998
1245,229.378033545709,3220.95161290323,0.110707673334306,0.0133983774374347,0.0400123162212575,25.3957520761798,25.6502439451047,5.65096022273819,3.24860079996601,23.382627946587,5.65096022273819,3.78997935083726,6,1.94591014905531,0.691153885874437,5.18098065984349
1266,391.484612826643,6500.2,1.845226629027,0.0169075150094486,0.127661610803508,18.3787084326522,18.3407455995348,1.73780941169354,1.17394375544708,20.6536878797743,1.72856501632669,1.09819114005123,7.99998814814815,2.19722326046292,0.629260855427155,4.9463943422412
4894,828.227783203125,4961.23880597015,0.915226670106252,0.00703755887202663,0.0488125289448578,19.8478223187529,21.6483741080189,2.86617635083901,1.73504908662964,23.5432722727458,1.4381602113084,1.18485570442934,15,2.77258872223978,0.996390964985061,5.72317652176284
2318,812.269165039062,2628.5,0.327241390943527,0.0153592350904646,0.042002997631208,20.1885951954831,14.3210472046383,5.15380433215171,2.56658118251716,13.6175143347846,5.15380433215171,3.26377183290674,17.0000474074074,2.89037439163755,0.888746422038305,4.85808563226214
3005,850.53375097068,6482.62048192771,1.02295682588256,0.0112934455800695,0.26698759392154,4.72948456423347,0.0229469503585165,1.93285164950587,1.51524161728827,0.81804372693,1.93285164950587,1.53086863036601,5.99995259259259,1.94590337654561,0.134931805082476,6.0621294704237
1782,789.076599121094,4135,0.153370231389999,0.0089346689383234,0.0908146607909472,20.1196840922038,22.8626924161558,1.95863532106785,1.40418483251198,23.322505569458,1.95863532106785,1.28367727485184,6,1.94591014905531,0.317821943392323,5.53958145897544
1202,100.05308787028,3232.94444444444,0.101554625564151,0.000937868237468504,0.108154924252225,27.3707415663166,26.6116358734542,2.9295875435064,1.58545067117242,25.2024065606388,2.9295875435064,2.18723044548908,8,2.19722457733622,0.410467110513116,4.89451753775893
2855,246.826032181861,2507.79166666667,0.259426507941434,0.00262588172013167,0.00783850753879515,24.1129398974894,17.833295387692,3.47628412160805,2.27010024208109,17.0729881286621,3.47628412160805,2.81392185954499,5,1.79175946922805,0.525913648042901,6.16506765286206
6504,226.851819117425,6375.88333333333,1.05471004537456,0.0149312228199578,0.0593005202470315,17.1937453140447,16.2912333195505,2.76017117502038,1.42130250329455,18.3678715929573,0.719776298693408,0.46565884556683,14,2.70805020110221,0.457146833811492,6.07212245012544
1181,112.498397827148,5455.5,0.312769889831543,0.00542861438968245,0.0714708859058604,27.0511539705338,27.93296140035,2.2193823570891,1.21049931444335,30.5429228040908,2.2193823570891,1.87017945537879,10.0000355555556,2.39789850511638,0.328765757338827,4.67621831108098
2211,1039.28161621094,4124.5,1.95213687419891,0.0114421433422223,0.14292981247976,23.9384753333197,25.3772006988526,2.0346008184282,1.1104176328129,24.3049674987793,1.64566514727386,1.40655154403734,9,2.30258509299405,0.429840879415707,5.3986150878634
3499,1441.98895928411,4619.26732673267,1.17807290577652,0.0090093823572483,0.0696840024785052,19.5811744872697,22.1779423267797,2.81526899866495,1.49278413687923,24.6570068779034,2.81526899866495,1.4280140518599,9,2.30258509299405,0.0800963611202457,5.85764739937364
1460,430.674701397236,7296.0641025641,1.30831664647811,0.0178622039108041,0.0636009893942958,16.7079800450904,15.1884835745874,3.44605905867203,1.84166360129961,17.3818128852084,3.39839442769687,1.5257379945792,12,2.56494935746154,0.778579446078691,4.72124235724085
2082,228.606156171378,3568.40677966102,0.284717592142396,0.0111683012259649,0.0118654246059585,25.3624970890251,20.1525242832421,4.07090317345477,2.45439189715129,19.0437219256959,4.07090317345477,3.36437375642604,7,2.07944154167984,0.167138125631775,5.56164270749508
2447,764.51080617597,4408.00806451613,0.171018140931283,0.00523376462621046,0.164632219869849,20.0557031836561,20.2469720646406,3.27335845333507,2.09327345685842,23.024592137764,2.28447528780076,1.56047480453333,10,2.39789527279837,0.103637725895257,5.4047227906443
3928,567.915778106114,4155.05238095238,0.666500813275013,0.00783610404306156,0.0626964816046274,23.7174824794255,25.9547284565276,2.27786668450739,1.40964494108954,27.4661876981221,2.27786668450739,1.62091590584011,8,2.19722457733622,0.843042303835776,6.07866109213814
1588,1704.63565185547,1633.16,0.406624329686165,0.0931878392403965,0.318982051049043,-4.68797741387482,0.343091879950634,2.44498820314606,1.112817685322,-2.02243513319223,2.13724684405472,1.18395221686539,15.0000474074074,2.77259168519835,0.624831595868152,4.59763895660873
1503,75.8424453735352,3873,0.569755434989929,0.00450225596818754,0.0576396481386716,20.8764241112603,24.6574599372016,5.21370797079468,3.45501886222689,26.5429893493653,3.6795450563804,2.87758155134131,3,1.38629436111989,0.746815937172647,5.92892402863308
2061,855.329956054688,5342.5,1.41610193252563,0.0190272750027987,0.0709901952119196,17.566589937928,20.2547877629598,1.47895251838135,1.07380419312515,20.6077025095622,1.41492293812557,0.845721016207279,6.9999762962963,2.07943857871248,0.0452108160670009,5.55150800217798
14876,789.97467185954,4022.47105263158,1.49396303665669,0.00555187239109362,0.110399067388621,25.9872994390565,27.5053262229408,2.24472387555645,1.05676822801321,28.7782339330305,1.33993963040413,0.834226373193742,26,3.29583686600433,0.768961193958286,6.31166758904063
1460,759.102126662796,4161.41891891892,0.561643693898175,0.00260718232820532,0.0398304767643291,21.1459119092237,23.2361526111225,2.93138857392447,1.93839456275339,22.770167384563,1.98712331317822,1.60987855910894,6,1.94591014905531,0.512381518668533,5.34028156564707
8500,807.475564615175,4605.44323144105,0.802680078031715,0.021843735341835,0.0456082973126251,19.0418186674531,27.6675551920248,3.07426924561389,1.66405968958325,26.2567255378291,3.05964749806956,1.8486320975352,15,2.77258872223978,0.543809692767727,6.27523272023863
1052,645.035900660924,5590.78571428572,0.670425466128758,0.00131407191360822,0.0655772506698347,22.7758596827541,22.8284446072269,2.74734362280624,1.72630940347903,19.3548593188089,2.65477070253811,1.65318645176925,8,2.19722457733622,0.909899537068977,4.76122381596144
1181,900.235257393973,6266,1.19841499669211,0.0228253813155732,0.0937130136124641,19.0863517280731,18.5616695157525,2.72627611588607,1.00903982855706,22.8451921129983,0.726794198705348,0.541462246311032,11,2.484906649788,0.455712275937048,4.58921016640936
1503,438.748062797215,6185.6,1.40018585777801,0.039636846920731,0.110690999907432,20.8961951019945,22.0890710261831,3.08101951040751,1.42772322451731,22.7580242580838,1.99699323281098,1.66394179151662,16,2.83321334405622,0.353915006069036,4.48200504569676
1181,1208.97641473067,6022.33333333333,1.56726619444395,0.00642726094779888,0.0724249371300445,16.0499567243788,11.7763379990108,4.79284976838055,1.6262929166542,16.8418829600016,0.558913359953062,0.431086266417647,11,2.484906649788,0.725800867129857,4.58921016640936
1739,881.786447753906,5656.4,0.712585556507111,0.00727131004005912,0.0615282979200904,15.1571730372111,13.3403528790596,3.10542749941082,1.54662647424999,17.246430384318,3.10542749941082,1.33938184568726,10,2.39789527279837,0.661245926046903,5.06317024155591
1868,1195.13003976004,6958.14285714286,1.063443989626,0.0258928689656232,0.117260119276959,15.6944322506953,16.8585112253825,1.69411281207106,0.928863424329288,13.810948550512,1.61846190347051,1.27714679557515,13.9999762962963,2.70804862085405,0.557256502213996,4.82457499793474
30095,211.76544749691,5051.25959079284,0.432203113918268,0.0095629817952633,0.05196102624773,20.5911044746317,25.3647367743275,5.82494658071175,3.51198917749435,26.5275388910067,4.53558106269129,2.98506759699594,13,2.63905732961526,0.719773874045311,7.67305699436661
1030,593.597290039062,7170,0.637486279010773,0.0238033166341829,0.21379043935654,21.0527360916138,23.2864730290004,2.58692581207595,1.64325454724448,18.5061567518447,2.58692581207595,2.11416002399515,11,2.484906649788,0.452500873630121,4.45240743143568
1953,463.840039704975,7435.1052631579,1.55636904114171,0.0644509616319951,0.168617092244399,19.8332380680156,20.0809436159271,5.18970022364832,2.75167989470778,22.858749565883,3.23859467986792,2.16755296358218,8,2.19722457733622,0.314422960886325,5.37989735354046
4937,568.637493196081,2059.37704918033,0.161944434779589,0.00972302689606129,0.0165831524281199,24.0297433655119,21.2088974862368,4.40803770834875,2.17988982915178,24.9389336077024,1.74900718601772,1.33719077014863,21,3.09104245335832,0.643778560736711,5.41347068490055
6976,733.759348399603,5294.16256157636,1.02301583450232,0.0304538965949664,0.101650963595306,20.6619230745733,20.7413481790118,3.32861016591963,1.33399332376647,22.7147440475522,0.948565291232827,0.69959371452432,15,2.77258872223978,0.614662298285852,6.07764224334903
2039,821.832758689413,2564.9693877551,0.195668559597463,0.0134292205562929,0.0446796506885179,19.5055188224849,14.0356542394649,3.86381280454803,2.23447422856658,16.0551336067874,3.68273686555252,2.70699309815582,9.00009481481482,2.30259457443058,0.94464334522174,5.31762019614388
1932,639.875597683889,6221.95283018868,0.901047029585209,0.0141472936387777,0.0513997493720653,22.296662695806,22.2317744310761,1.99003736400475,1.32136421486472,25.4924451624073,1.7782109055127,1.09747771636401,4,1.6094379124341,0.950419534177521,5.95687310233836
2984,276.53094521547,4969.10256410256,0.162308480877143,0.0714204345550719,0.165206611057404,11.2686160497467,11.7382348469224,3.65078674296526,1.86814869904814,11.6075462536934,2.19380495235086,1.8361185879341,20,3.04452243772342,0.454347571513672,4.95649752360023
1481,817.536865234375,4332,1.57758140563965,0.0216934668394195,0.123982270092633,23.6153624216716,26.831525262197,2.13940649866804,1.1689498438172,28.7120692359077,1.0656491770706,0.837374435462699,13,2.63905732961526,0.469344703813857,4.66141548465254
4443,769.600365793603,4984.16666666667,2.02557996399382,0.0257521788414017,0.12031363158747,22.9123274965219,22.2254551379429,3.8277398719619,2.21488975205595,23.5116872731324,2.41880220052413,2.19868218553024,11.0000237037037,2.48490862509469,0.428644452803549,5.91417647784122
11398,205.885527585004,5782.49158249158,0.302326899827332,0.0097946797015363,0.0657166348293397,20.9887594752486,23.0456067590112,5.37177376669691,2.40956688139648,19.0426555526511,5.37177376669691,4.5909182080992,15,2.77258872223978,0.0913000372028073,6.56860445815516
2812,356.790124511719,4978.82,0.656316096782684,0.00314353242753043,0.019151491651543,24.2015650069625,31.4990649498833,2.44881874558161,1.0752243842646,31.3119071282281,0.657049212404779,0.553703688626988,6,1.94591014905531,0.191630231220147,5.99574110387524
1610,703.17320641806,6802.28571428571,1.20958517318548,0.0105865847712785,0.13954359244122,20.156045124974,19.1993494205374,3.80801682792439,2.02815936119564,19.6159961660072,2.03060299242404,1.75272493447955,6.99995259259259,2.07943561573635,0.632943257524863,5.30455384224216
1073,257.519474909856,3799.15384615385,1.18988390101327,0.0105655530298702,0.0200908117358816,26.3446315045985,23.7862085684752,3.27148155479146,1.99267146902097,25.7544529515454,2.37760052303159,1.37170485875092,6.00003555555556,1.94591522840749,0.264717635600728,5.03229851422321
1073,161.172698974609,4929,0.822923362255096,0.0209935540506123,0.129487862652411,23.574384082261,23.7784177780152,3.77392999818527,1.60051092496845,24.1538650088841,1.78340374726671,1.14066414841722,7.00001185185185,2.07944302316022,0.51784901782167,4.89877071947048
1846,1065.81696465675,5924.57446808511,0.732287218913119,0.055002675141812,0.147724609240718,5.88777178526738,6.04843609620491,4.33355422684206,1.95161116093848,3.1940564383288,4.33355422684206,1.76027652353259,13,2.63905732961526,0.783165779974158,4.88171908544754
2919,862.96080485026,3037.29333333333,0.734750510851542,0.00773307459533915,0.0159820760093242,21.053952918104,15.9848068586986,3.88576996351961,1.88486744193168,19.8577650677717,1.04505356696228,0.863752659591781,13.9999881481481,2.70804941097844,0.552336287305844,5.27094695987567
1030,836.999598349294,2932.51612903226,0.960801022668039,0.010369519195913,0.0772766406480742,23.4242812413041,25.6105057029314,2.75441461331603,1.33190669505915,29.4771748286423,1.07396217092589,0.934377145072366,7,2.07944154167984,0.135813379105785,4.85787253954385
1266,498.573486328125,6711,1.13233089447021,0.00895464789929434,0.0727397037428297,20.7548173056709,21.8676906585694,3.93906034176831,3.11472438799678,24.0360531700982,3.72669437665388,2.75779013845218,5,1.79175946922805,0.155884017153589,5.35185813347607
2125,1080.35518488808,5048.34375,2.93602303096226,0.026931017942232,0.0668935713790368,18.1531518382411,26.9603282504611,2.66972446582258,1.23805273084249,27.385934024387,1.90375151515093,1.26456725951414,11.9999644444444,2.56494662241506,0.595405585473154,5.09658045894346
5345,752.35950088501,3962.09027777778,0.183900136811038,0.00159891315002072,0.0490742207575398,23.889800390975,22.8768757046273,2.87293859058363,1.74058319316627,23.4613605028318,2.85767006227312,1.99476612988478,8,2.19722457733622,0.28508867406631,6.38669224612293
1696,1199.76376597087,8039.65957446808,0.920567554732164,0.0672636040753196,0.296909466595176,15.212418717799,14.0717273109578,5.44580738249971,1.65417390916479,15.3298768000682,1.07616735814876,0.599456225278141,8,2.19722457733622,0.929214687350608,5.23880323901563
3177,421.477699016703,5426,1.34811575248324,0.00711991930978758,0.0224583133726577,26.0050711569532,26.8045119690845,3.08742149043769,1.46729348693614,30.6050444738501,1.08993359784681,0.94347737084165,8,2.19722457733622,0.0428846512533336,5.8664680569333
6590,201.946590637893,5776.37288135593,0.251711216870319,0.0111652859940401,0.0325439454408965,20.2949326043777,23.9866459820454,2.75087974213876,1.85241448307114,23.3376187762148,2.75087974213876,2.47937571733795,5,1.79175946922805,0.718638294080935,7.0015491582685
2941,882.655778364702,3197.9606741573,2.51742173866792,0.0668591361559645,0.256123031957345,0.738517533694392,2.04389430056801,1.53519348734342,0.823752435913438,-4.59150775618912,1.53519348734342,1.16452177837171,19,2.99573227355399,0.87036236845427,4.990772665
6719,1150.30530398918,6165.61731843575,1.50809635763062,0.00927603184516643,0.101976427604741,16.1158690066015,12.7225313377658,4.71514397593725,1.3936829237183,15.517806175464,0.91860492878398,0.61529237260035,15,2.77258872223978,0.459885947802139,6.04010589068037
1181,3.67346042575258,6925.10606060606,0.0742944571556467,0.0356861619744548,0.0398309630189138,24.8596816071939,24.8665905807958,3.7079199432523,1.15398804601423,24.6399104224311,1.44916007604596,0.668265521271093,18.9999644444444,2.99573049577463,0.301714043244344,4.07838632042273
1996,676.811218261719,3603.64583333333,0.864470720291138,0.00869937567665247,0.112757944602749,26.9960867775812,27.9790042135451,2.34798388315291,0.918523328777065,29.46777249089,1.33514040903028,0.648095938630847,9,2.30258509299405,0.117734605578481,5.29631536387736
5216,739.817828838642,4460.1338028169,0.852468542285732,0.00785972859189774,0.0400015551439858,22.5203684305795,21.9185055442979,3.770079115664,1.61910004304389,25.4428966808767,2.73410977546713,1.27366046421104,11.0000474074074,2.48491060039748,0.702360086683339,6.07457550320901
1159,809.295519279711,4497.93939393939,0.712686892711755,0.00315964909843203,0.0768207486188385,26.2462686866222,24.7346219752259,2.93844638811205,1.25191294668026,22.8563387488677,2.93844638811205,1.81784267072183,11.9999762962963,2.56494753409805,0.215791844870267,4.4903653092417
5452,888.863465940797,2661.36928104575,0.21206790024971,0.0170544784951974,0.0554681229531146,18.5159967773822,13.8779964199358,5.14175656158078,2.49972156857465,18.5249896158234,2.77577766576062,2.16068980487528,22,3.13549421592915,0.321225068134394,5.46824357688727
2147,361.829376220703,3313.5,1.07724666595459,0.00144531907503875,0.0276501321776834,28.1552449332343,29.3982781021683,1.2898927841466,0.996223741409299,29.6518292321099,1.25856765548136,0.884338473493621,6,1.94591014905531,0.0895414885200152,5.72591664882347
2554,608.105542351218,4522.76470588235,0.645214222809848,0.00977027594229148,0.0380662730375181,21.7968954558013,27.8017248315749,2.8910353051106,1.44786600148042,27.8558946671829,2.30347146393652,1.62392335316149,9,2.30258509299405,0.592678504383625,5.54283094359844
2426,132.214503895153,4384.90298507463,0.342856306018251,0.00155478989252694,0.112902854798058,21.3066646980601,21.1862159673649,3.5443722071199,2.27228349683686,21.9297543280555,2.36876843955284,1.62589907075974,9,2.30258509299405,0.247177333170604,5.49141399650995
1095,309.430084228516,5848,1.01889741420746,0.0324835063101432,0.131300376683001,24.7539624942247,21.7070545392159,4.90827740186635,2.71922469928224,20.1866955651177,4.90827740186635,4.38690491987157,10,2.39789527279837,0.896818446667778,4.60061436945223
1610,751.949239095052,5229.46808510638,2.10536706447601,0.00424053815238567,0.0144521886898335,25.3895356852249,27.2209245465326,3.46953605398706,2.18694855991042,30.2194466214372,3.14326423332682,2.04917234957551,7,2.07944154167984,0.760186671209171,5.30454791629867
1116,1307.60546875,6325.5,1.04186475276947,0.0304014222925169,0.0925469988868208,18.728780652118,13.2304414839971,2.77598474037988,1.20435613679784,16.7695942348904,1.42908980230197,1.30865099265235,10.9999881481481,2.48490566213319,0.398402841220149,4.53260048080806
1009,877.936378880551,3838.26315789474,1.04750128482517,0.00311110094428551,0.0694947273146303,25.802817632441,27.7191934767755,2.03803704227881,1.04880137774736,29.6556069981982,2.03803704227881,0.997533211678505,6,1.94591014905531,0.770077286209729,4.9708048712983
1202,451.434159633091,4998.87142857143,0.796256796802793,0.0102901238629165,0.154820661201466,24.5702785544681,26.3160540323408,5.67465325222353,3.4768996369601,28.1288472311837,4.09852125777558,3.23695202535799,3,1.38629436111989,0.21794844239711,5.70544775397526
2404,343.874798583984,3878.37,0.263410916477442,0.0129952098794206,0.0155585827537887,20.5887154583401,17.6698421287537,3.38294354638934,1.84244966642612,15.1886845991346,2.84037915525741,2.37897286236558,17,2.89037175789616,0.158923725171765,4.89451753775893
2748,770.269478691949,3042.71527777778,0.282144162700408,0.00327831916180443,0.0559875113579701,25.8175906146014,24.7273602379693,2.48781247094362,1.93765311251044,26.9079197495073,2.19689381785951,2.02156495330468,5.00004740740741,1.79176737043141,0.1134000446011,6.12686128291083
21423,107.638087820499,5862.66666666667,0.299318091468291,0.0179158609449489,0.0283621450306981,20.7645026168644,30.1360261034561,4.68053448402123,2.13560201626133,27.8087219199203,4.68053448402123,3.4879657332125,8.00001185185185,2.19722589420778,0.288023849990247,7.77499449600944
1116,1376.8387122521,5273.86538461538,1.69448106564008,0.0689323152865663,0.279001815227004,4.56410698726262,7.324336103642,3.07612401245832,1.75188933212412,4.61431497753176,2.05297295327201,1.7478683124086,11,2.484906649788,0.329808885647952,4.53259949315326
1245,208.645559038435,2962.53571428571,0.579540167536054,0.00662107420034224,0.0071891483326628,27.7176066684283,23.5573910304478,4.5667389630703,2.05112356781282,24.1934051029266,4.5667389630703,3.32778080131406,7,2.07944154167984,0.486987089480155,5.04744926721897
4014,786.287689208984,7136.2735042735,1.72738364852708,0.0124200528411879,0.274246638531941,23.5669941694529,25.0629681371587,4.48105260519163,1.95795394230448,23.0241023575365,2.93673712806366,2.11302119898896,8,2.19722457733622,0.269453850642003,6.10031895202006
1696,1081.28974184783,5742.69565217391,1.79599318556164,0.0176596770082243,0.089126503761269,16.3621767776155,15.8983266412732,2.40790767402373,1.09386789234939,20.5832675030842,0.985927697879501,0.578314336730468,15,2.77258872223978,0.79638061400727,4.66343909411207
1524,545.590148925781,2058,0.177524298429489,0.00398679669093482,0.00700724174091505,23.7628141915927,17.2950237423767,5.24580187687268,2.47242384540901,15.4677332136367,3.77039814204766,3.29097556637572,14,2.70805020110221,0.728231419913277,4.62104353514438
1395,786.127895257412,1888.0641025641,0.316005190213521,0.0423481545500458,0.0593239187022259,18.6132567934468,14.628618417605,3.24973760041508,2.04478880709604,16.9988141116933,2.79781516051817,1.80215777214685,7.0000237037037,2.07944450463841,0.946054098880242,5.16120518961706
4358,597.438277253008,3683.83035714286,1.09667407833369,0.0056712295822575,0.0313439810807604,27.2736561735654,29.1142014942473,2.23341787046341,0.897258743982345,27.4485246688601,1.04892344343776,0.712804046140242,12,2.56494935746154,0.627226825735833,5.81481915804303
1030,305.421783447266,6845,0.643981099128723,0.00947069395230571,0.151954350979661,19.8628058751424,22.7411376366248,6.20569466601829,4.16283754531469,22.8282952202691,4.56781166901007,3.36053283075504,10,2.39789527279837,0.448119276567516,4.53941880842531
1953,3.62818949421247,6056.02083333333,0.0713557157044609,0.061209123312293,0.0613427825097238,24.8126156181418,21.4291342599051,2.72930799614094,1.04929348188781,19.7643456353082,0.591335652862263,0.419378194159262,11,2.484906649788,0.606266517369317,5.09221528108868
1181,365.156860351562,6600.81818181818,1.45274662971497,0.0232552235923038,0.114764619478985,21.2245974357061,22.5358385729068,2.9363562576494,1.54482258271748,21.1823700259431,1.91748177199458,1.58136268400347,13,2.63905732961526,0.264780881855263,4.4350594865821
8114,133.365308529863,4570.20560747664,0.150638509750645,0.0106587719314912,0.0252201947167283,21.70452547266,31.456671090438,2.53244056369215,1.55404406110601,33.0550339687899,2.53244056369215,1.74741275277564,5,1.79175946922805,0.240022832727955,7.20958677453834
2404,545.107748849051,4816.5,0.612152859994343,0.00652737078815357,0.0558135327647655,22.8341881313021,23.2361244141109,4.0348850816511,2.34520563547223,18.0298363579644,3.15497351468767,2.39640663822402,15,2.77258872223978,0.788737928424992,5.01230057341532
1181,194.007339477539,4254,0.0755721032619476,0.0429074957737008,0.166589715179796,17.2734191046821,15.8776032553779,3.15267999876931,2.42259102265918,13.7314762963189,2.75234874552827,2.22677267536901,9,2.30258509299405,0.565098832139277,4.77153172320332
1138,859.694458007812,4314,0.584969043731689,0.0161115275835755,0.0315194716303111,22.1632183731244,23.7628344217936,2.97135047807119,1.59109437979321,22.5472626580133,2.628437306143,1.49767255714313,7,2.07944154167984,0.655022063680841,4.95758607300644
3284,892.857228246228,5198.25862068965,2.31991642370991,0.00485933110878442,0.0501182917968283,20.1628405290339,20.7521817252402,2.29090630731852,1.39471389179258,21.5438118648407,2.28424288838281,2.01697650042623,12,2.56494935746154,0.687339776865347,5.53186811311078
1910,1303.20562292028,5762.94444444444,0.52811528245608,0.0604898897099605,0.40935241943237,12.765526370706,17.4944685194228,2.27908553873967,1.6897711097987,20.1947859179336,2.21558003284575,1.70919885557924,4,1.6094379124341,0.25335390751864,5.94542060860658
1030,1035.30065917969,4701,1.30682826042175,0.0110204255792752,0.139272934268913,23.2244430753921,22.8294792599148,3.10495296626818,1.56498774052828,19.6027328067356,2.26502875614063,1.31844245365034,6,1.94591014905531,0.680717236997312,4.99140393216837
1181,133.606079101562,6701.5,0.600393652915955,0.000820751824075927,0.0767666724443252,20.8483668378604,19.5890542913366,6.79462516023079,4.5746469772499,20.2065027448866,5.71993279952981,3.57217999903906,6.99998814814815,2.07944006019726,0.320469546963823,4.99467675600011
3477,217.047159239303,6359.4011627907,0.664299143088418,0.0175497185294223,0.234601120948488,23.3268125148199,24.8006447256927,4.65409025087591,2.31815907550157,26.7300181110392,2.95439989240719,2.34908550276717,10,2.39789527279837,0.0400493285963741,5.75602985920949
1245,392.427673339844,3369.5,0.42619001865387,0.00135571351223973,0.0533272602653057,25.568705884872,25.3567429860433,2.58378025734982,1.60947623701275,24.0376595815023,1.90776793131144,1.25590092012641,2,1.09861228866811,0.986644593802816,6.0282785202307
1009,650.876342773438,7218.5,0.511081695556641,0.014363913577526,0.0995184634662181,20.3725006431662,17.1272104626611,4.77580212777904,2.98719325242339,21.0100854661731,4.45617964308424,3.63441923470687,11,2.484906649788,0.757363691610848,4.43180837056561
1266,202.661544799805,4278,0.761126220226288,0.00363322777446129,0.0301185800207513,21.3793729843632,24.0840930757068,4.94490429190671,3.45762179162028,25.7328025394016,4.94490429190671,3.92501417720293,4,1.6094379124341,0.884580118969107,5.53417969027002
1009,715.540771484375,3984.5,0.533297300338745,0.0222791730219001,0.150481932645043,24.4470088746813,26.1350886753627,2.00862739962523,1.3649587750223,27.0164983961318,1.91443599155754,1.17521458291299,4,1.6094379124341,0.78385487508839,5.30727710791951
1159,1001.71084391276,3274.51724137931,0.949778672059377,0.0113271656115764,0.0344452338224769,26.5649587050605,26.516408777785,2.10811199946028,1.30060317105663,25.0794190578534,2.10811199946028,1.68749181465375,7,2.07944154167984,0.805809533212467,4.97587130165992
15606,160.727221524449,4300.42661691542,0.379439529650856,0.000987113233166332,0.00732747634874832,24.5984993841525,24.6733478610522,5.3118334257247,2.91825509016813,28.8993272251026,2.90030925476297,1.25174813160267,14,2.70805020110221,0.770071031298737,6.9473605335745
4121,175.360282020231,5025.22368421053,0.389106377036171,0.0129051283101417,0.0217853610673355,25.1391928577982,20.9248735306755,4.38139248689092,3.08166340084978,23.8966954526846,3.39416828614686,2.75059297876492,11,2.484906649788,0.341278987907965,5.83894448155082
1739,728.254028320312,7041.5,0.571311056613922,0.0163340413060808,0.0608003994415824,14.9884227116903,13.8259275485308,3.94511582155054,1.87657245879245,16.7258118947347,3.94511582155054,1.6591240852692,10,2.39789527279837,0.102146164612812,5.06317024155591
1460,171.436674460387,5302.76923076923,0.477644197451763,0.0018293795780997,0.0763670191730169,22.030206373818,20.8841832859224,4.76303477826998,3.38277785372763,23.5518626829837,4.21006983806001,2.6297861051814,12,2.56494935746154,0.428487835512659,4.72124235724085
1588,787.112855653505,3265.55405405405,1.74021270146241,0.0097289723584496,0.065086510930316,25.9982429620798,25.3942978314549,1.75636362542454,1.15974038695651,25.219025576938,1.61666260879327,1.19579294457794,8,2.19722457733622,0.704112094631434,5.17300606447086
1202,212.15327835083,3115.421875,0.320158109068871,0.00503116308175322,0.0953937464055663,25.3975516165456,26.8876707077027,3.58057875982593,2.43223927471662,26.7494168175592,3.58057875982593,2.84970286256404,7,2.07944154167984,0.570773110795572,5.01230057341532
2426,741.416366334945,5857.72222222222,1.17957857487694,0.0159363636224214,0.110690299221678,20.8004298760147,21.496948508967,3.08693315004679,1.75520052315422,18.7438023804357,1.84373758937855,1.54141415260209,13.0000118518519,2.63905817617575,0.48204190702277,5.15494091332825
10067,960.43452019239,2319.20620437956,0.389514295506651,0.00814925098067999,0.0556358287609225,19.5431965190738,13.7267977101594,4.33803958462161,2.23823046930657,12.9383948131974,4.33803958462161,2.7048026973114,16,2.83321334405622,0.386039891108789,6.38380468267321
1009,790.766413762019,4967.07692307692,0.312705956972562,0.0220559481685919,0.0737822631936055,23.2014350124913,20.3627621552884,3.75019073038842,1.9168944260451,18.1421229142409,3.75019073038842,1.7615000265737,5,1.79175946922805,0.734428708288397,5.12495555112555
1696,156.237060546875,2350.5,0.0806954652070999,0.0142331716811555,0.0156866953521231,20.8488096449111,16.6104657581874,5.64235814086035,1.93507710461023,17.5058922661676,5.64235814086035,3.31312349059809,11,2.484906649788,0.279884574687271,4.95112116656385
1073,168.590352739607,5156.5,0.638162953513009,0.02834844199911,0.0454104654785077,19.1470156957232,27.4859037898836,3.3046425209478,2.0896681248834,27.2225765773229,3.3046425209478,2.80802550141107,5,1.79175946922805,0.555057297880613,5.18645427340264
1245,380.014269828796,2699.5,1.01292472705245,0.0116330627071699,0.072111629392213,23.0086478101686,29.35511352462,2.46324285052674,1.11126630291889,28.5878270377214,2.46324285052674,1.41373476029642,5.0000237037037,1.79176341983754,0.330139989226387,5.33512738906127
34410,329.481732615164,4939.46584546473,0.549500820150835,0.00200002132933933,0.0842918390421936,27.7319330417178,30.7510922154794,3.93988053024435,2.28695812553906,34.0991276643608,3.93988053024435,2.97109975847399,6,1.94591014905531,0.862461393174905,8.50019234973621
19770,681.508607352121,5586.63714285714,1.20904834588369,0.00626439560758084,0.0998684965259101,22.2741184953155,20.9504158782959,3.46861901109231,1.95644347812248,20.1123354666574,2.57248145018488,1.97994389085498,19,2.99573227355399,0.847355941171309,6.89618864261067
1588,575.273251797291,2151.28723404255,0.115038209139033,0.00450066894707406,0.0067570444109615,25.3728830035124,21.475336401553,3.84446438940043,1.90298611569555,24.6481816104681,1.84925418172029,1.28623462845702,14,2.70805020110221,0.758883170561182,4.66218044070487
1588,804.448496500651,1063.0641025641,2.41296665485089,0.157110977292073,0.40027933471858,1.62044651592754,7.17268817499496,3.36359626030054,1.51059295016262,0.161212099515467,1.54356234072145,1.36352310768761,12,2.56494935746154,0.242067943349528,4.80528128434554
1009,623.016058560075,4627.06666666667,0.878190274896293,0.00922155305941056,0.0772623872948612,19.5053676633482,22.8734709657269,2.23922649538228,1.21770630601132,23.1559647595441,1.75302874367632,1.36361779464356,6,1.94591014905531,0.285579174306628,4.9708048712983
5667,269.900547572545,5165.93835616438,0.526141612708163,0.00687302489368571,0.0476634030583762,22.2091437561872,23.8123583664866,3.72022610365737,2.32203088721411,21.0763993970155,3.72022610365737,3.37859170754059,10.0000237037037,2.3978974276782,0.675504625258243,6.24451772849142
9681,136.511707564763,6536.30535714286,0.475678049810401,0.00733093354469229,0.0765195694771583,21.2343639125521,21.3073605367116,6.54847769940526,4.74310987116208,20.2146887461344,3.6639710563458,2.32698980990344,13,2.63905732961526,0.0904916137955502,6.53886315110481
4057,743.876056925456,5736.39166666667,1.54349792699019,0.0140475050876454,0.107944522916568,18.6095690748427,22.0431624094646,2.1230379232211,1.22761167789969,23.0212683077211,1.36485204821217,1.11324200981923,11.0000118518519,2.48490763744183,0.338231232026578,5.82329142576461
1245,164.785837534312,6867.47222222222,0.523243465939084,0.0475090954658843,0.103884951142014,20.2622405832671,21.6058461006241,5.23895812455418,2.60750057992308,19.9608225598748,5.23895812455418,3.79304267395511,8,2.19722457733622,0.572520358829917,4.92966623156259
3864,457.674975695911,3045.68636363636,0.376649052710146,0.0517266011544391,0.152079732199359,23.1816445911292,22.6899983242304,3.5687835759197,1.8755460559443,23.9735246292269,3.5687835759197,2.0684548911592,3,1.38629436111989,0.901230056915402,6.87316383421252
62337,518.986862154958,6184.39704106281,0.794471299522233,0.0261231638571293,0.0553655514534829,19.0695977611819,28.0734989912955,3.05748306975814,1.6355958934559,21.0643039734084,3.05748306975814,2.67830147560577,15.9999525925926,2.8332105553813,0.369155852041789,8.20709987358669
1030,711.295362200056,6484.25,1.2329280929906,0.0294592564356237,0.0923677543482039,21.0249557547855,21.714427919741,3.27706984004039,1.48390744620159,22.8015368749225,1.01512066520335,0.766443066462,6,1.94591014905531,0.609560254696252,4.99140393216837
1803,818.933178960061,3654.83673469388,0.683652082268073,0.00348205307867302,0.0526452970276339,25.4589934303647,28.3945204306623,1.06380445310358,0.511221617000942,27.9320256836561,0.647552555203443,0.345602961290167,17,2.89037175789616,0.86963726841097,4.60683546530715
1266,758.709560296474,5451.85897435897,1.15303339407994,0.0271234684147855,0.0786522504599272,21.3522171458036,19.6103914823288,2.69033897560434,1.2575945030367,20.9694198804025,2.5661816909962,1.61789474737543,17,2.89037175789616,0.634763320907683,4.25324584480796
1009,179.082060440727,6465.17391304348,0.895828977875088,0.0105762018263115,0.0950865791063795,21.1280558196893,21.7607918041969,3.38580946465409,1.71505854555492,23.4562770051081,1.50297320167874,1.13342420985291,8,2.19722457733622,0.424387228088415,4.71949044301739
2232,120.597047424316,4907.01666666667,0.198427805180351,0.0127544278845212,0.0322978748595974,20.8081495313291,30.9740255520668,2.93298687308003,1.71434869602692,31.9121079480207,2.93298687308003,2.04240009771217,6,1.94591014905531,0.997903275671077,5.76474317444589
1653,2440.61938476562,1845,1.16628301143646,0.0351054941226607,0.114199437511203,-6.50398991902659,-0.994059117635061,3.18244965250405,1.68161134138792,-5.29720598856608,3.18244965250405,2.38329432671334,7,2.07944154167984,0.857633011855799,5.33090555614119
1460,886.498355946642,3802.34042553191,1.27060087944599,0.00911636076659564,0.114449807657532,21.3461806209374,24.2923157486791,2.41884708558772,1.45227998695637,25.4337700981338,2.41884708558772,1.89229079116855,3,1.38629436111989,0.826400648093722,5.89989735358249
7449,746.500404320694,2657.93170731707,0.246012925011356,0.0120735498361582,0.0423389688790671,20.5811207146774,14.3835459002865,5.01666642689578,2.33700768797442,13.4924860171187,5.01666642689578,3.02906083922757,17.0000474074074,2.89037439163755,0.396830028843125,6.02546068253872
21960,1287.89554490231,3928.69565217391,0.771672925761029,0.00673657190877659,0.089451794938557,20.8095608599609,23.9492614185121,2.34639204235612,1.37441209214186,26.4875166227808,1.66615852319044,1.46996670181434,8,2.19722457733622,0.531442146830126,7.79975331828725
3842,794.356018689214,5090.00510204082,1.02591202453691,0.0010303440727866,0.0162805686505501,25.1193821252216,24.9708598055616,3.15442739845502,1.63662294357692,24.8909285832965,1.69843153028434,1.10445089667575,14,2.70805020110221,0.204818301526773,5.54569814222629
9488,320.340620764907,5325.8,1.31639418005943,0.00287706647153239,0.0163792731847948,25.3444445488038,21.8282491778679,4.30585810780568,2.15360766553619,24.8963004287409,4.30585810780568,3.01047346447029,17,2.89037175789616,0.319723685196018,6.26741136334134
2061,768.79618633918,4219.2641509434,0.114345955328559,0.0241106005645578,0.102270076740608,21.0731362428805,23.1703810315054,3.61622726220139,2.07209537160433,24.2314104867932,3.26455007811522,1.95790879877766,8,2.19722457733622,0.522243811875997,5.43372200355424
6783,209.629884806546,3407.72727272727,0.30193189997226,0.00621168573957802,0.0114788973586577,22.0072803381718,17.0519873195224,5.38373833029925,2.12333545481436,16.2789868094704,4.15486485704008,2.19877938553601,9.00001185185185,2.30258627817853,0.989889052294647,6.51958848276755
1266,53.4206417628697,2945.57142857143,0.200264613543238,0.104490341589518,0.236130310387554,16.1372243169266,12.4307669049218,3.62341344214091,2.30325295390169,11.4251538049606,3.58660380082211,2.32516750507734,5,1.79175946922805,0.827773462133799,5.35185813347607
1073,918.009313964844,2523.60344827586,0.111396831770738,0.0569793124935181,0.0911754534774372,19.360249124795,16.5423344447696,3.97163992498824,2.18446889772393,20.2464288061149,3.88021508745084,1.79455174236104,17,2.89037175789616,0.61054841560379,4.08784198473453
4164,456.335754394531,4250.65217391304,0.48113646429518,0.00475205719929804,0.00908108491764145,28.161770366296,25.9438164710999,5.40871985268939,2.55189649144259,26.7387626942804,3.69709424485966,1.76446867095393,9,2.30258509299405,0.712508221862693,6.03164633674081
1138,506.533752441406,4591,1.87917292118073,0.000794726017673497,0.0936304438094595,25.5488929536608,28.2714279916552,1.87632818845555,1.08867547194938,27.4297958374024,1.87632818845555,1.49141166432297,9,2.30258509299405,0.175966068261697,4.73444252169223
1610,748.949857490007,5943.90909090909,1.5188739854236,0.00805514135025799,0.102097995128222,21.9405892150571,22.8953883332092,2.58617257218896,1.71222986497564,23.4102649149269,2.11264456988429,1.29648321231995,4,1.6094379124341,0.376998644385068,5.77455154554441
2125,52.9412198949743,4406.11111111111,0.229216416945329,0.00389807673139928,0.0124176807096815,23.0773098714068,21.8873285327365,7.67972263455492,4.91241499039502,22.9254844916701,7.47354941318575,5.01223673670327,20,3.04452243772342,0.395079445618683,4.61700464363509
4164,815.192973340678,2550.73504273504,0.165093819172973,0.0189284782164003,0.0511604425699738,19.5893464666115,14.8959543519777,4.35124756147593,2.17178247525982,15.6324954298261,1.96743005275809,1.25694485865806,12,2.56494935746154,0.59805360877321,5.76928207227332
3220,164.061775656307,4634.23529411765,0.269696756320841,0.0113445804929345,0.0273366025451144,21.4334763712665,31.6228291399339,2.83628333250598,1.8175038943439,32.8180014441996,2.83628333250598,1.99746838620528,5,1.79175946922805,0.862261513269198,6.2853771693104
1846,586.462137425199,2314.1170212766,0.109477155069087,0.0103218989403796,0.0128360169761417,21.7198358454604,15.6276152844384,5.00828041358103,1.99616074951102,20.5318237034141,1.96041513244082,1.27220348061302,23,3.17805383034795,0.533775283532383,4.34272258471485
51776,901.635338028618,2391.47458242556,0.277339496771279,0.0148048178014416,0.0412785397251726,20.894079563937,16.3737233897209,4.53195581116967,1.9817352377425,23.2428831511853,1.97506202109279,1.19687084061727,27.9999644444444,3.36729460393208,0.309841382628468,7.48738739648608
6290,807.951327592899,4461.13870967742,1.54601176083088,0.0068273255884099,0.104979215788058,20.6433340179148,28.8331729975511,2.18113472436427,1.05393320590551,26.1058734606671,1.57284701487483,0.745747896381827,5.99995259259259,1.94590337654561,0.392387380466997,6.80081297314888
1009,786.502284458705,3805.78571428571,0.972099692480905,0.082042515586985,0.223301241600548,0.250640668151163,3.77164761609652,2.90294479655535,1.4183748562649,2.49273814852268,2.90294479655535,1.81727620043314,10,2.39789527279837,0.256192832808789,4.51881974755524
1503,1006.5613054548,6259.69047619048,1.62210641304652,0.0194969024949934,0.100933454488,14.202487327939,14.4749824440669,3.33471415805735,1.35745322217314,17.7993578754405,1.03453795855257,0.913011578156146,21,3.09104245335832,0.168203230864259,4.22417593639466
1159,178.771272547105,3300.63636363636,0.232674833606271,0.00454920442624288,0.0961000318257548,23.8268741473426,27.0990595846466,3.55825240106457,2.39740667978462,29.9808429409759,3.28724397235516,2.57126815879448,12,2.56494935746154,0.0510675344181245,4.49036348587822
2190,79.4629016006202,3582.96428571429,0.20574608680449,0.000458498179841322,0.0400054932744821,23.4472063618323,24.3645722862815,5.04738429395979,3.18123355612611,22.2720434521873,5.04738429395979,3.95504274294324,4,1.6094379124341,0.191660586002636,6.08221891037645
3563,1254.20534539474,5340.48947368421,1.67725156733864,0.0184411160178286,0.0662888902177759,16.6464343724578,14.3598827173098,2.75817398420714,1.36055719871236,18.7865647500022,1.38811012278459,0.975083924552752,14,2.70805020110221,0.49715067484884,5.47030796450363
9080,884.976215898751,2909.788,1.50086794009649,0.223780122210538,0.395236690852299,2.76680029116397,7.94883713012689,3.0013233457922,1.4907637906898,7.0074595133463,1.97272548557047,1.02707617594017,22,3.13549421592915,0.328350602571026,5.97833525566619
2404,372.696709735577,3688.65384615385,1.09705205880679,0.00210007398256183,0.0884852027756748,25.858477713104,29.0580757523473,1.34789284377909,0.79914434876484,27.573495548607,1.29034642081825,0.946603964626015,8,2.19722457733622,0.675405462238685,5.58766471831888
3349,796.878522699529,4849.81460674157,0.657629033719951,0.00535935210966982,0.158865317749716,21.0826588138956,20.7347223412828,4.77087395732377,2.67694266373632,16.9471409253562,3.17325054742722,2.67895029408348,11.0000474074074,2.48491060039748,0.915768006359781,5.63150647239672
2426,5.12797051668167,5651.1953125,0.0618980353174265,0.000909850274247503,0.000982076196571313,25.8226879571073,20.8575436307673,3.58387559640403,1.27465868172658,19.5377214643691,3.58387559640403,2.02712257330838,16,2.83321334405622,0.90111367564689,4.96078574544778
1417,57.2706008911133,4145.76829268293,0.156999173760414,0.00362039108524925,0.0105737412178582,21.1602470279063,27.2907423353915,2.77640076867419,1.59960635914228,29.6006961822511,2.77640076867419,1.52231324939091,4,1.6094379124341,0.323222867985005,5.64685932725658
1503,722.632157759233,5178.68181818182,0.634820795871995,0.00747674250553778,0.0688745880019497,23.6393504499185,20.4469466585102,2.72265509023188,1.72603632370838,19.1062074950248,2.69502362580359,1.36308620134799,6,1.94591014905531,0.763799388018669,5.36930824069766
1803,197.292336646547,2990.17021276596,0.186536540376379,0.00374559025259777,0.0820378851386839,25.0289855088666,26.6909087008879,3.50836137224966,2.37143396576678,26.3967062424825,3.50836137224966,2.54199395878598,10.9999881481481,2.48490566213319,0.0902045121718377,5.01230156107013
2554,649.596678718688,4702.60483870968,0.821729774985995,0.029043539814372,0.0729979580412418,20.3129022960154,22.0021721193868,2.6590306968019,1.6421970609454,24.2853566460286,2.58291525296164,1.57998792455245,13.9999881481481,2.70804941097844,0.165421533709601,5.13736662561404
3928,566.504438292306,6699.21698113208,1.43526651949253,0.0152050865560446,0.204819917647179,20.9809202000345,21.6274161092891,3.33027098306569,1.70935963448002,22.7354888420185,2.91969750170199,1.66860884975914,11,2.484906649788,0.83468466201409,5.79097901968636
1159,740.972570082721,7223.16666666667,1.56199439132915,0.0402640972246776,0.173863519904331,16.7052161471858,17.5026099079788,2.59773418686405,1.27781727235826,19.7161026874376,2.17770391410841,1.12056178643964,7.99998814814815,2.19722326046292,0.321229264183586,4.85808958287683
3370,629.836137638536,4413.8908045977,0.474416215059369,0.00282621793106688,0.0232724726568802,22.7717641340348,22.054481414756,2.72318128276522,1.95537634373626,22.4629369553022,2.46957384828586,2.16358784812781,6,1.94591014905531,0.94075785375486,6.17675787429109
6354,885.091251531296,2395.13905325444,0.127911103591764,0.0367605438839442,0.0733493955821885,19.3747915545485,17.0210384409861,3.67349068927847,2.43762580620726,17.9872197882899,2.61866817919024,1.67155137830234,5.9999762962963,1.94590676280619,0.242800278573154,6.81093305202327
5259,705.139200413481,4665.64184397163,0.25185603854504,0.00199317744956391,0.0445789676037835,25.3431180113687,25.4663877445781,2.97747005762635,1.66802128496872,24.333130383623,2.97747005762635,2.2127496188361,8,2.19722457733622,0.581333837511155,6.37047159625313
3113,1502.00177143895,3063.70114942529,1.57347822951716,0.133915963042296,0.247574736348818,-0.019516987718589,3.96698149934434,3.48169754892364,1.13104816564712,3.11829798711824,1.01975672213014,0.839027135004254,21,3.09104245335832,0.693957892278141,4.95229971708329
1546,551.593872070312,4044,0.625275433063507,0.0282249816698013,0.0807023417194195,23.5485727945965,24.0834282738822,2.660225153282,1.85688192414594,25.2082445780437,1.51281077515605,1.35761975128366,10.0000118518519,2.39789635023887,0.595893565517709,4.9455298789085
4551,1383.35010995791,4909.51937984496,1.29738788272059,0.0113773802558983,0.0836219306602616,15.8201436689778,14.3706347491864,1.94637574385209,0.762128259175731,12.8296313516648,0.938660461591314,0.543937832755992,10,2.39789527279837,0.21545531697955,6.02520699521827
10711,263.314283005735,3904.80918727915,0.274712304855492,0.00956994191259253,0.019801005355598,22.2336760629894,31.2126853600444,3.75764950052451,1.71425645520732,31.8450394093124,2.28757030910654,1.74747127089573,16,2.83321334405622,0.312078414258773,6.44581318570841
1631,481.582427978516,4568.5,0.348447531461716,0.00656980741560176,0.0581694042287353,21.8524669647217,24.4193340301514,2.75744606008716,1.67609026357369,23.8764063941108,2.75744606008716,1.98972380222972,3,1.38629436111989,0.194020904206415,6.01065424150112
1224,387.957366943359,5719.5,0.562925755977631,0.0252907786588104,0.0466333649705604,19.2480238596599,17.3287979125976,3.82985053081676,2.04970063914185,19.2836965348986,2.77242555202554,1.9364420124175,11,2.484906649788,0.581466721150646,4.62497281328427
2876,924.621870252821,5462.29166666667,0.733447120421463,0.00118008521444995,0.0462805402781411,20.7264261270795,19.6769132739119,3.243015016635,1.42434009045946,19.8662710024986,2.78120347748529,2.28235335528269,10,2.39789527279837,0.513062771008469,5.56626044604257
27047,359.03356455815,4766.6676056338,0.408984883043427,4.05999914945664e-05,0.0675341758854182,24.9589532478462,26.5299526724328,4.81889871710151,3.33150767547207,31.9358049341957,4.80729327872507,4.03626868271188,9.00001185185185,2.30258627817853,0.0899116083515006,7.90274509421547
1181,201.561614990234,6950,0.300398230552673,0.0129793510455869,0.137038573190001,19.4514468934801,23.8876377594777,2.95028718941211,1.71396134088592,27.4065596686469,2.80451163427208,1.65738874380157,10,2.39789527279837,0.726562697084317,4.67622154339899
2469,768.336983235677,4023.00847457627,0.319269746541977,0.00773034516721294,0.0181810185538158,22.3098508789301,17.7158357268224,3.3400350977421,2.33393276803752,21.8317610882545,2.37989396649271,1.72020044441876,9,2.30258509299405,0.0985446932268339,5.50898339635113
1009,849.430017089844,2481.31666666667,0.0806104925771554,0.0113618339596843,0.0153770392496061,22.4988461894375,17.7154395269969,2.85699702649541,1.63798108797497,18.4920388963487,2.73480701242899,2.07535437241312,11,2.484906649788,0.881603150946397,4.43180837056561
2898,994.18074770327,5817.14814814815,2.89404609468248,0.00764599746731683,0.0399022193993631,22.0523942051823,20.5059287160373,3.15812897311911,1.95192807656508,23.9089865382316,3.09045974447672,2.08753331596278,11,2.484906649788,0.39290514086527,5.48686947309263
1374,333.585510253906,4684.2,1.51752022107442,0.00838244808805039,0.133010038792519,21.9974610154347,23.3859739785243,2.6646614451456,1.77314221647308,25.4733769028276,2.62383760553861,1.68637049515585,8,2.19722457733622,0.806329309172162,5.02825689544608
1116,696.56640625,4352,0.71907502412796,0.0378107320619989,0.164402249836623,18.1921766834874,25.7577943872523,1.40237579162218,0.945592487062793,26.3798870934381,1.40237579162218,0.924407448708445,6,1.94591014905531,0.425560325463179,5.07159599388594
1803,472.350962320964,3602.86170212766,0.645034981270631,0.00551817749431067,0.0663467593565344,21.5508866046338,24.032189638603,2.19856363421008,1.33365224821925,26.3858319609441,1.29976087666167,0.941729315975715,9.00001185185185,2.30258627817853,0.392935846831791,5.19462094502479
5495,617.836725335372,4086.25,0.393937241874243,0.00613967848777794,0.0288747246399472,24.4489952281699,24.9972877452248,2.03183903412286,1.18122589121262,26.0323031553748,1.15308748932524,0.777952724356786,9,2.30258509299405,0.660304420783662,6.30900877384368
2812,705.126906451057,3193.14705882353,1.41797961908228,0.00201547471715813,0.0951007333710153,25.6089882447101,27.236252489277,1.57319993233722,0.924176366380322,26.4122916252784,1.57319993233722,1.04960819689455,7,2.07944154167984,0.0165597986503966,5.86220971125072
2683,953.82822265625,5633.02,0.933603488604228,0.00688708631413694,0.0478134981586555,18.3995265586061,13.6663795041282,4.135016772456,2.13892937190582,18.0851050059001,2.41038713864685,1.62539836704195,11,2.484906649788,0.883416315040851,5.40978420063762
1374,1191.78735351562,5460.5,1.72303009033203,0.0346577648477684,0.096932833632227,18.0355487208213,16.6477738966022,2.23518310732242,1.26991050297534,16.4559137980144,2.06951128437577,1.05521062186373,16,2.83321334405622,0.685435645947388,4.39226812872608
4615,1640.62543610604,5394.148,0.769586764035686,0.0281941308543511,0.0843267264967122,14.425856473533,12.2824603036952,2.63020654230392,1.08127959964872,13.8947155032688,0.860612683578439,0.458607966405358,15,2.77258872223978,0.761261717321769,5.66447842469717
50230,458.350294953301,6634.03087797619,0.637954423204064,0.0444128763550607,0.199940710718036,17.7745630616844,21.6161579783002,4.56383589232482,2.20263351664004,23.6139369661847,2.14904841694377,1.62664149924467,17,2.89037175789616,0.818002342231909,7.93399597884793
1889,577.667509765625,5434.75,0.835375090837479,0.0314019605457894,0.0758902919955027,9.49819356373376,10.3978747441219,8.99722749445972,2.54256510430822,13.9138908810086,3.1714320448993,1.9797467112147,10,2.39789527279837,0.525858872405628,5.14590759470314
1546,498.583819580078,4150.9,0.620239353179932,0.00338690445063605,0.0211383566554467,24.1832308959961,31.9185770670573,2.11821612540549,0.905603434081706,31.827153438992,1.10812028265954,0.642869437307027,7,2.07944154167984,0.83402283316066,5.26398468746753
1138,603.149536132812,5371,0.77396547794342,0.0503757735007149,0.22475346978505,14.1049230719126,14.6638944307963,2.00492376666505,1.22912434023817,15.660830646091,1.21046277694443,0.744617536899686,9,2.30258509299405,0.999547807221414,4.73444252169223
1009,1249.75415039062,7434,2.15007662773132,0.0254387948482275,0.13087243344291,13.5330951478746,12.8932756514777,2.98806633611882,1.50778037682656,14.5793256123861,1.58216709316349,1.14262735698387,11,2.484906649788,0.131976209843714,4.43180837056561
2232,304.031167452453,6373.0737704918,0.733030840021665,0.0173895901392064,0.0885794103571778,19.9756552255283,19.7981040376131,8.85070070943048,7.77138697527377,20.855291353375,8.85070070943048,8.57531730352744,5,1.79175946922805,0.799947218825958,5.91889385427315
1116,428.405090332031,4109.5,0.81482058763504,0.0301364386117271,0.0625763225537881,23.7020267698499,24.4012334329111,5.5031285457198,2.8387780016926,21.7892924838596,5.5031285457198,3.63860954999253,6,1.94591014905531,0.491947293863253,5.07159599388594
1052,742.809814453125,6425,0.942065238952637,0.00951361182241683,0.0478559807282757,20.3533763352261,21.0505725224813,2.67818661281119,1.89986585571738,21.317581431071,1.92924417308746,1.51817712687115,7,2.07944154167984,0.0458065912188358,4.87900685161782
3757,79.874623260498,3487.78,0.195262560248375,0.0025431321460637,0.0733221837446031,23.3877186978249,25.7632973286462,3.49623235254823,2.00073810140908,28.1571553463406,2.88779949170252,2.01087943999732,18,2.94443897916644,0.913097869063919,5.28693706640753
1181,767.683227539062,3197,0.680952250957489,0.00956041158660881,0.0104233572900725,23.0536601446008,18.7800341172652,3.35916051057667,1.64271238636584,20.5601131015354,2.27837397181878,1.3496999570639,8,2.19722457733622,0.373049292765633,4.87689223886114
1631,274.880767822266,5878.5,0.495006322860718,0.00303768927929227,0.0137872752892072,21.8824192867485,22.054881588618,5.62295859818255,2.44031952541567,23.0805497063531,3.20283039482775,1.61764231620111,5,1.79175946922805,0.0317381520291679,5.60518913339296
1181,968.051639556885,4720.015625,0.672758772503585,0.0425014213430082,0.120917262372082,18.4670179920813,18.8945745256212,3.56518963370791,1.54851597963536,22.189429643419,1.60155998780351,0.939992689032592,12,2.56494935746154,0.850583915428942,4.50916745873583
3392,178.751101263638,2845.27586206897,0.174185145004042,0.00363697171526606,0.00479538471656264,23.8572327551243,20.7066871365369,4.84103581304055,3.02505615786889,20.62528200113,4.84103581304055,4.3037829829033,9,2.30258509299405,0.142721064391818,5.82658990391775
2104,982.466125488281,7482.5,0.398292392492294,0.0241731021374534,0.0739342739772226,13.87106751336,12.8147894541423,2.88560861580801,1.52786493849905,14.9274777730306,0.920215930583881,0.608356881597411,17,2.89037175789616,0.909934034654843,4.76122381596144
1395,474.337585449219,7013.5,1.23113965988159,0.00296641175249945,0.277712039288783,21.9324818764962,22.7739326583015,4.33661058257915,1.80046781395433,24.4887642754449,2.69364892479946,2.20697278773742,9,2.30258509299405,0.384975185993944,4.93806460126142
1181,575.31335842994,5123.75,0.820937681582666,0.0166338597434361,0.111920536728132,19.2297931260961,19.9872824169341,2.19491035724218,1.42080994151419,22.766838116116,2.19491035724218,1.13085264186572,11,2.484906649788,0.945048154178411,4.58921016640936
1868,805.728725857205,4129.96226415094,0.282459661364555,6.16195343191216e-05,0.0164904240375317,18.5801782064218,15.1728404076185,3.77880231380286,2.44936845002421,21.0379780167553,3.77880231380286,3.02402556829822,8,2.19722457733622,0.448151999961358,5.33539904145257
3606,204.136809516199,2751.94329896907,0.062365491327244,0.0177781630341064,0.0186319637556569,24.3184571058018,20.9212196000924,4.13059515526771,2.46455178260885,20.2101102861752,4.13059515526771,3.4263539963277,8,2.19722457733622,0.0858189133163473,5.99312982642704
2984,968.213799910112,3004.68181818182,0.258442200212316,0.0188774365689562,0.0575337632635902,17.7443272121725,13.1422769662106,5.17728297943965,2.47690232860536,14.4495306727862,5.16899212547583,3.72869862281063,17,2.89037175789616,0.723239739091423,5.11064820342749
1009,974.08642578125,4046.78125,2.57073259353638,0.206867175066936,0.367356632791633,3.1343306961881,6.04862037234841,1.73203416694125,0.976328758059934,3.26444587707522,1.73203416694125,1.14440082774952,9,2.30258509299405,0.461389262928249,4.61412992735956
1009,650.876342773438,7261.5,0.511081695556641,0.0565473967145813,0.164276089102493,18.8061944161691,18.5730822775099,5.21635725841151,2.83224258340278,21.2542445288764,3.20391291016064,2.52193496451602,9,2.30258509299405,0.471985394396664,4.61412992735956
1030,240.001388549805,4474.5,0.155784770846367,0.0484356029001347,0.131283587203669,9.75716028761587,9.21212666829427,3.85804051746504,2.81834078576318,10.007734129164,3.85804051746504,2.86359362861719,6,1.94591014905531,0.758123740692093,4.99140393216837
1481,578.659939236111,4610.51086956522,0.804673551188575,0.025731271239632,0.151424419980483,21.9145415034271,22.7311511381319,2.63998907767137,1.6443797134682,26.0458450096241,2.63998907767137,1.93297229560229,11,2.484906649788,0.426327757361207,4.8155661644798
2576,934.537630948153,2830.46103896104,0.304968852888454,0.011259092743716,0.0200582421648586,20.574096905501,15.5494651437322,4.078982594703,1.923319235417,19.06272399484,1.08058731739433,0.914998347300372,13.9999881481481,2.70804941097844,0.967077138008809,5.1459436762458
1009,555.093383789062,4168.5,0.339070171117783,0.00379096418424396,0.0791056410663202,22.4986811531914,22.7816260019939,3.04546547080253,1.87084054005676,22.527047305637,2.74899969624682,1.66190013290824,6,1.94591014905531,0.724065180793717,4.9708048712983
1030,937.407470703125,3816.5,1.07701003551483,0.00264055032978661,0.0706114653464418,22.5425427966647,27.6050240269414,2.37530887410842,1.41278940689693,27.4126807742649,2.37530887410842,1.5406142992323,6,1.94591014905531,0.943968131156902,4.99140393216837
5603,799.845462637888,3749.9020979021,1.26492960184393,0.00530162464265466,0.0365326964444285,25.4635214388178,28.1937452783118,2.64160459529417,1.05099252166532,30.1437752961558,1.01763875613725,0.726219514815515,11,2.484906649788,0.746665396352004,6.14615079777728
2104,461.469405517578,4176.37254901961,0.578934396505356,0.0213100423026628,0.0599866144967962,22.8750835708241,26.9507905847886,2.47942110579003,1.19459416405579,28.8637133421722,1.54407710208867,0.976099655544148,11,2.484906649788,0.879935996263454,5.1666889240696
1374,526.709216968433,6501,0.244685772705723,0.0136216898780113,0.0683954090219352,20.736931245045,23.1004569689433,2.97561783207636,2.01142294254256,24.517176352607,1.56854570505021,1.21101156916354,9,2.30258509299405,0.185144821377125,4.92289637978825
1739,10.6094195968226,5540.10526315789,0.127400408842062,0.00134134387363323,0.0105575262024204,26.5937142737517,22.3984110755251,3.92238943441236,1.8298750977575,23.9565216510617,2.73366306002477,2.21918774019742,21.9999762962963,3.13549318533281,0.885504458365347,4.32557232902148
1116,464.383218699488,5084.86206896552,0.117322732405416,0.0160760355614024,0.0753093463668204,22.2019703819436,23.4278131813839,2.72325119229683,1.77696191746926,23.8647828434619,1.89408112967514,1.59728550105001,4.99996444444444,1.79175354328457,0.814103640137513,5.22575259965669
1438,944.177612304688,7163,1.53973245620728,0.0135149330314839,0.167677937781871,19.0457121203024,18.90652143441,2.39121376572339,1.35463374230373,19.8119263543023,1.74426768020715,1.00361297235666,14,2.70805020110221,0.63459767048578,4.56295833717878
3113,123.350290276023,3577.47058823529,0.481900982996997,0.00311873068051265,0.00539530189036182,26.9766025837579,19.9758506737504,4.52847875929576,2.03771496021036,20.4495207169477,4.52847875929576,3.31808613313911,7,2.07944154167984,0.229380626538484,5.96390062876177
1224,844.38196672712,2375.58823529412,0.325641861983708,0.0606714702993752,0.0976626570488838,19.4775027152634,16.4240028038157,4.01947349315644,2.17084800005468,19.1306027979633,1.86413910120269,1.16287704975326,14,2.70805020110221,0.468777043328247,4.40182926197006
3477,432.984972805447,3450.28333333333,0.473689292536842,0.00554393473785563,0.0867603325644127,21.3459108491667,21.5612038930258,3.04479493160799,1.6629578346658,25.6785732175097,1.09848056046675,0.7097068262278,11,2.484906649788,0.312078133746144,5.66901848221986
2018,795.450225231694,5367.66346153846,1.13958821109697,0.00115508053611562,0.123915656899586,24.889789827461,27.0270003279285,1.79672706638915,0.969482118985559,25.436176423945,1.0248586919781,0.851610492031471,10,2.39789527279837,0.649435747713349,5.21196692811518
2726,608.213162274428,5468.29577464789,0.846420125222542,0.0291649511563503,0.0957048562765447,20.9327603941703,20.7096548218021,3.34395994057734,1.52134424896772,24.2969696247895,0.95173791282717,0.826687236975002,8,2.19722457733622,0.639862613079908,5.71336603492026
3220,986.43381556069,6196.4756097561,0.727721379297536,0.018469156529754,0.0865921119055003,19.2909864547213,22.1850164113924,2.69218701107387,1.55840800118483,24.0975032186121,1.64616286351523,0.997404979490119,16,2.83321334405622,0.180695980615973,5.24392329448224
2082,736.737548828125,1897,0.14909516274929,0.0122223784708808,0.134250467376425,21.4060704303044,19.0834068086413,5.04282143089489,3.30868162757942,16.5353629218208,4.8645572702775,3.451127758836,15,2.77258872223978,0.770103994455834,4.86849552693513
1911,411.451782226562,7009.82692307692,1.01177597805565,0.0287269223351212,0.0683758366362797,20.4403146474001,23.9951752344768,3.29220952450549,1.50186855086724,24.0512821262719,3.29220952450549,1.96540849742587,7,2.07944154167984,0.557791136752505,5.47594040256044
1138,838.598188920455,6373.40909090909,1.5340439081192,0.0238928329515697,0.0920438088871325,19.9736262863722,18.5737458202307,2.78994760332756,0.941895858177574,23.6017582158048,0.763343077418083,0.525622752662365,15,2.77258872223978,0.781261737174476,4.26443889244649
1417,577.228599997128,4259.41176470588,0.782609764267417,0.0013625267752704,0.0425904626890887,24.924729854287,25.615684767746,3.19614543573717,1.70836536982766,24.9156960057278,3.01036971976817,1.69558966185297,14.9999762962963,2.7725872407572,0.0323338137475021,4.48370999893348
2383,242.315490029075,5437.62121212121,0.719569080255248,0.0181786807996057,0.116137532005019,22.6012341334945,24.1670770458902,3.74515248547351,1.80107055929887,21.4454664853285,2.07727786458746,1.50414284357155,9,2.30258509299405,0.862782692911992,5.4735303841047
3027,172.109360683112,5156.22222222222,0.375338309708937,0.00549827676086221,0.106047041157266,22.6251784892445,22.4907558241009,4.58037121799744,3.71123005546978,21.7048401543469,4.58037121799744,4.35615979571656,5,1.79175946922805,0.810308848750847,6.22356783979366
1567,578.07865524292,2079.421875,0.213499459903687,0.0115053018114821,0.0328977064615366,23.7932688887402,23.2079780382987,2.83897720496526,1.1649157206703,21.9539924621582,2.83897720496526,2.12775030733437,9.00003555555556,2.30258864854328,0.420154878869788,5.05432959381274
1395,220.30305480957,6912.33333333333,0.494536052147547,0.241298059863824,0.343124931361539,13.3341561423408,16.1545467415241,6.25657825437433,3.75707755427088,17.775399850916,6.25657825437433,4.2123560327273,8,2.19722457733622,0.0413241897822394,5.04342511691925
3542,381.020490180121,6339.76923076923,1.24728616442945,0.00992668687890668,0.263038877859803,23.5530952286385,23.9067622451743,4.46011211854571,1.82704359429606,23.0360854855679,2.92424506808766,2.04894027958212,11,2.484906649788,0.012985752869896,5.68754016855478
1481,37.6452407836914,4129,0.143870547413826,0.0201405679765116,0.027687255993019,25.4337633344863,20.217820335157,4.47651106707136,1.82132345853566,19.8667626274957,4.47651106707136,3.04358648785782,8,2.19722457733622,0.340265769259451,5.10324823693158
1159,1378.03930664063,4571.85714285714,0.87297363792147,0.0126208072105156,0.108710826916624,21.0257515528845,23.8183831684173,4.18896030884125,2.43451602176121,24.2656706976512,4.18896030884125,2.79585546856256,3,1.38629436111989,0.751457027291443,5.66901848221986
6697,1008.90203419048,3220.48066298342,0.422700024441461,0.00826482353386537,0.0181316091699687,19.7844726708216,12.7960340686827,5.08003546070613,2.66180260827587,14.3743191259489,3.77664481947639,2.54979669490288,15,2.77258872223978,0.332376893785341,6.03682622167027
1009,915.581801194411,6378.17307692308,1.05166321992874,0.0329452323769448,0.0979679441624738,17.5889947798156,14.7113338439893,2.30021659238767,1.10207964833606,17.5106244796362,0.83353566389386,0.651117797807039,12.0000355555556,2.56495209250053,0.361357619355445,4.35176292785308
2082,50.4797133752855,5578.93103448276,0.301513130129394,0.0136366379017076,0.0476743967568465,21.2368572594372,22.0010933653147,7.31124302579261,3.73512469958587,26.0510453907466,2.36897460584479,1.74262652717272,12,2.56494935746154,0.119939393710152,5.07613489171338
1009,412.025159112338,6816.65517241379,0.799698759769571,0.0121297933451472,0.242010383651061,17.0509003462065,22.3716032765167,3.46985833617228,1.92374461214759,19.0721952416431,1.77089273939133,1.38466134790379,10,2.39789527279837,0.489413458222191,4.51881974755524
2254,951.585092544556,2976.83333333333,1.51116074994206,0.198406477597301,0.346402454491567,3.42062413615577,6.23659333346188,2.87235334664463,1.28192036835868,3.58846011691628,2.39627549386164,1.49442800482571,16,2.83321334405622,0.136395257057622,4.88724835054351
15005,561.727533625877,4828.75059101655,0.405304481644812,0.00722084055053836,0.0815087225235681,19.310578534833,27.0001432967892,2.52862276830486,1.31302404597162,28.6813046508741,2.52862276830486,1.85965256719331,10,2.39789527279837,0.71462758638901,7.2182434850761
1095,361.060428619385,4013.12903225806,0.606726347468793,0.00482556165983642,0.0126344602603616,28.4502557829276,26.0772084554036,4.6839300690091,2.22751486879263,27.6733247777468,3.4079559955958,1.28356018320581,6,1.94591014905531,0.639734765413522,5.05259949319529
1095,1131.34704589844,6523.5,1.90880143642426,0.0091708925491325,0.0814684369574294,17.8854303571913,16.7610490481059,1.86124724178704,0.759403943830272,19.5938903384739,0.631436019173189,0.373783648966545,5,1.79175946922805,0.683011085107428,5.20675017302255
2383,667.769352504185,3359.25,0.754688013877188,0.00464910325603946,0.096442167172582,26.6869058295512,26.8215042361966,1.57207798019082,1.0689684177987,27.2309445396302,1.5123443770716,1.32793645206326,8,2.19722457733622,0.176702892681259,5.57889089976252
1653,138.822891235352,4876,0.495989263057709,0.00703156900343416,0.0549534627788155,22.4165222803752,25.2613508406139,3.91082437601411,2.98761682300606,21.1041018591987,3.78880684784364,2.89653089227571,11,2.484906649788,0.440149197362926,4.92544044803302
1202,599.043823242188,5357.5,0.833508312702179,0.000934013277799295,0.0104308667726443,25.3279973183909,26.6434335072835,3.12352683608263,1.87081389004681,26.1849520365398,3.12352683608263,2.26636245276048,8,2.19722457733622,0.195402638124031,4.89451753775893
1159,1152.83837890625,3215.5,0.785859823226929,0.0188556838655614,0.058695267250531,19.5249762846151,24.1577583979047,1.68424747994726,1.0532154799844,24.2852995130751,1.43846102585314,0.979919249433596,4,1.6094379124341,0.735203147377477,5.44587493090565
1095,1212.71215820312,5925.5,1.06947350502014,0.0607930015096052,0.155098145667321,15.9099931081136,20.7198792139689,4.02459413298842,1.92810804229282,23.6969719356961,4.02459413298842,2.26234261784849,7,2.07944154167984,0.434674356758095,4.91906810057077
1095,328.547607421875,5208,1.49180662631989,0.0141641976534643,0.126064671467073,12.1645064282161,13.7313014886318,5.78768574728895,2.23455176392692,14.5404411315918,3.50174971656701,1.84505058289915,10,2.39789527279837,0.653368944928956,4.60061436945223
2833,464.849053573608,4885.0875,0.146082875039428,0.0226568350488769,0.0939026720972365,22.6949832746718,22.6006400715221,3.05282719932198,1.9799285875378,27.2599067687988,1.76028245176691,1.22804042470113,8,2.19722457733622,0.429053746829199,5.7518669224943
1202,1362.11831054687,6474.94285714286,1.50703799724579,0.0149129883974523,0.139831232345342,20.6455378093416,18.0270628053315,2.54083571078879,1.57911847075184,18.7768251630995,2.54083571078879,1.53834722486963,11,2.484906649788,0.742057451272617,4.60683546530715
3628,544.582371690538,2659.71666666667,2.242710151275,0.0127605298033499,0.0964782796168898,10.8801936033543,11.8333437334854,2.82631621723539,1.60702196206038,12.6900062325561,2.77258132765193,1.96694002135271,6,1.94591014905531,0.0420663406463881,6.25052666217971
1266,922.851456491571,6654.6052631579,0.665094955971366,0.0527654983484548,0.158321767857509,16.332977341985,16.5470387155782,3.20705932644315,1.26653182358586,17.5765852877968,1.38718721628771,0.703463103226464,15,2.77258872223978,0.20973895338535,4.37102888046434
2018,152.16787561877,2640.62931034483,0.202224657581798,0.00189253293062367,0.00662548547469336,23.309273494258,19.2874625501962,4.5436116774533,2.792712564841,20.0267502342604,3.96917205138228,2.90342568039872,7,2.07944154167984,0.778422503072637,5.53042065923372
1846,1001.07869944853,3409,1.46758883139666,0.0768815093451847,0.263830552932028,1.12701189667268,2.67643265430797,2.75301088770608,1.17687564732518,-5.68658244812411,2.1759559206931,1.69328103281333,26,3.29583686600433,0.73051658908539,4.22493954905847
1503,147.7412109375,2686,0.169981256127357,0.00146182694139441,0.00522405181773777,23.2995898831276,19.510542678833,4.60297945434077,2.6869646468168,20.1814240773519,3.92946938236546,2.90348406945114,7.99995259259259,2.19721930983263,0.598894918475228,5.11799907992034
1331,582.515014648438,2095,0.184504494071007,0.00260972078036659,0.00496134211132215,23.5157228777485,18.3657535748604,5.31902726981931,2.3734848856935,15.0057377709283,3.63999938090398,3.22804801040203,9.99998814814815,2.39789419535671,0.755140724520479,4.7957916230384
1438,882.928492954799,4348.61764705882,0.691944709845952,0.00468352019922194,0.122645527864526,25.3065906295439,25.6054209752066,1.6608583603783,0.615671815971835,26.7591461281372,0.679976501574357,0.48443821441081,14,2.70805020110221,0.0693995473480743,4.56295833717878
1030,494.307293701172,3670.22,0.592990696430206,0.00219907457114473,0.0386678194716426,23.6645460780975,23.6108846375437,2.36310897023892,1.70503547722482,24.9262382337782,2.05882360160551,1.13418996914056,8,2.19722457733622,0.126450496463167,4.74008950388746
1030,932.239013671875,4018,0.201128512620926,0.00123485348148833,0.0734126500689563,25.197512275942,23.5178713904487,1.2434992772502,0.757164946402951,25.6833206176758,1.09266167793737,0.815177454262933,12,2.56494935746154,0.187163339081408,4.37236472376214
6504,607.034139550251,7002.61413043478,1.58189364198757,0.00434438456851167,0.269743334628502,21.920354911979,21.5293407902837,3.4080460619877,1.40294085156548,21.5093203982294,2.19523523451417,1.84199265542894,16,2.83321334405622,0.184589422609257,5.94695930717143
1159,116.014518737793,5253.5,0.226438850164413,0.00607887598327395,0.155079394424284,19.5350507948135,24.5366532431709,4.71927244642465,3.70941607619574,27.8374922434489,4.64890428422517,3.11014506334116,3,1.38629436111989,0.694425828525121,5.66901848221986
1288,601.772024972098,3984,1.11526904787336,0.0107613324510081,0.0471396207005615,25.3422985773238,27.6960195879916,1.33693727596625,0.920920015604765,27.4363264174688,1.2564790729796,1.0146932763904,8,2.19722457733622,0.51770946785108,4.96362132932808
1717,1227.49329674762,6267.32608695652,1.60669744533041,0.00749461201175527,0.0770394344625138,16.0276967606107,11.6351199175754,4.7200796385443,1.59678046509528,16.6081023893495,0.596322612340624,0.431823649797031,11,2.484906649788,0.982231852736374,4.96342721110948
1266,131.325847718774,3555.69512195122,0.268725852777318,0.00204445060523189,0.00418616802349136,24.8065782594518,19.892704824957,4.12863456048754,2.60679758989446,20.1314441050295,4.12863456048754,3.65987361179925,10,2.39789527279837,0.189044044648523,4.74572232990575
5688,623.312610270182,2320.47333333333,0.133473469316959,0.0036618642547865,0.00552969574440804,23.3677700187656,16.3645648657758,5.06914374429636,2.27908298493561,15.1784744969121,3.8081110910756,3.31608663773568,20,3.04452243772342,0.946216721049691,5.60159153375965
1417,1502.80330602134,4016.64634146341,1.51923645124203,0.0224202180449495,0.0750094458668996,17.7947837757558,17.5423228352589,1.81362918695072,1.20239763563396,17.0688326879569,1.81362918695072,1.40356535926676,6,1.94591014905531,0.421921152914717,5.31038709063537
13738,578.1093100822,3905.52551020408,1.02488519884551,0.0952219967735691,0.151449153022503,20.9448666994264,26.1233988066289,6.21998534041655,3.51062728999626,28.1462116968065,6.21998534041655,4.05512576219056,6,1.94591014905531,0.482917431540083,7.58201084571851
2726,634.223985826647,5410.94520547945,0.812109786110955,0.00734110238647694,0.0904168912418601,23.2909614847493,23.6269994692171,2.71777437636447,1.51147584371055,24.7840113083885,2.16943307024377,1.20331930862785,6,1.94591014905531,0.510705864685186,5.96468046320116
5044,611.374763660861,4395.35338345865,0.746580669306274,0.0244427345011258,0.105067835843074,21.4178320235378,21.5354276150826,2.69483534268056,1.86589591124731,25.5091686768242,1.73247274029996,1.0991674185276,8,2.19722457733622,0.0147700713421594,6.32873011974859
1352,519.75825954128,6427,0.613685157250714,0.0142561771824339,0.0685856985060652,20.5909023366949,22.9528948788922,2.94264076578114,2.00056727289985,24.317210110323,1.65342667799757,1.22696858903989,11,2.484906649788,0.62525066315092,4.72443360681491
1610,376.230224609375,2318.5,0.276360053675515,0.00436488484610302,0.03730752439814,24.5292629406016,23.4341442552192,2.06079918166755,0.782690039211918,22.2777405996171,2.06079918166755,1.16196507537605,6,1.94591014905531,0.890864719058974,5.4380793089232
1181,858.740539550781,5076,1.02061975002289,0.0284629251790562,0.137674561511997,17.5905017114455,24.6515175925361,1.70695818921283,1.09461600216922,23.5089486863879,1.5289885798053,1.27185380944394,8.0000237037037,2.19722721107761,0.0304310805585222,4.87688960511976
2018,190.063014711653,3447.35714285714,0.29427329237972,0.000882151681507943,0.0603437516933789,25.6665951259553,26.0746802583033,2.87254354400907,1.82964514868023,24.0496422722227,2.87254354400907,2.01562124157643,4,1.6094379124341,0.387336805832307,6.00042428847945
2254,491.661850751457,3444.73728813559,0.754581576686794,0.013497011248419,0.0960970296272668,22.2240620011439,27.723304611321,1.50541654731375,0.719271910165798,28.52617092384,1.50541654731375,0.655418656236756,6,1.94591014905531,0.993109254379008,5.77455154554441
22797,709.63268598538,4342.14343598055,1.61839566821034,0.0182808916212822,0.0942822639135597,20.5006123491845,22.6609278883992,2.65538317367597,1.54208882693292,25.628448468948,2.65382224515009,1.5638548170721,10,2.39789527279837,0.928279027681278,7.63648895453952
11763,641.384337825717,4503.47289156627,0.649919705628628,0.0260055969049709,0.0768101202936272,21.4632347444469,21.2743818665494,3.1250895015571,1.58031363780415,24.6793068361092,1.1603147205335,0.928388295208358,10,2.39789527279837,0.0683616497915142,6.97481901816207
2404,177.221761732835,5319.87692307692,0.85804498562446,0.0453158255043119,0.0722041680446129,25.5303313183529,24.8954662763156,3.7801364990243,1.41915805404435,26.6488506023701,3.7801364990243,1.90845516051657,7,2.07944154167984,0.880091933411234,5.70544775397526
1288,817.536865234375,3378,1.57758140563965,0.0109712997577311,0.0332021905240651,25.5780340406631,28.9223861411766,2.11469717230934,1.22422858167373,30.7069015926785,1.50911982568476,1.01426917911414,6,1.94591014905531,0.986714077271462,5.21493575760899
1331,141.177505493164,4554.14705882353,0.179525181651115,0.0164093538649447,0.0197100814179512,24.360363491331,24.6056328259263,5.00335655896247,3.41278007787469,23.8362089842752,5.00335655896247,3.7189414478848,5,1.79175946922805,0.256549855689163,5.40192634916706
1030,1231.8427734375,1027.5,1.96523332595825,0.112104446502901,0.289931252977002,-1.65098666690648,2.44552294413251,2.25168459401474,0.95644774570401,-3.26845334370927,0.761184039816081,0.588533565435322,7,2.07944154167984,0.546578554142215,4.85787253954385
2705,736.832271515377,3968.203125,0.142028708957017,0.00224717206841163,0.0438092490997981,22.0630664292203,23.1755138397217,3.78816990931167,2.34793327851538,24.2930728488499,2.60446873873262,1.90849385923351,4,1.6094379124341,0.0305855948005349,6.29341927884648
1266,744.021153041295,3534.4,0.420987269708088,0.0251521239661957,0.101269974589557,17.2647595647293,13.1171186379024,3.76156532084041,1.56108764363232,16.4292470659529,0.968350807572625,0.541535662820374,13.9999881481481,2.70804941097844,0.273780414549009,4.43556819172568
2662,611.665396796332,3638.31506849315,0.530943755474355,0.00258467754960113,0.0802988250649024,24.1717835922904,24.1852341567243,3.49645181006319,1.89379971600715,27.6011640400647,2.18086507973415,1.53247468307558,6,1.94591014905531,0.167179897472868,5.94092284989974
4207,757.940173557826,2969.02252252252,0.497037689467626,0.0275577981752012,0.110508798220346,17.1444192028111,11.8016534535096,6.07366311684959,1.93446114101277,16.5534247802184,0.679057981026355,0.420685733890178,20,3.04452243772342,0.694306783222797,5.2999826458671
26060,562.646618408564,2065.76701183432,0.149167858075196,0.0106328845536314,0.0130421711917098,23.0324839516073,16.2400349387312,5.09686945346762,2.11678271153175,15.7048403406991,3.68782775101358,2.81284311978214,24,3.2188758248682,0.934922726001876,6.94928102581064
1352,466.334636981671,7782.76923076923,1.08342068928939,0.0795875008968305,0.275094126355781,11.0732050512592,13.3500119616843,5.45992622250921,3.93404964284497,10.6768066797501,5.45992622250921,3.67310016755942,9,2.30258509299405,0.567315038377538,4.90675516360886
1460,702.209568332981,4986.84615384615,0.836265177340121,0.00954043155452147,0.0507758763363641,21.6446986521049,25.8562011638721,2.86081814546922,1.69243694131075,26.4473067813449,2.86081814546922,1.65531429330631,8,2.19722457733622,0.82460925605491,5.08896713736616
3370,552.681469285345,3837.71084337349,0.838587307068239,0.00335266568040034,0.0230932013182264,25.8247320240158,28.8873376925467,3.05182701567802,1.07489915609215,30.7538859703135,1.16684675275047,0.637206601206521,9,2.30258509299405,0.257681136948913,5.82008293035236
26038,344.371610909921,4263.10576923077,0.496472898236028,0.000284804308221642,0.0559867287172419,23.6147864768727,25.5528729895001,4.20266365657213,2.28335339637516,28.1442335503734,2.28387864171285,1.40630723897075,10,2.39789527279837,0.96267118166016,7.76941701565897
4379,391.153837076823,3413.2268907563,0.148357270409664,0.00180892811003467,0.0241443293253168,24.5914476353693,31.8853152209759,2.09343364223996,1.50080485622344,29.5366888283125,1.82001942498278,1.5635614531368,8.00001185185185,2.19722589420778,0.876562721714429,6.18734977259362
14833,205.803129024459,6645.86262376238,0.454054720210333,0.0487829463426276,0.175798412728257,19.8458696631179,20.8577336148415,7.24001305866286,3.44351506918272,24.0514408872865,3.52746247857201,2.67728613401977,16,2.83321334405622,0.527460910830563,6.7713963632674
1266,832.953430175781,4466,0.685582637786865,0.00694540400922961,0.059501480458465,24.9468470255534,25.4483355840048,1.79579239272614,0.808372502151906,25.9316610124376,1.21022894795039,0.995276696339041,17.0000474074074,2.89037439163755,0.696289733726511,4.25324321106657
4765,491.130962848663,4316.30859375,0.840806572232396,0.000108513188195047,0.106365275832417,26.4809037526449,30.3040523182262,2.8435461152138,1.67882847269393,28.424528588189,1.50209247774139,1.26296398506516,8,2.19722457733622,0.373997118966675,6.27182823875208
2275,460.60205078125,2113.5,1.67887198925018,0.000228422459372268,0.070810783945447,21.8037119506508,23.6910103626741,4.23468310148526,1.50909898089883,24.4842440711128,4.23468310148526,2.3773849614246,10,2.39789527279837,0.573417152399009,5.33184005858668
2104,672.761408220258,5935.38596491228,0.631133696489167,0.0171481241719474,0.0513910433471133,21.6686237534539,18.6344482404347,3.11294389681748,2.2569638272998,20.20873837313,2.8208157975797,2.47514038651122,11.0000355555556,2.48490961274657,0.163191068933404,5.16668596111103
3349,1460.86021839489,4658.51948051948,1.5739900748451,0.0504708383241214,0.127971087187272,2.77919730314443,4.30933023326361,2.87169123703996,1.34674134109393,4.79149804218514,2.4366309966262,1.36674734520138,10,2.39789527279837,0.0205475864417043,5.71852179999583
12515,148.98335175016,4652.04599406528,0.283686649243333,0.0191442945406142,0.032868177491242,23.3443077376721,24.385750096542,4.64617123471107,2.99710039466449,27.9585222673778,2.46370347015361,1.72200013220665,11,2.484906649788,0.727618688806871,6.94977655407787
1030,855.329956054688,5302,1.41610193252563,0.0109232162456756,0.0640457079153869,19.3979511753205,20.7235190232595,2.90025413736724,1.91785077677185,22.134390979343,1.87121970315994,1.46473492420889,5,1.79175946922805,0.536281147422259,5.14555461199563
1159,35.0721282958984,4738.5,0.116553723812103,0.00195246374299529,0.00920144226058284,18.7687912199232,18.3979085104806,4.04125794575165,2.05405972464993,19.1293744405111,1.59620839806846,1.06183517995757,11,2.484906649788,0.335432849675947,4.57040619355175
1138,490.572644042969,4557.28,1.17642965316772,0.0376541841808589,0.0798812418795342,21.5621658866637,21.6268555959066,4.86351779933339,1.6903729469252,24.3194908311631,4.86351779933339,2.76302720955192,6,1.94591014905531,0.287927259936947,5.09111746563096
2361,534.098809344952,6375.9609375,1.30167321975415,0.0114488274729361,0.0523002198265097,21.0270733248804,21.5257847679986,2.659027546785,1.37444756208389,21.8169882456461,2.64783450886784,2.34396699218916,12,2.56494935746154,0.561232323418148,5.20189117962398
2104,1050.93157327586,5819.60344827586,0.581274135359402,0.01017809687248,0.0790505549641368,16.9906209163739,15.5612351309489,3.69856597899824,1.08544915677149,16.333789575511,1.35650753604331,0.681285829185968,11,2.484906649788,0.674188117786877,5.1666889240696
1717,290.065002441406,6324.5,0.480712026357651,0.0119842307493983,0.0803472266583682,20.0844318813748,21.9340366504811,4.14923009615458,2.70520510152134,19.9859651353624,2.66145417678955,2.0658482828583,6.9999762962963,2.07943857871248,0.0740827104135584,5.36889528218499
9059,1094.66021950911,4301.8016194332,0.819467914007936,0.015890947976262,0.0852986553371341,21.3753975023517,27.8243056777786,1.97605308979998,1.0567806439185,27.7063974314427,1.48589437197977,1.09820178743753,9,2.30258509299405,0.791743433941467,6.80892892467524
1803,525.271606445312,6291,1.25371539592743,0.0111645621876733,0.058185601947315,21.8049938940233,22.3763331201341,1.59364855506782,0.916492183942162,23.1848147074382,1.09056644533641,0.549617801655197,9,2.30258509299405,0.538782683231577,5.19462213020927
1073,181.571784234816,2603.5,0.132749870780014,0.00364404629829279,0.0785392251561086,25.5444625628231,26.651339298736,3.65723098494133,2.33359493200167,23.5774476738387,3.65723098494133,2.94968523449602,6,1.94591014905531,0.929730311112597,5.03230359357539
1374,479.731693267822,4200.8625,0.596550147235394,0.0125978868634178,0.0655653943999326,22.5760259543525,24.2353000640869,2.90880185269142,1.80783577829739,25.1321132659912,2.90880185269142,2.04839046654088,7,2.07944154167984,0.772143991489395,5.14603993110246
1610,517.129491689254,4527,0.554709231366917,0.0257924649394852,0.0823989968113293,18.3119687535003,17.4462289922378,2.91628316074227,1.17986160143229,20.1019680305764,1.10218212706359,0.634297807197919,13.0000118518519,2.63905817617575,0.303401770168171,4.74493128180276
1095,1347.67447916667,5750.66666666667,0.932933171590169,0.0432137830407354,0.124009167979625,17.4631952142203,16.8401199946328,2.19903752278349,1.12916881443925,18.9959618321172,1.66977881946711,0.958583848279156,11,2.484906649788,0.206080116666089,4.5136029924626
1138,986.648010253906,5133,0.727876424789429,0.00180961126953605,0.0335625370930259,17.3471439573501,15.4548150184827,1.98023865060368,1.30831974314497,18.9397604624431,1.98023865060368,0.991171240530044,10,2.39789527279837,0.109349750228484,4.63913234188791
1181,606.711120605469,5863.5,0.288844972848892,0.0291389120141581,0.168326760946997,18.3284907870823,21.9470283746721,1.64911644069242,0.812343141365544,22.0386503431533,1.05266595514098,0.805083999956854,12.0000355555556,2.56495209250053,0.00710476333538634,4.50916472369683
5624,827.209106445312,2898.23958333333,0.402392983436584,0.00909515926705732,0.0696761403894905,20.213197634297,19.1853297092297,5.02489077423973,3.55234057392331,22.2502019152229,4.99380078532052,2.83922604264404,9,2.30258509299405,0.824245607275199,6.33221334049646
1546,329.346008300781,6867.5,2.31529355049133,0.0224144573971863,0.168562496953648,20.3105730733565,19.0733879089356,3.84552995199246,1.42519982157537,20.0511795043946,1.31040908193374,1.03716212514536,17,2.89037175789616,0.250183616500965,4.4530544712512
1159,363.358917236328,3823.33333333333,1.12919934590658,0.000548718091494038,0.0257906937984653,26.3358294251145,28.8447155570063,2.42973329810958,0.813795986777082,27.3479419708253,2.42973329810958,1.12879903442112,19.0000118518519,2.99573286614641,0.794469043796021,4.05957997719334
1159,796.003662109375,4596,0.15797159075737,0.00996242052102403,0.0473310159025466,22.1035964391565,22.9023029433357,2.91368862624946,2.04315027243652,23.0511869218615,2.62077732688771,2.0013011550021,9,2.30258509299405,0.634676743450853,4.75272775034571
2619,826.958521446815,5090.88461538462,1.53583809045645,0.00188028760747836,0.017683510645436,25.6121104518869,25.8931955988356,3.05364156959596,1.87633804641073,22.2249452965892,2.965459981595,1.77165105555483,10,2.39789527279837,0.336351956244913,5.47265257170934
1481,0.574988603591919,4044.88461538462,0,0.0504982181961912,0.109394779149254,23.2643462516336,20.9418128775735,5.07682680973229,1.16693242551113,23.1129446372008,0.603769144878433,0.367333477383567,21,3.09104245335832,0.580119716098866,4.20943036090948
1073,400.749816894531,6054,0.582581281661987,0.00956511820005801,0.0252305436422304,20.0072147697531,21.8956437428792,5.09444751784794,2.68676795163611,20.5238565233018,5.09444751784794,3.6488263558336,7,2.07944154167984,0.81661108570422,4.89877220095086
1524,557.006179437405,4661.625,1.13197750289266,0.00577618517718577,0.100316288737386,20.0364077168126,25.4902488708497,1.83119987849078,0.929824067029642,23.6776404486762,1.83119987849078,1.25744267773661,7,2.07944154167984,0.901048986497305,5.24965219456676
1417,803.278914018111,3885,0.794090845368125,0.00425443732459364,0.0809253133286826,25.1532638373668,25.5031454796884,1.05736276451467,0.592762328258513,25.9425626817092,0.783815181375304,0.416520535931798,7,2.07944154167984,0.82824457066157,5.17685569801084
1760,767.17792397357,2245.81914893617,0.240514763175173,0.0849857541126298,0.110489018629287,13.0527773834208,8.05644236024301,5.27510633168485,3.51963194577834,9.88523926250195,2.71050511734509,2.34741730821148,6,1.94591014905531,0.442288624611873,5.52715893897688
3413,204.453251382579,6646.39130434783,0.521006274482478,0.00782597273194017,0.153681565215596,21.2903683910753,21.2366297387711,5.65203588804868,3.20664280250129,22.9425365761283,5.23691657331178,3.096433657941,14,2.70805020110221,0.0397542668151131,5.4272967478045
2726,875.496217365506,2480.51265822785,0.259407170871391,0.0408071388219177,0.0853246798116276,18.8574249860525,15.7484963447904,3.8225708712077,3.03816872974935,17.1959986835592,3.22120567745208,2.87062648708513,3.99994074074074,1.60942606051201,0.762834582155808,6.30116455174446
2254,601.528955275013,3932.66129032258,1.06706289706692,0.00455762765496448,0.0344975911515855,26.3122461284787,29.6411497362199,2.08004510253133,1.04069597059453,28.2748486385552,1.45134230675922,0.923668036226677,7,2.07944154167984,0.805874807928864,5.64102015291989
6933,195.91373285754,2559.65714285714,0.24257362599688,0.00156385967286364,0.00547211111557177,22.8408681438815,20.4453664507185,4.78696197228927,2.40426044267267,23.5250423855252,2.40573947724885,1.53426323855185,10,2.39789527279837,0.88957138108494,6.44615262614412
2232,736.371514682112,2511.8220338983,0.255286455411335,0.00681933341131487,0.029723371649747,26.4405805936192,28.980643395246,2.9904941482497,2.04511790160019,30.3351336973086,2.27334325939659,1.90735262738874,7,2.07944154167984,0.951040178602512,5.63121178182137
1975,752.293059172454,7653.19444444444,0.514746445196646,0.0104101454606084,0.135249910717413,17.7299692930999,20.7578752101694,2.83880077436749,1.73305431943844,22.465495877992,2.7455959393987,1.85152721731916,3,1.38629436111989,0.123996627036432,6.20202931621533
15391,617.661237985251,6599.1985645933,0.664866005037167,0.00996751131302941,0.0304276267521855,21.4161291235384,20.0280254619186,3.88346533946173,1.89253151466948,23.0970673749195,2.77586325124178,1.27570538999462,14,2.70805020110221,0.949594514268561,6.93348800087774
7191,300.505073389241,6454.65364583333,1.59032482588229,0.0134918183924041,0.253057116040253,23.629308722438,25.4997716373869,4.72462267645991,2.44656533879815,23.9823851832637,3.0421650396852,2.71001250682886,9,2.30258509299405,0.336162743279236,6.57800043010845
9703,177.20938221206,3064.82905982906,0.280766973192366,0.00399665664903682,0.00540141435382376,23.5988977039423,20.9237520034392,4.4367300617159,2.77936942201503,20.770278203227,4.4367300617159,4.0338240638577,10,2.39789527279837,0.229403649148085,6.78229512222693
14683,888.383989807285,5937.71923076923,0.906370225922226,0.0154845665076757,0.0397359696437228,23.9964177433768,24.4873582298736,2.92506624518096,1.30192150410955,28.6640678166664,2.78443660302163,1.28834909944852,7.00003555555556,2.0794459861144,0.63349254960689,7.51499965484853
1782,1204.96997070312,4182,1.39611506462097,0.0241842914565105,0.0315862790411892,22.5633053400184,18.9836654027304,3.93758389556086,2.41544203817793,20.1089100731743,3.1564187855274,1.91205825803832,7.99998814814815,2.19722326046292,0.79235394890346,5.28826834756783
1825,535.541320800781,4159.5,0.655430138111115,0.00334946337251907,0.0292103216391872,21.7724214041105,22.0342706203461,2.68018205622576,2.05923057288799,23.1813238355849,2.28612839110447,1.87209312605921,5,1.79175946922805,0.208914086544041,5.71757579678854
1631,1004.24847412109,2615.5,1.16285705566406,0.235888333040162,0.378087091406467,3.71791940914693,7.89920153032273,3.36038645235128,1.6420591124223,4.27231665717233,2.97255295731689,1.8710541741293,16,2.83321334405622,0.966531085652241,4.5637352585648
3113,558.569019232856,6422.42777777778,1.40882369014952,0.0127155653924648,0.0532400745824381,20.4633992558597,21.7079708008539,2.76119226701391,1.74010039167827,21.5043276092152,2.28525492874207,1.53857508196591,10.9999762962963,2.48490467447741,0.790664954045531,5.5584374959642
2619,284.395952036683,6541.10563380282,1.21462498920065,0.0540208502665319,0.151644166981714,20.4729683819565,20.8596194194143,5.46178667108601,2.4490296004408,23.9202582435428,3.91616753063404,1.82827491258808,12,2.56494935746154,0.735840839197031,5.30559848704617
1546,182.151648385184,5358.04651162791,0.356025343849545,0.00651101061312299,0.1652665590932,22.8740677716464,19.8040492952332,4.45051122847289,3.06394217391544,22.0385425902768,3.09444398160992,2.51691709947277,11,2.484906649788,0.591553300582149,4.85851957935937
18225,717.329480931826,4785.47058823529,2.29275676244606,0.000261466792408574,0.0252033915551683,18.6481768043026,16.6266584762186,3.81653224285271,1.92431129406663,20.2244538706757,1.21784237541158,0.772176666060679,15,2.77258872223978,0.957023925014083,7.03796083463708
1460,1015.05986254143,5981.37878787879,0.725021185296955,0.0094204644802903,0.229220300942941,4.45144379805242,0.88409345425049,1.97818009090684,1.37301799148122,2.84012576530279,1.87518852781706,1.37202948069271,15.0000474074074,2.77259168519835,0.787849466875049,4.51360002950403
1224,951.367553710938,3597,0.432884156703949,0.0158519667035435,0.0823640689334724,24.3656930499607,26.7199070612589,3.79301956472094,1.92265679837909,27.3670877244737,2.558700879303,1.99634607741749,5,1.79175946922805,0.499270456754629,5.31811999384422
1674,636.593659774117,4355.51111111111,0.396809507971225,0.0369918364574116,0.0849473824341619,20.2531330883432,23.2540717152412,2.93222855526841,1.69829777249673,22.8731321593862,2.31914743431394,1.91058480045566,5.00001185185185,1.79176144453475,0.0871494384207805,5.63120980651467
1116,465.642302376883,4955.33928571429,0.137956269883684,0.0370893891133924,0.0675473260804255,21.8245624471919,22.5710054711981,3.80185608331458,1.7084467606536,20.7297467852396,3.32111202307368,2.20234166846217,10,2.39789527279837,0.82395439991084,4.61961087014289
2533,131.378539375637,5445.41304347826,0.439787036698797,0.0106335894845346,0.0613711922275077,20.439586929653,21.5292751355695,6.8600368103233,3.21941182278939,19.0142050627925,6.8600368103233,5.60425468645923,11,2.484906649788,0.415114261135397,5.35225300021367
1116,1036.19924054827,5392.69642857143,2.50688096880913,0.000603554287475256,0.0541562702807552,22.820743563135,22.3612259334989,1.69469893229558,1.01371928244407,21.8325135488358,1.35557100959236,0.979193290692044,12,2.56494935746154,0.250302368554758,4.45255678547972
1953,607.404881591797,5610.33,2.5746613073349,0.00890271963482689,0.0838293056033788,21.9282671788534,23.5535680505002,3.21884242684686,1.87662434073834,25.3571033562555,3.21884242684686,2.50521021411075,8,2.19722457733622,0.829986193652267,5.37989735354046
1138,159.264672415597,6240.375,0.458256548004491,0.00654927930081886,0.0770465818287325,21.1651009789627,22.9696158878388,6.2671283691055,4.68813431764365,21.3600534529914,5.46258390558006,4.26046589561406,6.9999762962963,2.07943857871248,0.398457780271183,4.95758903597379
1803,274.017135320925,4709.1568627451,0.152862461758595,0.00111808916058708,0.0144706726997603,26.8700056252589,20.0800087969287,5.04804127445415,2.18285612899129,24.820776090435,3.01425933968159,1.94730057357661,21,3.09104245335832,0.826221915288051,4.406164769845
10261,354.28597691676,5227.63157894737,0.463704347714678,0.0228998220710972,0.113240569904067,20.3299456197431,23.1168246158801,4.6089721577532,3.19277751530823,22.1718239603916,3.47382291680837,3.19757835088422,7,2.07944154167984,0.317363774917045,7.15666403818237
1503,570.313928222656,2679.6,0.115095022320747,0.0220509761066722,0.0301312392913253,22.7875115331015,16.9347294743856,2.51973861230752,2.00143920486047,15.5365272521973,2.47112154947139,2.06368429255304,7.9999762962963,2.1972219435879,0.784752657788231,5.11799644616508
2318,766.133526970359,4957.21323529412,0.84455017657841,0.0177950432876411,0.0702880891797206,17.8156962045456,20.5053192325667,1.37498545250039,0.8905362906596,19.2311350180433,1.37498545250039,0.821329387964435,7,2.07944154167984,0.663623452755083,5.66901848221986
4401,241.28275754159,4702.16228070175,0.618874931021741,0.000187419458513685,0.00187511991184944,24.1146476955734,23.871449695934,6.33349082335418,2.78871158922968,25.6090463240478,0.830230791041125,0.500837011147043,8,2.19722457733622,0.164345844089951,6.19236248947487
1760,467.886282113882,3478.57692307692,1.00456513808324,0.00121914348032321,0.0996738854286691,25.8008649243906,25.6853808150332,2.09648313458032,0.804964208414977,25.921949673514,1.55260405925205,0.810258415287295,6,1.94591014905531,0.204853246714878,5.52715893897688
1503,148.477310180664,3641,0.301080405712128,0.00100922735031261,0.00314819618479589,27.1930788798999,22.5573207182043,4.47657160230064,2.12766206081397,25.3262212965224,2.7747347168125,1.79057916330971,14,2.70805020110221,0.109419183711751,4.60716818865076
5817,151.637536291983,3792.33552631579,0.55740486757428,0.00383706326346344,0.106340986748002,23.3871507980356,27.8638670129386,5.4671870472419,2.40899559880115,28.356247537178,2.74829237205499,1.58106341063692,9,2.30258509299405,0.21923064939622,6.36595485091672
1910,939.406560262044,5690.5,1.16306690871716,0.0212948683318785,0.101535290930322,20.7385534142936,17.0774639038812,2.57882628500136,1.31272984883816,21.5876656708894,1.35375999354569,0.747132060911442,11,2.484906649788,0.90124627714335,5.06995187125267
1782,451.041731400923,1932.45454545455,1.17580353129994,0.00567008949375427,0.048736850675822,29.6197143092301,28.5796950793025,2.2073543127506,1.44408500016192,30.343918255122,1.69171591398874,1.29719065227001,6,1.94591014905531,0.328839460183926,5.53958145897544
1546,715.694152832031,3328.5,1.3939071893692,0.0071346142062616,0.0587245914873726,25.6084747526381,27.2228775978088,1.86412016374509,0.838110661068129,27.2804587046306,0.931310901954596,0.715686288017052,9,2.30258509299405,0.151382477219992,5.04084113615332
1996,759.330187567349,2197.25862068966,0.27234292441401,0.000595367530796311,0.0162089951000842,26.9215234789708,23.3193585119776,3.47299016400749,2.22794908671057,23.7838642719605,2.9016672602903,2.17461754701409,8,2.19722457733622,0.54303353685309,5.40167587953519
5259,222.989873525259,4591.61224489796,0.294667554062766,0.00528508188211866,0.0710991054370773,23.5948810006487,24.3766844376775,3.55154566440947,2.81804717386538,21.9500977110341,3.55154566440947,3.05540336462864,11.0000474074074,2.48491060039748,0.543558677191435,6.08278557319186
1567,818.963718321265,5422.87804878049,2.17274136078067,0.00435775213544172,0.158930830834941,17.6635316460083,24.8598060853201,2.06727764024958,1.50962491382484,23.6621675475827,2.06727764024958,1.73341707548054,8,2.19722457733622,0.457018596523262,5.1596936650198
5044,197.700413827678,2507.25572519084,0.0688833127381238,0.0190317136499286,0.0226522057228074,23.2207430602535,19.095809460761,4.54479308973075,2.79768696728797,18.5544970356275,4.54479308973075,3.03701519550162,4,1.6094379124341,0.889500230470318,6.91651678465071
1653,626.91044802782,4855.60975609756,0.671059593921754,0.00559580722739687,0.112234185315693,23.3957191122132,24.0754774423704,2.87802731227931,1.79644592543295,24.8658814324274,2.46673654773109,1.5166100566334,11,2.484906649788,0.396538218753498,4.92544044803302
2104,1054.44725254604,4644.5701754386,1.16287916898727,0.035980694992535,0.0762319095823698,18.0311919141279,16.3080779926942,2.55912203216488,1.38704115687929,23.1818025354754,1.58177123103992,1.0663632838643,14,2.70805020110221,0.0275981508056354,4.94354537275539
1546,355.820037841797,3167.95,0.296671825647354,0.0242030129698918,0.0629770843970626,24.7828134451973,29.7391574011909,2.42017936090661,1.38974681800724,30.5850876278348,2.42017936090661,1.79300771814787,6,1.94591014905531,0.39354360342993,5.39751608009205
1567,1027.37167358398,3081.03571428571,0.781165621110371,0.0320979761645717,0.0701735581746671,16.754184801421,16.5341634692567,3.0879857082354,1.79946616031222,16.5877705649725,2.80645145149561,2.15253445430189,7.9999762962963,2.1972219435879,0.19844080039222,5.15969629876813
168013,389.695054322363,5816.08179216204,0.762402128995291,0.00144562179769035,0.0269283470131498,18.70597975452,18.6136750234421,3.43719084265011,1.55649877705192,21.2903132206247,1.72216354285225,0.884409033222216,23,3.17805383034795,0.101706080342771,8.85374280599608
10089,303.956321394763,3646.98846153846,0.380667356581524,0.00412002161940099,0.0194234054173746,26.4877679081767,27.1403056079506,2.9890909793924,1.51368713747578,31.5139507684952,1.30173706886192,0.882640345701034,9,2.30258509299405,0.34134175294693,6.91661590741433
2447,1116.20029796254,6990.22388059701,1.2807882112084,0.0119263539312349,0.153087229100104,16.9380547674868,13.5940525313933,2.97971259050662,1.52307572639274,18.7110764024269,2.07038023278906,1.60836273274936,14,2.70805020110221,0.428814724819103,5.09456786234046
1138,350.673410644531,4171.88,0.504640476703644,0.000186979472871513,0.0180984572895069,24.7665655624225,24.443163255964,4.43170970196336,2.12627984501242,24.7315498521593,4.43170970196336,3.42797963153806,4,1.6094379124341,0.261916953726437,5.42758970225218
1417,0.574988603591919,3605,0,0.0139969814121024,0.0476722897077089,24.0361145675824,20.0210249582927,2.71730585634244,0.737859882033387,19.9244667053223,1.47141352498135,0.769105747591425,12.0000355555556,2.56495209250053,0.0544451432534934,4.69134514719015
1181,986.648010253906,5425,0.727876424789429,0.0194056687879254,0.0806579434248249,18.245632425944,20.0525837898255,1.19333373096163,0.889044465206866,22.4988041347927,1.19333373096163,0.750767234634383,4.9999762962963,1.79175551860297,0.812002655055783,5.2823612975944
4959,451.634432044396,7250.74230769231,1.29086069510533,0.0128190686330682,0.065160179235065,15.7562016788712,14.2362979392329,2.79764711653067,1.47606556593928,17.0024545229399,2.73638673361409,1.15229223809365,10,2.39789527279837,0.267640072258644,6.11106411369076
2554,1017.77605281464,5401.88888888889,1.36339246573514,0.0922747914243295,0.213804971874602,5.64664543908424,6.39735783761887,3.21327069781519,1.9375988567562,5.70010128256718,2.63440426336324,1.51993542460719,14,2.70805020110221,0.559541158872624,5.13736583549027
1739,455.750164378773,4033.07954545455,0.463287598030134,0.0157633963277639,0.0519390382854103,21.6609904556797,29.553365282579,1.62105778101201,0.975877984212978,29.9166024949816,1.62105778101201,1.06371125789987,5,1.79175946922805,0.529044599959582,5.66930604512623
1073,794.370071411133,4271.1935483871,0.928890198469162,0.0158186543932802,0.0317819156880833,21.0069545698216,20.6090136430131,2.97161391314145,1.70274674018771,19.9841527439788,2.30886195162122,1.35738398949721,8,2.19722457733622,0.676982487272642,4.78098916529448
1159,455.749450683594,4157.5,0.55018949508667,0.00381839756448699,0.104117060305239,24.3488530066706,24.6185675091214,4.42433124470122,2.45701739353356,26.7712601979574,4.42433124470122,3.03197777641163,3,1.38629436111989,0.3659272246021,5.66901848221986
6139,787.606852953362,4124.24242424242,0.182029486605615,0.00629946588167377,0.0297115986172678,20.5076769129311,28.7822504863132,3.10994062174937,1.4892854417081,29.4487291406703,3.10994062174937,2.00782225833878,10,2.39789527279837,0.374119483402026,6.32452186862913
3284,856.297464544123,3256.70454545455,1.87928670509295,0.0103043865485297,0.0662619087254984,20.7072456531394,26.9904260660147,1.30515744719866,0.804634037618715,26.5038407296846,0.52407715261401,0.456089185351155,11.0000237037037,2.48490862509469,0.815634267891294,5.61190884547763
1116,698.351135253906,4955.5,0.306656569242477,0.000812194016969414,0.0696706729409158,24.7552350150214,27.1324143727621,4.07033149274589,1.75231140114494,25.8208328247071,2.97760062514675,1.45941424672261,16.0000237037037,2.83321473839076,0.123492148834624,4.1842914045505
1009,453.796691894531,6106.5,1.1252030134201,0.00926681772768134,0.0821529484412693,23.518429795132,19.9003201918169,3.32933008979098,1.53688939855936,25.6597953796387,1.61934641421437,1.02903626102425,8,2.19722457733622,0.693335005216442,4.71949044301739
4207,1100.4159249122,6064.8623853211,2.24619870885796,0.00328949199331432,0.0773659699028078,18.7888752829409,20.330099567539,1.81175096830071,1.16014050794868,22.0565805304913,1.6865800140937,1.20672675396489,6,1.94591014905531,0.972545713906905,6.39859493453521
1181,403.556175495016,3313.68965517241,0.458585677475765,0.00463166135525349,0.041474602119207,23.6771177424119,22.8719518038244,1.95470205155891,1.65339062256791,23.8068732104539,1.95470205155891,1.71211265302366,4.99996444444444,1.79175354328457,0.151944646445086,5.28236327291279
10733,1267.21707467621,5634.96511627907,0.617780781861556,0.00307793031620399,0.121069832626172,16.8371108747689,17.1661714526622,1.95467642067275,1.25961702834621,19.1340856099402,1.94977232840494,1.34070011935043,14,2.70805020110221,0.481233665327038,6.57302818537931
1009,1279.55078125,6681.5,1.67939734458923,0.0413094942773355,0.09982554975306,16.3158253167266,16.2880998823378,2.76476059421304,1.25683310175537,18.4663730621338,0.859538319345532,0.466033144946445,12,2.56494935746154,0.281993451925413,4.35176566289207
12965,225.593212872661,6058.47651933702,1.01522572714206,0.0203648558574534,0.1681883502749,22.2531450607647,23.4877124940392,5.08408491780303,1.68979903514735,24.4825277758201,4.23506244722672,1.63256200295976,10,2.39789527279837,0.860616930554407,7.07211342517439
2061,733.832202148438,5628.84166666667,0.333866035938263,0.0413811941805624,0.129932074625831,18.7226624382868,19.4829446091612,3.46841145258105,1.94292866784234,19.5675698174371,2.06850448015362,1.63248047085712,10.0000355555556,2.39789850511638,0.254220582912743,5.23304807577408
4873,839.491247793344,5608.50384615385,2.80596258273492,0.00418017525517616,0.135905540667083,22.726863675871,22.9639202313546,3.4023565049343,1.60826693473355,25.9048447339963,2.88232268130629,1.2123894298147,15,2.77258872223978,0.00961290699093975,5.71887632060372
1417,607.541553698088,2566.5,0.702267210734518,0.00437979679115103,0.0417797643669752,24.701977286923,25.011720257539,4.24211645397268,2.26640386396267,25.2868365035097,3.19785692452579,2.1738789209278,5.00003555555556,1.79176539513642,0.77477759795428,5.46453184455426
1846,655.98590663694,4018.28846153846,0.598259312926598,0.0324710025569306,0.081872536166934,20.5132171826485,22.7862669235621,2.24964447416256,1.71635260017206,25.1136605939295,2.24964447416256,1.64609421597732,3,1.38629436111989,0.814287201065226,6.13448205394291
4722,754.26838606495,3798.34322033898,0.22222525992636,0.00674336478756647,0.0285483125068321,22.3432496227462,27.6091099506411,3.1964171911675,1.55985841903612,28.1331677330865,2.53871406775353,1.54095186249078,8,2.19722457733622,0.344436444928814,6.26276314030924
1674,722.465799021166,3358.40909090909,0.247571083348851,0.0130801929004941,0.0372290280372228,21.3306477163545,21.3923639915485,2.95288106816796,1.59713886860373,23.5998004797733,1.50889764649531,1.19024209147873,10,2.39789527279837,0.809317488539822,5.02507597825105
1996,384.119496471477,7071.28301886792,1.02532993397623,0.0116250553435252,0.0809529942080179,21.1690535454219,19.0324181012388,3.78705873908462,2.43514975533486,22.5093640325455,3.27213153740754,2.81898267585489,13,2.63905732961526,0.0482254021702345,4.95984312725615
1224,266.861565085018,6230.55882352941,1.3155375438578,0.0183976672474116,0.100828603712323,19.2018033756929,24.2154775557176,3.23263387619105,2.35601404277964,22.2807391347449,3.23263387619105,2.99719042796948,3,1.38629436111989,0.369823292692566,5.72358510195238
2705,842.389338505732,6073.15789473684,1.11827650472715,0.0112461429021539,0.245175105741289,4.42850916455359,0.274826854386049,2.04406343015364,1.5622394847311,1.08221129701849,2.04406343015364,1.57485252747163,5.99995259259259,1.94590337654561,0.769066312205567,5.95695381473497
1481,1039.28161621094,3282,1.95213687419891,0.0141802761993581,0.0320153359220683,23.6712395985921,28.5854732354483,1.42572239235458,0.948637353044678,28.3180194854737,1.20735141875338,0.806096172991957,5.9999762962963,1.94590676280619,0.0477383627603887,5.3545660514616
1503,765.193650265957,5750.0625,1.1389259911598,0.0222319128576274,0.0504011003985703,18.6876886306271,18.850008673895,2.72585173727633,1.34761298983419,22.8867177327475,1.82383587959718,0.890540632008505,11,2.484906649788,5.25888197779878e-05,4.83031173996497
1653,506.533752441406,3891.35869565217,1.87917292118073,0.0182675832617253,0.0373594183672174,25.9763939927482,24.2758640455163,4.20213705346804,1.38153564059706,28.5239063907937,4.20213705346804,1.97401517171818,7.9999762962963,2.1972219435879,0.379640942930609,5.21312515423313
1224,622.022094726562,5196.5,0.0432516373693943,0.00832761044149422,0.154379690924472,23.1097305954143,25.9156430986193,6.66409664458184,3.12217644927441,27.6481537712945,2.79114427576973,1.69294891785931,3,1.38629436111989,0.53981418004782,5.72358510195238
1481,627.192504882812,6494,1.93941915035248,0.050444301731261,0.231443589204055,22.4713529853411,21.5104755719503,3.70085843975929,1.72288220402621,19.6117142995199,3.70085843975929,2.7682054936348,5,1.79175946922805,0.271786448537159,5.50871334503974
1953,733.905883789062,4173.5,0.236483931541443,0.00209126120132552,0.058034659385271,26.1010337009225,26.4802719605275,1.48992841777656,0.804313754926764,25.8569683922662,0.996410989557287,0.68658669820914,10,2.39789527279837,0.953112650490567,5.17922665807831
1138,641.315268776634,3654.375,0.23059619872859,0.0012393977675984,0.0122666628608421,25.3583006992135,25.5118542141385,4.795646550821,2.27832908861401,23.6515891181098,4.795646550821,2.88344288944799,5.9999762962963,1.94590676280619,0.528842850435163,5.09112085188008
3027,616.471625434028,4773.51851851852,0.809140919903178,0.00340306800351139,0.0327961451895031,22.584834415796,22.8762874061076,3.04056305731297,1.80618348329847,23.8118908054055,3.04056305731297,1.94009769628273,10,2.39789527279837,0.456261839086308,5.61743203622335
1846,482.357312011719,4555.36,0.406806709766388,0.00545407788349806,0.0891712278790584,24.1854957750108,29.9338977628766,3.76125006510712,2.30369942182434,25.4287095303006,3.28341235964175,2.53437243997592,8,2.19722457733622,0.765617301468701,5.32355183772658
1739,786.729187011719,4964.5,1.29019832611084,0.00178628589797114,0.0877671945078546,25.2347408294678,29.0141861067878,1.59462777916921,0.762879477471198,26.3930535210504,1.59462777916921,0.901721215939476,9,2.30258509299405,0.950152437608093,5.15848042136024
1159,169.166002610151,6557.09375,0.540694444495089,0.0528250657867488,0.133840856643026,21.2099731076149,20.8964102427165,5.15384852357869,3.10243159887655,21.695737669203,5.15384852357869,3.76645630102124,6,1.94591014905531,0.549769872392603,5.10940269428444
1245,364.802062988281,4592.5,1.05770993232727,0.0181533577481474,0.0637070442446515,23.1363081860286,23.7997644333613,3.73553115179538,2.78080903026468,24.1470943450928,3.73553115179538,2.76009909955667,4,1.6094379124341,0.714514604073931,5.51745289646471
2082,419.389709472656,3200,0.461047857999802,0.00692172810567726,0.141970614837017,22.6720869495023,28.4060961992313,2.38653849819729,1.18102235477962,30.0019152323405,1.22810811894537,1.00358627081049,10.0000355555556,2.39789850511638,0.833091518264394,5.24318574405854
1030,887.448547363281,7276,0.982985198497772,0.0263607545046476,0.150314878045805,18.0878607432047,19.5321867624919,2.02006651827334,1.1672412124358,19.5794697231717,1.39593165282986,0.981273596763274,10,2.39789527279837,0.943073491910743,4.53941880842531
1030,679.7114755136,5436.42592592593,1.22448888531438,0.0241052563779452,0.049491284088665,21.0300934583816,18.9116352592099,3.74096804751713,1.93574007627022,19.0231763690588,2.49187994256606,1.70386115834224,9.00003555555556,2.30258864854328,0.0413335690949883,4.6347254326804
1052,548.649400983538,5352.10714285714,1.00682118960789,0.0397732119839849,0.068018655361583,20.2489372985887,20.8638389391777,2.8569106416094,1.25789683288002,20.4777016533747,1.56267641615382,1.15244297479152,9.00004740740741,2.30258983372355,0.205095705917107,4.65585855957411
3778,573.963073143592,3755.33009708738,0.922982746591935,0.00633813642493263,0.0557974377788607,20.8594377490023,24.1298723071139,4.39945854953676,2.978684724673,26.7427585659418,3.81183287551822,3.03494750900508,5,1.79175946922805,0.690261303185759,6.4451905788334
8629,635.581206106632,5750.4936440678,1.18994552987687,0.00454657830891576,0.0505604968322824,25.5299117857063,23.9335741128319,3.89418037654497,2.07603695526295,24.7136932516727,1.70403246465333,1.31270541240326,8.99996444444444,2.30258153743217,0.205589023999242,6.76030236507614
7255,779.971189833179,2061.14175257732,0.282187741365015,0.022284984237158,0.053514070758889,19.4215378699025,14.5217822375576,4.32669351477015,2.24631672397269,15.3893718160169,2.12414073862241,1.45443435517501,13,2.63905732961526,0.287983314398834,6.25038883570303
9402,444.226442939791,5238.08658008658,0.42734120615246,0.00261770888336936,0.125551213632113,24.4099666598655,24.5826700049561,3.92045477321133,1.813801833647,26.663692363539,3.54688322315446,2.16182132800333,17,2.89037175789616,0.547181605454052,6.25830595368791
3671,837.210489126352,5586.90384615385,1.4016594680456,0.0101814948880757,0.161329500487183,21.5364519174479,23.3093954127059,2.56134670492191,1.68040945223898,22.2372214586307,2.11367254610449,1.75958690944054,9,2.30258509299405,0.342213565731711,5.90563429050279
5603,828.625308819671,3134.41044776119,1.15278611877071,0.00621471460288114,0.0225632753231529,27.0369247579169,25.5792344224348,2.40648673490461,1.31833619310954,24.6234829948514,2.40648673490461,2.0033764538238,9.9999762962963,2.39789311791389,0.116352332229291,6.23316432965139
2640,505.086395263672,6434,2.41613078117371,0.0147280805608681,0.0508892911575884,20.3562910715739,22.1595599015554,3.83007298073176,2.51435178733168,20.8665718926324,3.83007298073176,3.48765615448406,5,1.79175946922805,0.261943452388878,6.08677472691231
2168,165.288740370009,2699.76851851852,0.134526178240776,0.00184978369024875,0.0027871409947835,24.653609933857,21.1140249645382,4.44437805734901,2.71789689640312,22.6198606875698,4.28543414151852,2.71179609186315,10,2.39789527279837,0.29368124389713,5.28366508976117
10561,727.360041228818,5960.3851590106,0.772131496332061,0.0246135121873919,0.0717317608628638,20.7270840085836,18.3661646907188,2.93105022269904,1.52559891837566,20.6107806190398,2.71167054329475,1.492747305562,19.0000355555556,2.99573405133019,0.964118303885175,6.26918919841629
1653,582.600056966146,5241.91666666667,1.07915959314064,0.253778552420955,0.404245124221083,5.39470497049308,8.87210933841459,3.33934123463276,1.68669399006518,5.94101549784341,2.92775341593177,1.99885037688683,16,2.83321334405622,0.969389705611579,4.57713375376481
1095,835.028865814209,5435.140625,0.600788036361337,0.0113325865657252,0.0899888356469702,16.8965627246433,17.4558766682943,2.25832875546348,0.866451753864469,18.0277549319797,1.12495730399532,0.705784276954341,7,2.07944154167984,0.711845540630329,4.91906810057077
3005,1199.49977264404,6448.9,1.31487185359001,0.00567011067169787,0.133679524999305,18.8584893134333,18.8504332860311,1.762738272904,0.970910747970757,18.5119205474854,1.42743482160708,0.858950289935298,7,2.07944154167984,0.213710537897361,5.92859130528947
1138,12.2675615469615,4081.13333333333,0.0412746533751488,0.00344431387659417,0.0177939118471507,26.9787589944819,23.4049637462475,5.8218137461688,3.31975228517897,24.2747614825214,5.82164937008816,4.24618664625401,12,2.56494935746154,0.104812665794013,4.47207825722474
6569,843.251340075751,2734.875,0.145898703218165,0.0175290556393513,0.0514820390042022,19.4727958907078,14.32209872807,4.12364256750279,2.01920815935147,15.4702704300116,1.89590660595827,1.17487511713928,14.0000474074074,2.70805336159104,0.138472325483206,6.08206353130143
2576,822.762329101562,7053.5,1.40527963638306,0.0073639705495161,0.0757829007014763,17.2339320924547,15.521341078622,4.76007516094702,1.30031588737395,18.0272251129151,1.01775236853957,0.633471005776891,11,2.484906649788,0.453890963675662,5.36908643743624
1073,562.113987513951,2399.21428571429,0.174075779105936,0.0097188926086257,0.0121582527868621,21.85720496102,15.9117735331596,4.96048033289278,1.92916996038309,20.6839701455737,1.89876999612086,1.22291649393345,20.9999525925926,3.09104029847384,0.332279706672059,3.88717344415686
1009,570.957128064386,4706.06896551724,0.604911520563323,0.0403562184500508,0.0707067863112799,21.5011476387305,21.8223129867529,3.24539978959048,1.83959915028677,20.0712295312991,3.24539978959048,2.22686565086325,4,1.6094379124341,0.0113159404052354,5.30727710791951
1567,715.271005803889,5192.53409090909,1.60046525435014,0.0278428606400257,0.114664481580243,18.8505348295062,18.9244342611294,2.86301938182236,1.84138008464611,18.1958825121022,2.86301938182236,2.29029081965938,6,1.94591014905531,0.26198604650304,5.41100809330071
1567,1597.93661499023,6088.375,1.10587161779404,0.0750487936917246,0.354440049849476,5.06911044787336,1.24451506643589,1.8818768153259,1.24554171660911,-0.592696041530985,1.8818768153259,1.55033623549633,8,2.19722457733622,0.65489957587161,5.1596936650198
1202,544.855409975405,4892.2037037037,1.31185788136941,0.00523539937227126,0.0236134555645933,25.5772923703879,27.3516395846185,2.84588622531551,1.85485099646798,29.5503777743367,2.84588622531551,1.72059953737605,6,1.94591014905531,0.984586922352139,5.14583196603984
1116,512.415418352399,3970.42857142857,0.521294481520142,0.0012814000947543,0.0213826920309107,27.6106295806838,23.5147359592058,3.97040474372777,2.33701796169833,26.3846201336574,3.97040474372777,1.73962094262458,8,2.19722457733622,0.539737464732403,4.82028156560504
1073,1086.23929443359,5487.9,1.4440349817276,0.0216187500989037,0.128008471725414,18.7144884759409,17.556266499529,3.55951363894052,2.20797847665039,16.3275099577727,3.4990294639417,2.34392598126198,8,2.19722457733622,0.941111899780349,4.78098916529448
1760,107.998520533244,5189.54166666667,0.613360904157162,0.0103855130353523,0.0678556471237393,20.948536399103,23.6464073699198,5.7317020266776,2.79220016121986,21.027635969939,5.7317020266776,4.51049801919483,6,1.94591014905531,0.752080961994029,5.52715893897688
4336,861.595009306557,5661.94871794872,0.934178127182854,0.0339292490116247,0.103249667121272,18.3168625006945,17.1891209448693,3.25196190182592,1.48255647321908,17.4989743126764,3.25196190182592,2.11192315489582,15,2.77258872223978,0.160189770575949,5.6021188208797
2082,633.419067382812,6198.5,0.877325296401978,0.0260519108227086,0.130674202633916,19.1398451911078,17.7654636676496,3.35005539277678,2.08960850500266,16.7058394114177,3.35005539277678,2.6994684725685,10,2.39789527279837,0.686702471395512,5.24318897637654
1224,753.134227079504,5244.88235294118,1.56136890018688,0.00806140056400358,0.0609937788841999,18.1644614986346,16.7018115367764,3.80240973603075,1.08731166574509,19.7810496835148,0.518397627269688,0.296402574191388,9.00004740740741,2.30258983372355,0.0828088040385992,4.80728962934872
9939,361.435207508228,6962.03505535055,1.15318567487929,0.0102458347070825,0.0907008198551901,21.1483916157442,21.8383082571987,5.75244708214849,4.29221903913278,21.0217007868893,5.08812551535879,3.63495569606683,11.9999762962963,2.56494753409805,0.920510762628714,6.63927415686995
2962,919.802945765053,5275.5987654321,0.897469596164983,0.0207329964259011,0.058927232788757,20.8895272542452,15.0067322105701,2.68095827745203,1.42595256586029,17.9533621527695,1.95765916013491,1.52724149459559,8.99998814814815,2.30258390780816,0.511683921862657,5.69103608701959
2469,334.611533164978,2909.171875,0.216991330031306,0.013913585142447,0.0205616943260232,23.6779091305203,18.0473106861114,2.10786069192166,1.48019674295207,17.3545110914443,2.10786069192166,1.47257845927271,5,1.79175946922805,0.233762565584754,6.01980902011712
1739,210.321014404297,4713.58888888889,0.429899908436669,0.000258572077879964,0.110635806058739,25.7598385764138,27.7362117541279,2.30857874762684,1.50181011334268,28.7744943077182,1.92214317659942,1.21067105266886,2,1.09861228866811,0.0789227354404697,6.36245322568617
1030,836.267405192057,3651.58,0.922943455477556,0.014446664014616,0.0418162856486524,24.5441543511285,29.0103900167678,2.23573207844099,1.21971856181654,25.5469636874729,2.23573207844099,1.60205844816928,9,2.30258509299405,0.264365010418841,4.63472898822964
1138,842.302873282597,5390.75,0.942321804063074,0.0173423710448411,0.0695600595978419,17.4782840432061,17.6210457102458,2.91968927369683,1.36076542121507,19.512888844808,1.60166691247312,1.17822543741891,7,2.07944154167984,0.395568160752621,4.95758607300644
3155,179.808423995972,3800.13888888889,0.662853294983506,0.0118712289898247,0.014085471536857,25.6019711707513,21.8932650248209,4.63381720057014,2.10272237455437,24.6691629103673,2.20812945636128,1.69857896527623,15,2.77258872223978,0.976736168798131,5.28415505273553
1481,455.08894788954,5132.3,0.194339731666777,0.0195455538035579,0.0924488452367929,21.1726543158072,22.4832306120132,3.01497833958825,1.87156475229817,24.4274257188962,3.01497833958825,2.16734076112317,8.00004740740741,2.19722984481206,0.762792742375851,5.10324296945574
3263,814.908197218372,2381.12234042553,1.58357075657896,0.106052046299439,0.29943358840873,0.167780938675094,6.82095293694357,2.05457118963062,1.4546839013855,0.816014406641614,1.87078699054754,1.4412512968115,9,2.30258509299405,0.674854533611932,5.78781720359927
1052,719.903347673087,6629.56896551724,1.53900913123427,0.0348354464288719,0.203148943398337,17.721139150838,16.2045978398159,2.37330146792151,1.69753695588224,17.575121735613,2.37330146792151,2.01272867588069,5,1.79175946922805,0.0646334226785359,5.1666889240696
1138,363.811584472656,3965.5,0.763490200042725,0.0329690280171882,0.0625358360991264,22.3882339053684,25.2241751171293,3.97310083434494,1.63343494281447,25.6354775322808,3.97310083434494,1.92488069771021,4,1.6094379124341,0.606013018757384,5.42758970225218
1095,265.234107971191,5846.95161290323,0.440696156583726,0.0207032007242198,0.177710859119497,21.2150697940566,24.378759139413,3.40696161018999,2.02076796257415,21.8650983119951,3.1502634762892,2.52296567775077,6,1.94591014905531,0.468129487109863,5.05259949319529
1438,561.873901367188,2093.5,2.86500024795532,0.175832413943926,0.417841457208741,4.75581496556606,9.160510635376,2.7786147585257,1.71250696932962,3.33638195461697,2.7786147585257,2.75055656461269,12.9999762962963,2.63905563649213,0.0154424779567307,4.63195290178886
1739,525.55371500651,3479.77272727273,0.592289805412293,0.00021444915427696,0.0618704362230124,27.6416337600863,24.9241544733144,2.95996904240598,2.04619082166769,26.250059805976,2.95996904240598,2.33495383910503,9,2.30258509299405,0.0779516256900161,5.15848042136024
1846,825.618208665114,5153.17307692308,2.17208153009415,0.0422552494405552,0.129102045781759,17.7132017518983,19.4050267757514,2.26465627447116,1.73627114361333,18.124459675846,2.03578963863163,1.90448328460788,5,1.79175946922805,0.229063630325315,5.72901694583474
1631,590.668518066406,4969.5,1.49780178070068,0.00668881359606033,0.0410660282117199,20.736136331866,20.4415887355804,2.80652666609439,1.77964624112971,22.1325770907932,2.80652666609439,2.16648073622924,5,1.79175946922805,0.534548747812901,5.60518913339296
1202,590.771088630922,3523.88709677419,1.57114962224037,0.00258537079890855,0.0453801206905123,26.1552116633316,28.8619928291219,1.71952318961914,0.562118869077161,28.3040531541284,0.822525815303797,0.38222304017132,13.9999762962963,2.70804862085405,0.0279040345224628,4.3836934942411
5495,536.714068130708,6465.95104895105,0.531213370427279,0.00590878119104863,0.194941672052993,22.2349247825514,24.1260222408322,2.64440838023549,1.66544872324487,23.7817006612806,2.50500700509224,1.78957647928806,9,2.30258509299405,0.596843273248195,6.30900877384368
1245,687.075551060268,2137.7,0.112323020185743,0.0162820470403322,0.0437590524903786,19.2101566642845,17.5910025356578,4.15886555439369,1.89681827372249,17.31167919825,4.15886555439369,2.62850920361718,4.0000237037037,1.6094426531636,0.0276945088448747,5.5174481557352
3113,636.468738756682,3051.09210526316,0.275298240839651,0.00251130202335422,0.0386427315736315,25.5511802004095,31.3438368412487,1.84035519509761,1.18990408627532,31.0206595839116,1.45215318971163,1.23915560699415,7,2.07944154167984,0.176299310106511,5.96390062876177
1696,741.809120327819,5503.1862745098,1.60108143091202,0.0179239155328543,0.0508809515775836,21.7040239879006,22.1367770927404,2.30634769272598,1.25181051211455,24.5548599475869,1.0581923144277,0.771084204477963,5,1.79175946922805,0.69367899184747,5.64426834712379
2018,147.716395423526,2576.19047619048,0.304236215494928,0.002137580349422,0.0058192509793126,23.0406774816793,20.5351033034925,4.41012651865075,2.36457287545453,23.7519727757369,2.35001106072057,1.61946404813682,10,2.39789527279837,0.569710770059361,5.21196692811518
6912,550.282707170759,4605.22727272727,0.63394848891667,0.00180378309925383,0.0830867997116449,23.5906164189821,25.8660048926548,2.75404745629937,1.82136115763408,23.9217754364014,2.70949257118421,1.58582699587115,11,2.484906649788,0.510917902818002,6.35610766069589
2490,487.864270019531,3743.80769230769,0.308196532726288,0.00815494935308737,0.0239463269191824,26.0080603199621,26.0980195363362,2.23485606118261,1.39097878120578,25.6264385908078,2.23485606118261,1.80951006067517,3,1.38629436111989,0.0812673229317835,6.43374362833886
8543,385.074047206257,4197.15789473684,0.568967783503595,0.00843935888712902,0.022328555995559,21.7338211029826,31.4255383701299,2.27524282721117,1.47897214692449,28.9739943290547,2.16481477630984,1.91096145701185,10.0000118518519,2.39789635023887,0.382635295522181,6.65497116291275
1996,252.563079833984,4583.5,0.563643395900726,0.0144953254380553,0.0497190198506701,19.8971804089016,21.7557534535726,5.78176663915337,3.65357243993688,23.5856505923801,3.2347486567123,1.84799047534198,6,1.94591014905531,0.379958359265705,5.6529903078161
15906,855.143655119432,3449.32518337408,1.43035893437332,0.00143559097284248,0.0895247874639804,25.0782686209168,27.0649101435399,2.54656081940611,1.11701733841932,25.3186298012831,2.54656081940611,1.55872039004949,15,2.77258872223978,0.983697851734551,6.9018629532773
2619,571.242584228516,2234.71212121212,0.156327552641883,0.0104028459372896,0.0165106608064309,23.5657338510006,20.3383546414584,4.4447889673769,2.22397427733041,22.7738074203132,2.57073879604196,2.09135655588545,20,3.04452243772342,0.614203366261062,4.82602540678429
2597,847.638622387035,5101.02739726027,1.8330367819683,0.0178756180156745,0.0627120403939392,21.3098059466705,22.678716431112,2.72359173703159,1.21032929814981,27.5350449055479,0.938300792817718,0.480400907585439,11,2.484906649788,0.055813909321902,5.37720556187475
1567,840.905579969618,4239.75555555556,1.36991916762458,0.0800574037295572,0.26021868728355,0.94884871388291,4.13244222926642,2.05665401476677,1.06205484884113,-0.136959735258017,2.00911880971901,1.46139949679683,20,3.04452243772342,0.325854877590272,4.3123958046326
1374,654.193596540179,6129.1,0.865152750696455,0.00509100928524709,0.128360455649641,21.0142554885231,21.2226233610343,2.85713955809805,1.02934369597597,19.6529928479876,1.9350715304811,1.10251281861275,8,2.19722457733622,0.94745036287478,5.02825689544608
1782,605.837868652344,4356.54,1.02316908359528,0.00359036972334437,0.0379007855397079,21.272384244037,22.6491202290853,2.39687284033275,1.72441084850933,24.2408579932319,1.71971593064709,1.2129825117675,6,1.94591014905531,0.056452114380659,5.53958145897544
1524,912.62309958718,7001.08139534884,1.13096016645432,0.0250539440710331,0.121139569213907,19.9637685948256,23.259814119955,2.0288706536317,1.08768029821093,23.8344350050893,1.18355496097989,0.747409808789293,9,2.30258509299405,0.114577323010615,5.02650864325255
7148,607.958280467024,6798.90862944162,0.774335396410239,0.0147138483891367,0.0569803829814366,21.5194018712348,24.0184433699865,2.86251039776852,1.8665324810496,23.9258647251721,2.66700774924412,2.29752552223644,6.9999762962963,2.07943857871248,0.179192680694736,6.79514929756684
5968,135.48365422299,5123.15131578947,0.219669145826054,0.00381737983711485,0.0716229000572856,22.6395716249977,23.007856492829,5.35106388369505,3.83427925367979,19.9643972051074,5.35106388369505,4.41953522929201,7,2.07944154167984,0.899802854235251,6.61472560020376
3134,951.860924574908,3244.21176470588,0.521904460822835,0.0132522644978832,0.0328787327373368,25.9963240188399,24.6618255690033,4.65656651315542,1.86627292312396,22.8548857071821,4.62727808087887,2.09573988065358,6,1.94591014905531,0.958827806444535,6.10415527386065
1481,633.021179199219,2333,0.0955287367105484,0.000997858469379054,0.00686850294755104,25.21603958376,17.9403785039508,4.82506369648146,2.61727873931948,18.8987528906929,4.54675479709151,3.42303718739583,18,2.94443897916644,0.135913520324667,4.35603383510136
1309,1115.56920396959,6431.69736842105,1.81361314090523,0.0452593670372723,0.112557796035823,16.4596427066892,16.1990785895135,3.2580446062299,1.48218825534715,21.2299346455356,1.64825522711407,1.08697536064138,11,2.484906649788,0.632581574394967,4.6921121161219
1009,424.450430297852,1570.275,1.18883176445961,0.00320422468931696,0.0100346168634708,27.7836486731636,29.4839935666038,2.00109895605171,1.44562015383685,30.2904840257433,1.58690867942738,1.28141908121265,4,1.6094379124341,0.316957892025196,5.30727710791951
3005,757.234825721154,3600.67532467532,0.946713071603041,0.00195518113409584,0.0810326737322954,20.3913231271019,28.1545297276808,2.41083511176089,1.36349575773356,26.8108232214682,2.41083511176089,1.8211987344347,6,1.94591014905531,0.904469654983514,6.06212269791399
3070,445.750732421875,3424.6875,0.625905275344849,0.000680989119703668,0.0210631565249088,25.7773425973871,24.5911574045818,1.94384718507591,1.28953856391612,22.9988416459826,1.4018257605428,1.22376004966192,6,1.94591014905531,0.405332163160425,6.08352269152593
5774,442.405125437219,3739.86688311688,0.486680954110389,0.000919440730934661,0.036605824454936,24.1611296210138,21.9169804015717,2.06274148838804,1.34024964916896,24.2611769622538,1.87898553227831,1.36404680429538,7,2.07944154167984,0.705703532618878,6.58167881854304
1610,3.06595373153687,6171.5,0.0348584428429604,0.0357467980823856,0.0391831746821083,24.7743322187855,24.8058440699723,3.64298919024742,1.19013139353254,25.4702163696289,1.51726339733321,1.03916345689225,19,2.99573227355399,0.217144386539527,4.38825718442452
1374,816.693603515625,5156.5,0.852921187877655,0.00263934848114289,0.123750216735704,21.8091594614009,22.0673450176533,3.2104055762318,1.71198988445522,25.7995548672147,2.02402775007385,1.42324965232177,10,2.39789527279837,0.942378203380902,4.82758619998392
2404,155.135883331299,4484.33333333333,0.776701216896375,0.00396534263832533,0.109091306360409,21.9990837704984,24.388364612695,4.346184760706,1.84187742603811,27.4584804727574,4.346184760706,2.42555940761571,5,1.79175946922805,0.463634395967042,5.99312982642704
1782,175.387042351489,3375.11538461538,0.37603252957452,0.00645505010171978,0.0172319951259864,21.806091347719,32.3118616170816,2.13322118998093,1.21940796885539,32.4038727523935,1.94178737305406,1.44304289740854,8,2.19722457733622,0.501297134689838,5.28826703069454
2640,788.867173044305,4625.19480519481,0.286824487541851,0.00830876813577799,0.101801332296522,24.7301824401634,19.2896319527488,3.71297665599832,2.32354191077197,19.7483458536873,3.22543964979731,1.79248190698432,10,2.39789527279837,0.366547625703417,5.48063892334199
4572,239.644088745117,6211.16666666667,0.831608831882477,0.00344830190013094,0.0270744224976127,18.5193435739588,17.1404578803951,2.63478672303979,1.73034295406202,19.7758245538782,2.58118048817103,1.29540934736991,10,2.39789527279837,0.337710087926684,6.02981075211633
13845,861.734209050359,2598.25741239892,0.165628785317814,0.00930269358245743,0.0482077234692763,20.6458926823963,15.5503593529019,4.47036632236426,2.13451013679008,21.6075595012572,2.10338024113636,1.61805711362962,20,3.04452243772342,0.528230942082468,6.49115699788164
1052,847.148071289062,5318,0.330426096916199,0.0273507894087857,0.0625880596432928,14.710545094808,11.9866698855446,3.92386831238491,1.35113554693316,11.8380941179063,3.19659147296187,1.66467523527671,11,2.484906649788,0.716962681581647,4.47354174350965
1631,452.312807667012,6683.14,0.82327057512439,0.0193444890072733,0.074499550793774,21.0522750838085,22.8247424672444,3.0483116079522,2.27222649520303,21.1880143398709,2.84962777611654,2.51062477954946,7,2.07944154167984,0.974593786798761,5.31750706094118
1374,115.871806897615,5166,0.223428192891573,0.00631525100182916,0.0448110034685111,20.4578903576276,24.9729185033182,5.37026479446333,3.15330748163813,22.0465424993017,5.37026479446333,4.19584464587185,4,1.6094379124341,0.434801514027112,5.61604356034819
2748,316.280269675059,3009.8698630137,0.108506216374162,0.00624825117814925,0.0145878790495499,22.4295236886171,17.7848016803729,4.16580090592895,2.75962152952492,19.1225776399471,3.95240736901609,2.95986521423135,6,1.94591014905531,0.130328691537646,5.97271850428693
7513,656.886039324505,5505.33170731707,0.960685415965755,0.0198688682894627,0.108853410158439,20.7240956644359,22.2468231314151,2.75075715356245,1.43862400233049,19.5774790177178,2.75075715356245,2.19641459474971,11,2.484906649788,0.749173602768365,6.43948348258116
1224,497.589630126953,3883.97142857143,1.08250348908561,0.0229080654334992,0.0911094711179611,23.3236849697052,24.997871095307,2.73410465633313,1.83526318507022,27.2833713955349,2.06668240730967,1.21299000955435,4,1.6094379124341,0.852729373651517,5.50044155063817
3327,7.57227794429924,5681.51265822785,0.091745803816409,0.0152857405967245,0.0154438122923622,26.0331560393199,22.7907978319417,4.29360213295034,1.71198012493749,26.2375770112801,1.69345913954749,1.10080890095287,21,3.09104245335832,0.465158642230054,5.01878382266016
1309,803.295271439986,5540.72727272727,0.899143912575462,0.0322500359570634,0.0753765070184491,19.2024118419112,19.8926435888015,2.15500475767706,0.967088068895951,18.9055239462291,2.15263034557211,0.858007192291321,6,1.94591014905531,0.35112333198293,5.23110861685459
1417,1450.7469156901,5551.2,0.832716981569926,0.00307815001498047,0.0678545582278971,21.4121906732631,23.2498603215294,5.97688039834253,3.42145567794894,24.2347790329545,5.97688039834253,4.43651893469753,4,1.6094379124341,0.144544740911844,5.64685932725658
2168,501.726257324219,7680.5,0.904448330402374,0.00279091779668761,0.231156477929712,21.6904136165496,22.5810798645019,4.29871445735816,1.78987296554047,24.6455549028184,4.29871445735816,3.39109986558492,7,2.07944154167984,0.170685870091822,5.6021188208797
